-- phpMyAdmin SQL Dump
-- version 4.6.4
-- https://www.phpmyadmin.net/
--
-- Host: localhost
-- Generation Time: Oct 26, 2016 at 07:00 PM
-- Server version: 5.7.12-0ubuntu1.1
-- PHP Version: 7.0.8-2+deb.sury.org~xenial+1

SET SQL_MODE = "NO_AUTO_VALUE_ON_ZERO";
SET time_zone = "+00:00";


/*!40101 SET @OLD_CHARACTER_SET_CLIENT=@@CHARACTER_SET_CLIENT */;
/*!40101 SET @OLD_CHARACTER_SET_RESULTS=@@CHARACTER_SET_RESULTS */;
/*!40101 SET @OLD_COLLATION_CONNECTION=@@COLLATION_CONNECTION */;
/*!40101 SET NAMES utf8mb4 */;

--
-- Database: `iceland_test`
--

-- --------------------------------------------------------

--
-- Table structure for table `bank_type`
--

CREATE TABLE `bank_type` (
  `id` int(10) UNSIGNED NOT NULL,
  `site_id` int(10) UNSIGNED NOT NULL,
  `name` varchar(255) DEFAULT NULL,
  `slug` varchar(255) DEFAULT NULL,
  `created_at` timestamp NULL DEFAULT NULL,
  `updated_at` timestamp NULL DEFAULT NULL
) ENGINE=InnoDB DEFAULT CHARSET=utf8;

--
-- Dumping data for table `bank_type`
--

INSERT INTO `bank_type` (`id`, `site_id`, `name`, `slug`, `created_at`, `updated_at`) VALUES
(1, 5900, 'AKBANK', 'akbank', NULL, NULL),
(2, 5900, 'İŞ BANKASI', 'isbank', NULL, NULL),
(3, 5900, 'GARANTİ', 'garanti', NULL, NULL),
(4, 5900, 'ZİRAAT', 'ziraat', NULL, NULL),
(5, 5900, 'DENİZBANK', 'denizbank', NULL, NULL),
(6, 5900, 'YAPI KREDİ', 'yapikredi', NULL, NULL),
(7, 5900, 'ING BANK', 'ingbank', NULL, NULL),
(8, 5900, 'HALK BANK', 'halkbank', NULL, NULL),
(9, 5900, 'TEB', 'teb', NULL, NULL),
(10, 5900, 'VAKIFBANK', 'vakifbank', NULL, NULL),
(11, 5900, 'HSBC BANKASI', 'hsbc', NULL, NULL),
(12, 5900, 'FİNANSBANK', 'finansbank', NULL, NULL),
(13, 5900, 'ŞEKERBANK', 'sekerbank', NULL, NULL),
(14, 6666, 'AKBANK', 'akbank', NULL, NULL),
(15, 6666, 'İŞ BANKASI', 'isbank', NULL, NULL),
(16, 6666, 'GARANTİ', 'garanti', NULL, NULL),
(17, 6666, 'ZİRAAT', 'ziraat', NULL, NULL),
(18, 6666, 'DENİZBANK', 'denizbank', NULL, NULL),
(19, 6666, 'YAPI KREDİ', 'yapikredi', NULL, NULL),
(20, 6666, 'ING BANK', 'ingbank', NULL, NULL),
(21, 6666, 'HALK BANK', 'halkbank', NULL, NULL),
(22, 6666, 'TEB', 'teb', NULL, NULL),
(23, 6666, 'VAKIFBANK', 'vakifbank', NULL, NULL),
(24, 6666, 'HSBC BANKASI', 'hsbc', NULL, NULL),
(25, 6666, 'FİNANSBANK', 'finansbank', NULL, NULL),
(26, 6666, 'ŞEKERBANK', 'sekerbank', NULL, NULL),
(27, 7777, 'AKBANK', 'akbank', NULL, NULL),
(28, 7777, 'İŞ BANKASI', 'isbank', NULL, NULL),
(29, 7777, 'GARANTİ', 'garanti', NULL, NULL),
(30, 7777, 'ZİRAAT', 'ziraat', NULL, NULL),
(31, 7777, 'DENİZBANK', 'denizbank', NULL, NULL),
(32, 7777, 'YAPI KREDİ', 'yapikredi', NULL, NULL),
(33, 7777, 'ING BANK', 'ingbank', NULL, NULL),
(34, 7777, 'HALK BANK', 'halkbank', NULL, NULL),
(35, 7777, 'TEB', 'teb', NULL, NULL),
(36, 7777, 'VAKIFBANK', 'vakifbank', NULL, NULL),
(37, 7777, 'HSBC BANKASI', 'hsbc', NULL, NULL),
(38, 7777, 'FİNANSBANK', 'finansbank', NULL, NULL),
(39, 7777, 'ŞEKERBANK', 'sekerbank', NULL, NULL),
(40, 9999, 'AKBANK', 'akbank', NULL, NULL),
(41, 9999, 'İŞ BANKASI', 'isbank', NULL, NULL),
(42, 9999, 'GARANTİ', 'garanti', NULL, NULL),
(43, 9999, 'ZİRAAT', 'ziraat', NULL, NULL),
(44, 9999, 'DENİZBANK', 'denizbank', NULL, NULL),
(45, 9999, 'YAPI KREDİ', 'yapikredi', NULL, NULL),
(46, 9999, 'ING BANK', 'ingbank', NULL, NULL),
(47, 9999, 'HALK BANK', 'halkbank', NULL, NULL),
(48, 9999, 'TEB', 'teb', NULL, NULL),
(49, 9999, 'VAKIFBANK', 'vakifbank', NULL, NULL),
(50, 9999, 'HSBC BANKASI', 'hsbc', NULL, NULL),
(51, 9999, 'FİNANSBANK', 'finansbank', NULL, NULL),
(52, 9999, 'ŞEKERBANK', 'sekerbank', NULL, NULL);

-- --------------------------------------------------------

--
-- Table structure for table `bet_clear_result`
--

CREATE TABLE `bet_clear_result` (
  `id` int(10) UNSIGNED NOT NULL,
  `eventID` int(11) NOT NULL,
  `detail` longtext NOT NULL,
  `type` enum('live','prelive') NOT NULL,
  `cleartype` enum('normal','rollback') DEFAULT NULL,
  `is_set` enum('no','yes') NOT NULL DEFAULT 'no',
  `created_at` timestamp NOT NULL DEFAULT '0000-00-00 00:00:00',
  `updated_at` timestamp NOT NULL DEFAULT '0000-00-00 00:00:00'
) ENGINE=InnoDB DEFAULT CHARSET=utf8;

-- --------------------------------------------------------

--
-- Table structure for table `blacklist`
--

CREATE TABLE `blacklist` (
  `id` int(10) UNSIGNED NOT NULL,
  `site_id` int(10) UNSIGNED NOT NULL,
  `user_id` int(10) UNSIGNED DEFAULT NULL,
  `doer_id` int(10) UNSIGNED NOT NULL,
  `value` varchar(255) NOT NULL,
  `note` longtext,
  `created_at` timestamp NULL DEFAULT NULL,
  `updated_at` timestamp NULL DEFAULT NULL
) ENGINE=InnoDB DEFAULT CHARSET=utf8;

-- --------------------------------------------------------

--
-- Table structure for table `bonus_history`
--

CREATE TABLE `bonus_history` (
  `id` int(10) UNSIGNED NOT NULL,
  `site_id` int(10) UNSIGNED NOT NULL,
  `user_id` int(10) UNSIGNED NOT NULL,
  `doer_id` int(10) UNSIGNED NOT NULL,
  `bonus_id` int(10) UNSIGNED NOT NULL,
  `transaction_id` int(10) UNSIGNED DEFAULT NULL,
  `bonus_amount` decimal(65,2) NOT NULL,
  `main_amount` decimal(65,2) NOT NULL,
  `wagering_amount` decimal(65,2) NOT NULL,
  `rolled_amount` decimal(65,2) NOT NULL,
  `won_amount` decimal(65,2) NOT NULL,
  `note` varchar(255) DEFAULT NULL,
  `old_status` enum('active','waiting','disable','closed_auto','closed_rollover','closed_manual','cancelled') DEFAULT NULL,
  `status` enum('active','waiting','disable','closed_auto','closed_rollover','closed_manual','cancelled') NOT NULL,
  `created_at` timestamp NULL DEFAULT NULL,
  `updated_at` timestamp NULL DEFAULT NULL
) ENGINE=InnoDB DEFAULT CHARSET=utf8;

-- --------------------------------------------------------

--
-- Table structure for table `bonus_setting`
--

CREATE TABLE `bonus_setting` (
  `id` int(10) UNSIGNED NOT NULL,
  `site_id` int(10) UNSIGNED NOT NULL,
  `name` varchar(255) NOT NULL,
  `rate` decimal(65,2) NOT NULL,
  `start_date` datetime NOT NULL,
  `stop_date` datetime NOT NULL,
  `min_total_odds` decimal(65,2) NOT NULL,
  `min_odds` decimal(65,2) NOT NULL,
  `min_event` int(11) NOT NULL,
  `max_event` int(11) NOT NULL,
  `min_winning` decimal(65,2) NOT NULL,
  `max_winning` decimal(65,2) NOT NULL,
  `wagering` decimal(65,2) NOT NULL,
  `time_to_wager` int(11) NOT NULL,
  `min_bonus` decimal(65,2) NOT NULL,
  `max_bonus` decimal(65,2) NOT NULL,
  `max_bonus_oneday` decimal(65,2) NOT NULL,
  `currency` varchar(255) NOT NULL,
  `money_transaction_types` varchar(255) NOT NULL,
  `included_countries` text NOT NULL,
  `time` enum('one_time','all_time','every_day','every_monday','every_tuesday','every_wednesday','every_thursday','every_friday','every_saturday','every_sunday','every_month') NOT NULL,
  `type` enum('sportsbook','casino','livecasino','poker','virtualgames','free') NOT NULL,
  `model` enum('welcome','deposit','discount','rakeback','freespin','combine','special','free') NOT NULL,
  `withdraw_bonus_end` enum('yes','no') NOT NULL,
  `platform` varchar(100) NOT NULL,
  `status` enum('active','passive') NOT NULL,
  `created_at` timestamp NULL DEFAULT NULL,
  `updated_at` timestamp NULL DEFAULT NULL
) ENGINE=InnoDB DEFAULT CHARSET=utf8;

-- --------------------------------------------------------

--
-- Table structure for table `casino_category`
--

CREATE TABLE `casino_category` (
  `id` int(10) UNSIGNED NOT NULL,
  `site_id` int(10) UNSIGNED NOT NULL,
  `locale` varchar(255) DEFAULT NULL,
  `slug` varchar(255) DEFAULT NULL,
  `created_at` timestamp NULL DEFAULT NULL,
  `updated_at` timestamp NULL DEFAULT NULL
) ENGINE=InnoDB DEFAULT CHARSET=utf8;

--
-- Dumping data for table `casino_category`
--

INSERT INTO `casino_category` (`id`, `site_id`, `locale`, `slug`, `created_at`, `updated_at`) VALUES
(1, 5900, '{"tr_TR":"Video Slotları","en_US":"Video Slots"}', 'video-slots', NULL, NULL),
(2, 5900, '{"tr_TR":"Masa Oyunları","en_US":"Table Games"}', 'table-games', NULL, NULL),
(3, 5900, '{"tr_TR":"Video Poker","en_US":"Video Poker"}', 'video-poker', NULL, NULL),
(4, 5900, '{"tr_TR":"Canlı Casino","en_US":"Live Casino"}', 'livecasino', NULL, NULL),
(5, 5900, '{"tr_TR":"Sanal Oyunlar","en_US":"Virtual Games"}', 'virtual-games', NULL, NULL),
(6, 5900, '{"tr_TR":"Kazı Kazan","en_US":"Scratch Cards"}', 'scratch-cards', NULL, NULL),
(7, 6666, '{"tr_TR":"Video Slotları","en_US":"Video Slots"}', 'video-slots', NULL, NULL),
(8, 6666, '{"tr_TR":"Masa Oyunları","en_US":"Table Games"}', 'table-games', NULL, NULL),
(9, 6666, '{"tr_TR":"Video Poker","en_US":"Video Poker"}', 'video-poker', NULL, NULL),
(10, 6666, '{"tr_TR":"Canlı Casino","en_US":"Live Casino"}', 'livecasino', NULL, NULL),
(11, 6666, '{"tr_TR":"Sanal Oyunlar","en_US":"Virtual Games"}', 'virtual-games', NULL, NULL),
(12, 6666, '{"tr_TR":"Kazı Kazan","en_US":"Scratch Cards"}', 'scratch-cards', NULL, NULL),
(13, 7777, '{"tr_TR":"Video Slotları","en_US":"Video Slots"}', 'video-slots', NULL, NULL),
(14, 7777, '{"tr_TR":"Masa Oyunları","en_US":"Table Games"}', 'table-games', NULL, NULL),
(15, 7777, '{"tr_TR":"Video Poker","en_US":"Video Poker"}', 'video-poker', NULL, NULL),
(16, 7777, '{"tr_TR":"Canlı Casino","en_US":"Live Casino"}', 'livecasino', NULL, NULL),
(17, 7777, '{"tr_TR":"Sanal Oyunlar","en_US":"Virtual Games"}', 'virtual-games', NULL, NULL),
(18, 7777, '{"tr_TR":"Kazı Kazan","en_US":"Scratch Cards"}', 'scratch-cards', NULL, NULL),
(19, 9999, '{"tr_TR":"Video Slotları","en_US":"Video Slots"}', 'video-slots', NULL, NULL),
(20, 9999, '{"tr_TR":"Masa Oyunları","en_US":"Table Games"}', 'table-games', NULL, NULL),
(21, 9999, '{"tr_TR":"Video Poker","en_US":"Video Poker"}', 'video-poker', NULL, NULL),
(22, 9999, '{"tr_TR":"Canlı Casino","en_US":"Live Casino"}', 'livecasino', NULL, NULL),
(23, 9999, '{"tr_TR":"Sanal Oyunlar","en_US":"Virtual Games"}', 'virtual-games', NULL, NULL),
(24, 9999, '{"tr_TR":"Kazı Kazan","en_US":"Scratch Cards"}', 'scratch-cards', NULL, NULL);

-- --------------------------------------------------------

--
-- Table structure for table `casino_game`
--

CREATE TABLE `casino_game` (
  `id` int(10) UNSIGNED NOT NULL,
  `site_id` int(10) UNSIGNED NOT NULL,
  `category_id` int(10) UNSIGNED NOT NULL,
  `casino_provider_id` int(10) UNSIGNED NOT NULL,
  `provider_game_id` varchar(255) DEFAULT NULL,
  `name` varchar(255) DEFAULT NULL,
  `thumbnail_url` varchar(255) DEFAULT NULL,
  `thumbnail` varchar(255) DEFAULT NULL,
  `photo_url` varchar(255) DEFAULT NULL,
  `photo` varchar(255) DEFAULT NULL,
  `type` varchar(255) NOT NULL,
  `subcategory` varchar(255) NOT NULL,
  `details` varchar(255) NOT NULL,
  `new` varchar(255) NOT NULL,
  `system` varchar(255) NOT NULL,
  `position` varchar(255) NOT NULL,
  `category` varchar(255) NOT NULL,
  `mobile` tinyint(4) NOT NULL,
  `play_for_fun_supported` tinyint(4) NOT NULL,
  `bonus_roll_percent` int(10) UNSIGNED NOT NULL DEFAULT '100',
  `status` enum('active','passive') NOT NULL,
  `created_at` timestamp NULL DEFAULT NULL,
  `updated_at` timestamp NULL DEFAULT NULL
) ENGINE=InnoDB DEFAULT CHARSET=utf8;

--
-- Dumping data for table `casino_game`
--

INSERT INTO `casino_game` (`id`, `site_id`, `category_id`, `casino_provider_id`, `provider_game_id`, `name`, `thumbnail_url`, `thumbnail`, `photo_url`, `photo`, `type`, `subcategory`, `details`, `new`, `system`, `position`, `category`, `mobile`, `play_for_fun_supported`, `bonus_roll_percent`, `status`, `created_at`, `updated_at`) VALUES
(1, 9999, 19, 24, '1001', ' Virtual Soccer           ', '', NULL, '', NULL, 'video-slots', '', '', '', '1x2', '', '', 0, 1, 100, 'active', '2016-10-06 13:27:12', '2016-10-06 13:27:12'),
(2, 9999, 19, 24, '1002', ' Race The Ace             ', '', NULL, '', NULL, 'video-slots', '', '', '', '1x2', '', '', 0, 0, 100, 'active', '2016-10-06 13:27:12', '2016-10-06 13:27:12'),
(3, 9999, 19, 24, '1003', ' Penalty Shootout         ', '', NULL, '', NULL, 'video-slots', '', '', '', '1x2', '', '', 0, 0, 100, 'active', '2016-10-06 13:27:12', '2016-10-06 13:27:12'),
(4, 9999, 19, 24, '1004', ' Keno                     ', '', NULL, '', NULL, 'video-slots', '', '', '', '1x2', '', '', 0, 0, 100, 'active', '2016-10-06 13:27:12', '2016-10-06 13:27:12'),
(5, 9999, 19, 24, '1005', ' Bingo Classic            ', '', NULL, '', NULL, 'video-slots', '', '', '', '1x2', '', '', 0, 0, 100, 'active', '2016-10-06 13:27:12', '2016-10-06 13:27:12'),
(6, 9999, 19, 24, '1006', ' Six Shooter              ', '', NULL, '', NULL, 'video-slots', '', '', '', '1x2', '', '', 0, 1, 100, 'active', '2016-10-06 13:27:12', '2016-10-06 13:27:12'),
(7, 9999, 19, 24, '1007', ' Keno Lab                 ', '', NULL, '', NULL, 'video-slots', '', '', '', '1x2', '', '', 0, 0, 100, 'active', '2016-10-06 13:27:12', '2016-10-06 13:27:12'),
(8, 9999, 19, 24, '1008', ' Touchdown                ', '', NULL, '', NULL, 'video-slots', '', '', '', '1x2', '', '', 0, 0, 100, 'active', '2016-10-06 13:27:12', '2016-10-06 13:27:12'),
(9, 9999, 19, 24, '1009', ' Virtual World Cup        ', '', NULL, '', NULL, 'video-slots', '', '', '', '1x2', '', '', 0, 1, 100, 'active', '2016-10-06 13:27:12', '2016-10-06 13:27:12'),
(10, 9999, 19, 24, '1010', ' Poker Dice               ', '', NULL, '', NULL, 'video-slots', '', '', '', '1x2', '', '', 0, 1, 100, 'active', '2016-10-06 13:27:12', '2016-10-06 13:27:12'),
(11, 9999, 19, 24, '1011', ' Sharp Shooter            ', '', NULL, '', NULL, 'video-slots', '', '', '', '1x2', '', '', 0, 1, 100, 'active', '2016-10-06 13:27:12', '2016-10-06 13:27:12'),
(12, 9999, 19, 24, '1012', ' Treasure Tomb            ', '', NULL, '', NULL, 'video-slots', '', '', '', '1x2', '', '', 0, 0, 100, 'active', '2016-10-06 13:27:12', '2016-10-06 13:27:12'),
(13, 9999, 19, 24, '1013', ' Virtual Champions        ', '', NULL, '', NULL, 'video-slots', '', '', '', '1x2', '', '', 0, 1, 100, 'active', '2016-10-06 13:27:12', '2016-10-06 13:27:12'),
(14, 9999, 19, 24, '1014', ' Blackjack Players Choice ', '', NULL, '', NULL, 'video-slots', '', '', '', '1x2', '', '', 0, 1, 100, 'active', '2016-10-06 13:27:12', '2016-10-06 13:27:12'),
(15, 9999, 19, 24, '1016', ' Darts 180                ', '', NULL, '', NULL, 'video-slots', '', '', '', '1x2', '', '', 0, 1, 100, 'active', '2016-10-06 13:27:12', '2016-10-06 13:27:12'),
(16, 9999, 19, 24, '1017', ' Rally HiLo               ', '', NULL, '', NULL, 'video-slots', '', '', '', '1x2', '', '', 0, 0, 100, 'active', '2016-10-06 13:27:12', '2016-10-06 13:27:12'),
(17, 9999, 19, 24, '1019', ' Jackpot Keno             ', '', NULL, '', NULL, 'video-slots', '', '', '', '1x2', '', '', 0, 0, 100, 'active', '2016-10-06 13:27:12', '2016-10-06 13:27:12'),
(18, 9999, 19, 24, '1020', ' Kenotronic               ', '', NULL, '', NULL, 'video-slots', '', '', '', '1x2', '', '', 0, 0, 100, 'active', '2016-10-06 13:27:12', '2016-10-06 13:27:12'),
(19, 9999, 19, 24, '1021', ' Keno Kick Off            ', '', NULL, '', NULL, 'video-slots', '', '', '', '1x2', '', '', 0, 0, 100, 'active', '2016-10-06 13:27:12', '2016-10-06 13:27:12'),
(20, 9999, 19, 24, '1022', ' Rugby Riches             ', '', NULL, '', NULL, 'video-slots', '', '', '', '1x2', '', '', 0, 0, 100, 'active', '2016-10-06 13:27:12', '2016-10-06 13:27:12'),
(21, 9999, 19, 24, '1023', ' Scratch Soccer           ', '', NULL, '', NULL, 'video-slots', '', '', '', '1x2', '', '', 0, 0, 100, 'active', '2016-10-06 13:27:12', '2016-10-06 13:27:12'),
(22, 9999, 19, 24, '1024', ' Grand Prix Gold          ', '', NULL, '', NULL, 'video-slots', '', '', '', '1x2', '', '', 0, 0, 100, 'active', '2016-10-06 13:27:12', '2016-10-06 13:27:12'),
(23, 9999, 19, 24, '1025', ' Go For Gold              ', '', NULL, '', NULL, 'video-slots', '', '', '', '1x2', '', '', 0, 0, 100, 'active', '2016-10-06 13:27:12', '2016-10-06 13:27:12'),
(24, 9999, 19, 24, '1026', ' Off Scratch              ', '', NULL, '', NULL, 'video-slots', '', '', '', '1x2', '', '', 0, 0, 100, 'active', '2016-10-06 13:27:12', '2016-10-06 13:27:12'),
(25, 9999, 19, 24, '1028', ' European Roulette        ', '', NULL, '', NULL, 'video-slots', '', '', '', '1x2', '', '', 0, 1, 100, 'active', '2016-10-06 13:27:12', '2016-10-06 13:27:12'),
(26, 9999, 19, 24, '1030', ' Odd One In               ', '', NULL, '', NULL, 'video-slots', '', '', '', '1x2', '', '', 0, 1, 100, 'active', '2016-10-06 13:27:12', '2016-10-06 13:27:12'),
(27, 9999, 19, 24, '1031', ' Virtual Legends          ', '', NULL, '', NULL, 'video-slots', '', '', '', '1x2', '', '', 0, 0, 100, 'active', '2016-10-06 13:27:12', '2016-10-06 13:27:12'),
(28, 9999, 19, 24, '1033', ' Virtual African Cup      ', '', NULL, '', NULL, 'video-slots', '', '', '', '1x2', '', '', 0, 0, 100, 'active', '2016-10-06 13:27:12', '2016-10-06 13:27:12'),
(29, 9999, 19, 24, '1034', ' Astro Roulette           ', '', NULL, '', NULL, 'video-slots', '', '', '', '1x2', '', '', 0, 1, 100, 'active', '2016-10-06 13:27:12', '2016-10-06 13:27:12'),
(30, 9999, 19, 24, '1035', ' Downtown                 ', '', NULL, '', NULL, 'video-slots', '', '', '', '1x2', '', '', 0, 1, 100, 'active', '2016-10-06 13:27:12', '2016-10-06 13:27:12'),
(31, 9999, 19, 24, '1036', ' Classic Fruit            ', '', NULL, '', NULL, 'video-slots', '', '', '', '1x2', '', '', 0, 1, 100, 'active', '2016-10-06 13:27:12', '2016-10-06 13:27:12'),
(32, 9999, 19, 24, '1037', ' Treasure of the Pyramids ', '', NULL, '', NULL, 'video-slots', '', '', '', '1x2', '', '', 0, 1, 100, 'active', '2016-10-06 13:27:12', '2016-10-06 13:27:12'),
(33, 9999, 19, 24, '1038', ' Halloween Horrors        ', '', NULL, '', NULL, 'video-slots', '', '', '', '1x2', '', '', 0, 1, 100, 'active', '2016-10-06 13:27:12', '2016-10-06 13:27:12'),
(34, 9999, 19, 24, '1039', ' 10s or Better            ', '', NULL, '', NULL, 'video-slots', '', '', '', '1x2', '', '', 0, 0, 100, 'active', '2016-10-06 13:27:12', '2016-10-06 13:27:12'),
(35, 9999, 19, 24, '1040', ' Chinese Roulette         ', '', NULL, '', NULL, 'video-slots', '', '', '', '1x2', '', '', 0, 0, 100, 'active', '2016-10-06 13:27:12', '2016-10-06 13:27:12'),
(36, 9999, 19, 24, '1041', ' Kick A$$                 ', '', NULL, '', NULL, 'video-slots', '', '', '', '1x2', '', '', 0, 0, 100, 'active', '2016-10-06 13:27:12', '2016-10-06 13:27:12'),
(37, 9999, 19, 24, '1042', ' Under The Sea            ', '', NULL, '', NULL, 'video-slots', '', '', '', '1x2', '', '', 0, 0, 100, 'active', '2016-10-06 13:27:12', '2016-10-06 13:27:12'),
(38, 9999, 19, 24, '1043', ' Casino Wars              ', '', NULL, '', NULL, 'video-slots', '', '', '', '1x2', '', '', 0, 0, 100, 'active', '2016-10-06 13:27:12', '2016-10-06 13:27:12'),
(39, 9999, 19, 24, '1044', ' Three Card Poker         ', '', NULL, '', NULL, 'video-slots', '', '', '', '1x2', '', '', 0, 0, 100, 'active', '2016-10-06 13:27:12', '2016-10-06 13:27:12'),
(40, 9999, 19, 24, '1045', ' Caribbean Stud Poker     ', '', NULL, '', NULL, 'video-slots', '', '', '', '1x2', '', '', 0, 0, 100, 'active', '2016-10-06 13:27:12', '2016-10-06 13:27:12'),
(41, 9999, 19, 24, '1046', ' TXS Hold\'em              ', '', NULL, '', NULL, 'video-slots', '', '', '', '1x2', '', '', 0, 0, 100, 'active', '2016-10-06 13:27:12', '2016-10-06 13:27:12'),
(42, 9999, 19, 24, '1047', ' Baccarat                 ', '', NULL, '', NULL, 'video-slots', '', '', '', '1x2', '', '', 0, 1, 100, 'active', '2016-10-06 13:27:12', '2016-10-06 13:27:12'),
(43, 9999, 19, 24, '1048', ' Blackjack                ', '', NULL, '', NULL, 'video-slots', '', '', '', '1x2', '', '', 0, 1, 100, 'active', '2016-10-06 13:27:12', '2016-10-06 13:27:12'),
(44, 9999, 19, 24, '1049', ' Sic-Bo                   ', '', NULL, '', NULL, 'video-slots', '', '', '', '1x2', '', '', 0, 1, 100, 'active', '2016-10-06 13:27:12', '2016-10-06 13:27:12'),
(45, 9999, 19, 24, '1050', ' Virtual Rugby            ', '', NULL, '', NULL, 'video-slots', '', '', '', '1x2', '', '', 0, 0, 100, 'active', '2016-10-06 13:27:12', '2016-10-06 13:27:12'),
(46, 9999, 19, 24, '1051', ' Craps                    ', '', NULL, '', NULL, 'video-slots', '', '', '', '1x2', '', '', 0, 0, 100, 'active', '2016-10-06 13:27:12', '2016-10-06 13:27:12'),
(47, 9999, 19, 24, '1053', ' Yule be Rich             ', '', NULL, '', NULL, 'video-slots', '', '', '', '1x2', '', '', 0, 1, 100, 'active', '2016-10-06 13:27:12', '2016-10-06 13:27:12'),
(48, 9999, 19, 24, '1054', ' Roboslots                ', '', NULL, '', NULL, 'video-slots', '', '', '', '1x2', '', '', 0, 0, 100, 'active', '2016-10-06 13:27:12', '2016-10-06 13:27:12'),
(49, 9999, 19, 24, '1059', ' Celebrity Jungle         ', '', NULL, '', NULL, 'video-slots', '', '', '', '1x2', '', '', 0, 0, 100, 'active', '2016-10-06 13:27:12', '2016-10-06 13:27:12'),
(50, 9999, 19, 24, '1060', ' Virtual Euro Legends     ', '', NULL, '', NULL, 'video-slots', '', '', '', '1x2', '', '', 0, 0, 100, 'active', '2016-10-06 13:27:12', '2016-10-06 13:27:12'),
(51, 9999, 19, 24, '1061', ' Kitty Cash               ', '', NULL, '', NULL, 'video-slots', '', '', '', '1x2', '', '', 0, 1, 100, 'active', '2016-10-06 13:27:12', '2016-10-06 13:27:12'),
(52, 9999, 19, 24, '1062', ' Piggy Bank               ', '', NULL, '', NULL, 'video-slots', '', '', '', '1x2', '', '', 0, 0, 100, 'active', '2016-10-06 13:27:12', '2016-10-06 13:27:12'),
(53, 9999, 19, 24, '1064', ' Blood Bank               ', '', NULL, '', NULL, 'video-slots', '', '', '', '1x2', '', '', 0, 1, 100, 'active', '2016-10-06 13:27:12', '2016-10-06 13:27:12'),
(54, 9999, 19, 24, '1068', ' Lucky Stars              ', '', NULL, '', NULL, 'video-slots', '', '', '', '1x2', '', '', 0, 0, 100, 'active', '2016-10-06 13:27:12', '2016-10-06 13:27:12'),
(55, 9999, 19, 24, '1074', ' Red Queen Blackjack      ', '', NULL, '', NULL, 'video-slots', '', '', '', '1x2', '', '', 0, 1, 100, 'active', '2016-10-06 13:27:12', '2016-10-06 13:27:12'),
(56, 9999, 19, 24, '1075', ' Blackjack Bonus          ', '', NULL, '', NULL, 'video-slots', '', '', '', '1x2', '', '', 0, 1, 100, 'active', '2016-10-06 13:27:12', '2016-10-06 13:27:12'),
(57, 9999, 19, 24, '1077', ' Caribbean Cashpot        ', '', NULL, '', NULL, 'video-slots', '', '', '', '1x2', '', '', 0, 0, 100, 'active', '2016-10-06 13:27:12', '2016-10-06 13:27:12'),
(58, 9999, 19, 24, '1078', ' Soccer Slots             ', '', NULL, '', NULL, 'video-slots', '', '', '', '1x2', '', '', 0, 0, 100, 'active', '2016-10-06 13:27:12', '2016-10-06 13:27:12'),
(59, 9999, 19, 24, '1079', ' Jacks or Better          ', '', NULL, '', NULL, 'video-slots', '', '', '', '1x2', '', '', 0, 0, 100, 'active', '2016-10-06 13:27:12', '2016-10-06 13:27:12'),
(60, 9999, 19, 24, '1080', ' All American             ', '', NULL, '', NULL, 'video-slots', '', '', '', '1x2', '', '', 0, 0, 100, 'active', '2016-10-06 13:27:12', '2016-10-06 13:27:12'),
(61, 9999, 19, 24, '1081', ' Alice and the Red Queen  ', '', NULL, '', NULL, 'video-slots', '', '', '', '1x2', '', '', 0, 0, 100, 'active', '2016-10-06 13:27:12', '2016-10-06 13:27:12'),
(62, 9999, 19, 24, '1082', ' Jackpot 3x3              ', '', NULL, '', NULL, 'video-slots', '', '', '', '1x2', '', '', 0, 1, 100, 'active', '2016-10-06 13:27:12', '2016-10-06 13:27:12'),
(63, 9999, 19, 24, '1083', ' Gingerbread Joy          ', '', NULL, '', NULL, 'video-slots', '', '', '', '1x2', '', '', 0, 0, 100, 'active', '2016-10-06 13:27:12', '2016-10-06 13:27:12'),
(64, 9999, 19, 24, '1084', ' Mamma Mia 2D             ', '', NULL, '', NULL, 'video-slots', '', '', '', '1x2', '', '', 0, 0, 100, 'active', '2016-10-06 13:27:12', '2016-10-06 13:27:12'),
(65, 9999, 19, 24, '1085', ' Puppy Payday             ', '', NULL, '', NULL, 'video-slots', '', '', '', '1x2', '', '', 0, 1, 100, 'active', '2016-10-06 13:27:12', '2016-10-06 13:27:12'),
(66, 9999, 19, 24, '1086', ' Charming Lady Luck       ', '', NULL, '', NULL, 'video-slots', '', '', '', '1x2', '', '', 0, 0, 100, 'active', '2016-10-06 13:27:12', '2016-10-06 13:27:12'),
(67, 9999, 19, 24, '1091', ' Super Fruit 7            ', '', NULL, '', NULL, 'video-slots', '', '', '', '1x2', '', '', 0, 0, 100, 'active', '2016-10-06 13:27:12', '2016-10-06 13:27:12'),
(68, 9999, 19, 24, '1096', ' Fruity 3x3               ', '', NULL, '', NULL, 'video-slots', '', '', '', '1x2', '', '', 0, 1, 100, 'active', '2016-10-06 13:27:12', '2016-10-06 13:27:12'),
(69, 9999, 19, 24, '1107', ' Candy Cash               ', '', NULL, '', NULL, 'video-slots', '', '', '', '1x2', '', '', 0, 1, 100, 'active', '2016-10-06 13:27:12', '2016-10-06 13:27:12'),
(70, 9999, 19, 24, '2005', ' Aztec Secrets            ', '', NULL, '', NULL, 'video-slots', '', '', '', '1x2', '', '', 0, 1, 100, 'active', '2016-10-06 13:27:12', '2016-10-06 13:27:12'),
(71, 9999, 19, 24, '2006', ' Gods of Olympus          ', '', NULL, '', NULL, 'video-slots', '', '', '', '1x2', '', '', 0, 1, 100, 'active', '2016-10-06 13:27:12', '2016-10-06 13:27:12'),
(72, 9999, 19, 24, '2007', ' Thor:Stormlord           ', '', NULL, '', NULL, 'video-slots', '', '', '', '1x2', '', '', 0, 0, 100, 'active', '2016-10-06 13:27:12', '2016-10-06 13:27:12'),
(73, 9999, 19, 24, '2009', ' Virtual Europa League    ', '', NULL, '', NULL, 'video-slots', '', '', '', '1x2', '', '', 0, 1, 100, 'active', '2016-10-06 13:27:12', '2016-10-06 13:27:12'),
(74, 9999, 19, 24, '2010', ' Virtual Football Pro     ', '', NULL, '', NULL, 'video-slots', '', '', '', '1x2', '', '', 0, 1, 100, 'active', '2016-10-06 13:27:12', '2016-10-06 13:27:12'),
(75, 9999, 19, 24, '2011', ' Virtual Football Pro     ', '', NULL, '', NULL, 'video-slots', '', '', '', '1x2', '', '', 0, 1, 100, 'active', '2016-10-06 13:27:12', '2016-10-06 13:27:12'),
(76, 9999, 19, 24, '2012', ' Virtual Football Pro     ', '', NULL, '', NULL, 'video-slots', '', '', '', '1x2', '', '', 0, 1, 100, 'active', '2016-10-06 13:27:12', '2016-10-06 13:27:12'),
(77, 9999, 19, 24, '2013', ' Virtual Football Pro     ', '', NULL, '', NULL, 'video-slots', '', '', '', '1x2', '', '', 0, 1, 100, 'active', '2016-10-06 13:27:12', '2016-10-06 13:27:12'),
(78, 9999, 19, 24, '2014', ' Virtual Football Pro     ', '', NULL, '', NULL, 'video-slots', '', '', '', '1x2', '', '', 0, 1, 100, 'active', '2016-10-06 13:27:12', '2016-10-06 13:27:12'),
(79, 9999, 19, 24, '2015', ' Virtual Football Pro     ', '', NULL, '', NULL, 'video-slots', '', '', '', '1x2', '', '', 0, 1, 100, 'active', '2016-10-06 13:27:12', '2016-10-06 13:27:12'),
(80, 9999, 19, 24, '2016', ' Gladiator of Rome        ', '', NULL, '', NULL, 'video-slots', '', '', '', '1x2', '', '', 0, 1, 100, 'active', '2016-10-06 13:27:12', '2016-10-06 13:27:12'),
(81, 9999, 19, 24, '2017', ' Dark Thirst              ', '', NULL, '', NULL, 'video-slots', '', '', '', '1x2', '', '', 0, 1, 100, 'active', '2016-10-06 13:27:12', '2016-10-06 13:27:12'),
(82, 9999, 19, 24, '2018', ' Red Dragon               ', '', NULL, '', NULL, 'video-slots', '', '', '', '1x2', '', '', 0, 1, 100, 'active', '2016-10-06 13:27:12', '2016-10-06 13:27:12'),
(83, 9999, 19, 24, '2019', ' Deadworld                ', '', NULL, '', NULL, 'video-slots', '', '', '', '1x2', '', '', 0, 1, 100, 'active', '2016-10-06 13:27:12', '2016-10-06 13:27:12'),
(84, 9999, 19, 24, '2030', ' Virtual Euros            ', '', NULL, '', NULL, 'video-slots', '', '', '', '1x2', '', '', 0, 1, 100, 'active', '2016-10-06 13:27:12', '2016-10-06 13:27:12'),
(85, 6666, 7, 8, NULL, 'Deneme', NULL, NULL, NULL, NULL, '', '', '', '', '', '', '', 0, 1, 100, 'active', '2016-10-11 10:34:06', '2016-10-11 10:34:06');

-- --------------------------------------------------------

--
-- Table structure for table `casino_provider`
--

CREATE TABLE `casino_provider` (
  `id` int(10) UNSIGNED NOT NULL,
  `site_id` int(10) UNSIGNED NOT NULL,
  `name` varchar(255) NOT NULL,
  `slug` varchar(255) NOT NULL,
  `created_at` timestamp NULL DEFAULT NULL,
  `updated_at` timestamp NULL DEFAULT NULL
) ENGINE=InnoDB DEFAULT CHARSET=utf8;

--
-- Dumping data for table `casino_provider`
--

INSERT INTO `casino_provider` (`id`, `site_id`, `name`, `slug`, `created_at`, `updated_at`) VALUES
(1, 5900, 'GameArt', 'gs', NULL, NULL),
(2, 5900, 'Netent', 'ne', NULL, NULL),
(3, 5900, 'Xplosive', 'cs', NULL, NULL),
(4, 5900, 'Evolution Live Casino', 'es', NULL, NULL),
(5, 5900, 'Betsoft', 'bs', NULL, NULL),
(6, 5900, '1x2 Gaming', '1x2', NULL, NULL),
(7, 6666, 'GameArt', 'gs', NULL, NULL),
(8, 6666, 'Netent', 'ne', NULL, NULL),
(9, 6666, 'Xplosive', 'cs', NULL, NULL),
(10, 6666, 'Evolution Live Casino', 'es', NULL, NULL),
(11, 6666, 'Betsoft', 'bs', NULL, NULL),
(12, 6666, '1x2 Gaming', '1x2', NULL, NULL),
(13, 7777, 'GameArt', 'gs', NULL, NULL),
(14, 7777, 'Netent', 'ne', NULL, NULL),
(15, 7777, 'Xplosive', 'cs', NULL, NULL),
(16, 7777, 'Evolution Live Casino', 'es', NULL, NULL),
(17, 7777, 'Betsoft', 'bs', NULL, NULL),
(18, 7777, '1x2 Gaming', '1x2', NULL, NULL),
(19, 9999, 'GameArt', 'gs', NULL, NULL),
(20, 9999, 'Netent', 'ne', NULL, NULL),
(21, 9999, 'Xplosive', 'cs', NULL, NULL),
(22, 9999, 'Evolution Live Casino', 'es', NULL, NULL),
(23, 9999, 'Betsoft', 'bs', NULL, NULL),
(24, 9999, '1x2 Gaming', '1x2', NULL, NULL);

-- --------------------------------------------------------

--
-- Table structure for table `cepci`
--

CREATE TABLE `cepci` (
  `id` int(10) UNSIGNED NOT NULL,
  `site_id` int(10) UNSIGNED NOT NULL,
  `cepci_id` int(11) DEFAULT NULL,
  `transaction_type` varchar(255) DEFAULT NULL,
  `balance` decimal(65,2) DEFAULT NULL,
  `note` longtext,
  `created_at` timestamp NULL DEFAULT NULL,
  `updated_at` timestamp NULL DEFAULT NULL
) ENGINE=InnoDB DEFAULT CHARSET=utf8;

-- --------------------------------------------------------

--
-- Table structure for table `city`
--

CREATE TABLE `city` (
  `id` int(10) UNSIGNED NOT NULL,
  `name` varchar(60) NOT NULL,
  `country_id` int(11) NOT NULL,
  `created_at` timestamp NULL DEFAULT NULL,
  `updated_at` timestamp NULL DEFAULT NULL
) ENGINE=InnoDB DEFAULT CHARSET=utf8;

--
-- Dumping data for table `city`
--

INSERT INTO `city` (`id`, `name`, `country_id`, `created_at`, `updated_at`) VALUES
(1, 'Andaman and Nicobar Islands', 99, NULL, NULL),
(2, 'Andhra Pradesh', 99, NULL, NULL),
(3, 'Arunachal Pradesh', 99, NULL, NULL),
(4, 'Assam', 99, NULL, NULL),
(5, 'Bihar', 99, NULL, NULL),
(6, 'Chandigarh', 99, NULL, NULL),
(7, 'Chhattisgarh', 99, NULL, NULL),
(8, 'Dadra and Nagar Haveli', 99, NULL, NULL),
(9, 'Daman and Diu', 99, NULL, NULL),
(10, 'Delhi', 99, NULL, NULL),
(11, 'Goa', 99, NULL, NULL),
(12, 'Gujarat', 99, NULL, NULL),
(13, 'Haryana', 99, NULL, NULL),
(14, 'Himachal Pradesh', 99, NULL, NULL),
(15, 'Jammu and Kashmir', 99, NULL, NULL),
(16, 'Jharkhand', 99, NULL, NULL),
(17, 'Karnataka', 99, NULL, NULL),
(18, 'Kenmore', 99, NULL, NULL),
(19, 'Kerala', 99, NULL, NULL),
(20, 'Lakshadweep', 99, NULL, NULL),
(21, 'Madhya Pradesh', 99, NULL, NULL),
(22, 'Maharashtra', 99, NULL, NULL),
(23, 'Manipur', 99, NULL, NULL),
(24, 'Meghalaya', 99, NULL, NULL),
(25, 'Mizoram', 99, NULL, NULL),
(26, 'Nagaland', 99, NULL, NULL),
(27, 'Narora', 99, NULL, NULL),
(28, 'Natwar', 99, NULL, NULL),
(29, 'Odisha', 99, NULL, NULL),
(30, 'Paschim Medinipur', 99, NULL, NULL),
(31, 'Pondicherry', 99, NULL, NULL),
(32, 'Punjab', 99, NULL, NULL),
(33, 'Rajasthan', 99, NULL, NULL),
(34, 'Sikkim', 99, NULL, NULL),
(35, 'Tamil Nadu', 99, NULL, NULL),
(36, 'Telangana', 99, NULL, NULL),
(37, 'Tripura', 99, NULL, NULL),
(38, 'Uttar Pradesh', 99, NULL, NULL),
(39, 'Uttarakhand', 99, NULL, NULL),
(40, 'Vaishali', 99, NULL, NULL),
(41, 'West Bengal', 99, NULL, NULL),
(42, 'Badakhshan', 5, NULL, NULL),
(43, 'Badgis', 3, NULL, NULL),
(44, 'Baglan', 3, NULL, NULL),
(45, 'Balkh', 3, NULL, NULL),
(46, 'Bamiyan', 3, NULL, NULL),
(47, 'Farah', 3, NULL, NULL),
(48, 'Faryab', 3, NULL, NULL),
(49, 'Gawr', 3, NULL, NULL),
(50, 'Gazni', 3, NULL, NULL),
(51, 'Herat', 3, NULL, NULL),
(52, 'Hilmand', 3, NULL, NULL),
(53, 'Jawzjan', 3, NULL, NULL),
(54, 'Kabul', 3, NULL, NULL),
(55, 'Kapisa', 3, NULL, NULL),
(56, 'Khawst', 3, NULL, NULL),
(57, 'Kunar', 3, NULL, NULL),
(58, 'Lagman', 3, NULL, NULL),
(59, 'Lawghar', 3, NULL, NULL),
(60, 'Nangarhar', 3, NULL, NULL),
(61, 'Nimruz', 3, NULL, NULL),
(62, 'Nuristan', 3, NULL, NULL),
(63, 'Paktika', 3, NULL, NULL),
(64, 'Paktiya', 3, NULL, NULL),
(65, 'Parwan', 3, NULL, NULL),
(66, 'Qandahar', 3, NULL, NULL),
(67, 'Qunduz', 3, NULL, NULL),
(68, 'Samangan', 3, NULL, NULL),
(69, 'Sar-e Pul', 3, NULL, NULL),
(70, 'Takhar', 3, NULL, NULL),
(71, 'Uruzgan', 3, NULL, NULL),
(72, 'Wardag', 3, NULL, NULL),
(73, 'Zabul', 3, NULL, NULL),
(74, 'Berat', 4, NULL, NULL),
(75, 'Bulqize', 4, NULL, NULL),
(76, 'Delvine', 4, NULL, NULL),
(77, 'Devoll', 4, NULL, NULL),
(78, 'Dibre', 4, NULL, NULL),
(79, 'Durres', 4, NULL, NULL),
(80, 'Elbasan', 4, NULL, NULL),
(81, 'Fier', 4, NULL, NULL),
(82, 'Gjirokaster', 4, NULL, NULL),
(83, 'Gramsh', 4, NULL, NULL),
(84, 'Has', 4, NULL, NULL),
(85, 'Kavaje', 4, NULL, NULL),
(86, 'Kolonje', 4, NULL, NULL),
(87, 'Korce', 4, NULL, NULL),
(88, 'Kruje', 4, NULL, NULL),
(89, 'Kucove', 4, NULL, NULL),
(90, 'Kukes', 4, NULL, NULL),
(91, 'Kurbin', 4, NULL, NULL),
(92, 'Lezhe', 4, NULL, NULL),
(93, 'Librazhd', 4, NULL, NULL),
(94, 'Lushnje', 4, NULL, NULL),
(95, 'Mallakaster', 4, NULL, NULL),
(96, 'Malsi e Madhe', 4, NULL, NULL),
(97, 'Mat', 4, NULL, NULL),
(98, 'Mirdite', 4, NULL, NULL),
(99, 'Peqin', 4, NULL, NULL),
(100, 'Permet', 4, NULL, NULL),
(101, 'Pogradec', 4, NULL, NULL),
(102, 'Puke', 4, NULL, NULL),
(103, 'Sarande', 4, NULL, NULL),
(104, 'Shkoder', 4, NULL, NULL),
(105, 'Skrapar', 4, NULL, NULL),
(106, 'Tepelene', 4, NULL, NULL),
(107, 'Tirane', 4, NULL, NULL),
(108, 'Tropoje', 4, NULL, NULL),
(109, 'Vlore', 4, NULL, NULL),
(110, 'Ayn Daflah', 5, NULL, NULL),
(111, 'Ayn Tamushanat', 5, NULL, NULL),
(112, 'Adrar', 5, NULL, NULL),
(113, 'Algiers', 5, NULL, NULL),
(114, 'Annabah', 5, NULL, NULL),
(115, 'Bashshar', 5, NULL, NULL),
(116, 'Batnah', 5, NULL, NULL),
(117, 'Bijayah', 5, NULL, NULL),
(118, 'Biskrah', 5, NULL, NULL),
(119, 'Blidah', 5, NULL, NULL),
(120, 'Buirah', 5, NULL, NULL),
(121, 'Bumardas', 5, NULL, NULL),
(122, 'Burj Bu Arririj', 5, NULL, NULL),
(123, 'Ghalizan', 5, NULL, NULL),
(124, 'Ghardayah', 5, NULL, NULL),
(125, 'Ilizi', 5, NULL, NULL),
(126, 'Jijili', 5, NULL, NULL),
(127, 'Jilfah', 5, NULL, NULL),
(128, 'Khanshalah', 5, NULL, NULL),
(129, 'Masilah', 5, NULL, NULL),
(130, 'Midyah', 5, NULL, NULL),
(131, 'Milah', 5, NULL, NULL),
(132, 'Muaskar', 5, NULL, NULL),
(133, 'Mustaghanam', 5, NULL, NULL),
(134, 'Naama', 5, NULL, NULL),
(135, 'Oran', 5, NULL, NULL),
(136, 'Ouargla', 5, NULL, NULL),
(137, 'Qalmah', 5, NULL, NULL),
(138, 'Qustantinah', 5, NULL, NULL),
(139, 'Sakikdah', 5, NULL, NULL),
(140, 'Satif', 5, NULL, NULL),
(141, 'Sayda', 5, NULL, NULL),
(142, 'Sidi ban-al-Abbas', 5, NULL, NULL),
(143, 'Suq Ahras', 5, NULL, NULL),
(144, 'Tamanghasat', 5, NULL, NULL),
(145, 'Tibazah', 5, NULL, NULL),
(146, 'Tibissah', 5, NULL, NULL),
(147, 'Tilimsan', 5, NULL, NULL),
(148, 'Tinduf', 5, NULL, NULL),
(149, 'Tisamsilt', 5, NULL, NULL),
(150, 'Tiyarat', 5, NULL, NULL),
(151, 'Tizi Wazu', 5, NULL, NULL),
(152, 'Umm-al-Bawaghi', 5, NULL, NULL),
(153, 'Wahran', 5, NULL, NULL),
(154, 'Warqla', 5, NULL, NULL),
(155, 'Wilaya d Alger', 5, NULL, NULL),
(156, 'Wilaya de Bejaia', 5, NULL, NULL),
(157, 'Wilaya de Constantine', 5, NULL, NULL),
(158, 'al-Aghwat', 5, NULL, NULL),
(159, 'al-Bayadh', 5, NULL, NULL),
(160, 'al-Jazair', 5, NULL, NULL),
(161, 'al-Wad', 5, NULL, NULL),
(162, 'ash-Shalif', 5, NULL, NULL),
(163, 'at-Tarif', 5, NULL, NULL),
(164, 'Eastern', 6, NULL, NULL),
(165, 'Manua', 6, NULL, NULL),
(166, 'Swains Island', 6, NULL, NULL),
(167, 'Western', 6, NULL, NULL),
(168, 'Andorra la Vella', 7, NULL, NULL),
(169, 'Canillo', 7, NULL, NULL),
(170, 'Encamp', 7, NULL, NULL),
(171, 'La Massana', 7, NULL, NULL),
(172, 'Les Escaldes', 7, NULL, NULL),
(173, 'Ordino', 7, NULL, NULL),
(174, 'Sant Julia de Loria', 7, NULL, NULL),
(175, 'Bengo', 8, NULL, NULL),
(176, 'Benguela', 8, NULL, NULL),
(177, 'Bie', 8, NULL, NULL),
(178, 'Cabinda', 8, NULL, NULL),
(179, 'Cunene', 8, NULL, NULL),
(180, 'Huambo', 8, NULL, NULL),
(181, 'Huila', 8, NULL, NULL),
(182, 'Kuando-Kubango', 8, NULL, NULL),
(183, 'Kwanza Norte', 8, NULL, NULL),
(184, 'Kwanza Sul', 8, NULL, NULL),
(185, 'Luanda', 8, NULL, NULL),
(186, 'Lunda Norte', 8, NULL, NULL),
(187, 'Lunda Sul', 8, NULL, NULL),
(188, 'Malanje', 8, NULL, NULL),
(189, 'Moxico', 8, NULL, NULL),
(190, 'Namibe', 8, NULL, NULL),
(191, 'Uige', 8, NULL, NULL),
(192, 'Zaire', 8, NULL, NULL),
(193, 'Other Provinces', 9, NULL, NULL),
(194, 'Sector claimed by Argentina/Ch', 10, NULL, NULL),
(195, 'Sector claimed by Argentina/UK', 10, NULL, NULL),
(196, 'Sector claimed by Australia', 10, NULL, NULL),
(197, 'Sector claimed by France', 10, NULL, NULL),
(198, 'Sector claimed by New Zealand', 10, NULL, NULL),
(199, 'Sector claimed by Norway', 10, NULL, NULL),
(200, 'Unclaimed Sector', 10, NULL, NULL),
(201, 'Barbuda', 11, NULL, NULL),
(202, 'Saint George', 11, NULL, NULL),
(203, 'Saint John', 11, NULL, NULL),
(204, 'Saint Mary', 11, NULL, NULL),
(205, 'Saint Paul', 11, NULL, NULL),
(206, 'Saint Peter', 11, NULL, NULL),
(207, 'Saint Philip', 11, NULL, NULL),
(208, 'Buenos Aires', 12, NULL, NULL),
(209, 'Catamarca', 12, NULL, NULL),
(210, 'Chaco', 12, NULL, NULL),
(211, 'Chubut', 12, NULL, NULL),
(212, 'Cordoba', 12, NULL, NULL),
(213, 'Corrientes', 12, NULL, NULL),
(214, 'Distrito Federal', 12, NULL, NULL),
(215, 'Entre Rios', 12, NULL, NULL),
(216, 'Formosa', 12, NULL, NULL),
(217, 'Jujuy', 12, NULL, NULL),
(218, 'La Pampa', 12, NULL, NULL),
(219, 'La Rioja', 12, NULL, NULL),
(220, 'Mendoza', 12, NULL, NULL),
(221, 'Misiones', 12, NULL, NULL),
(222, 'Neuquen', 12, NULL, NULL),
(223, 'Rio Negro', 12, NULL, NULL),
(224, 'Salta', 12, NULL, NULL),
(225, 'San Juan', 12, NULL, NULL),
(226, 'San Luis', 12, NULL, NULL),
(227, 'Santa Cruz', 12, NULL, NULL),
(228, 'Santa Fe', 12, NULL, NULL),
(229, 'Santiago del Estero', 12, NULL, NULL),
(230, 'Tierra del Fuego', 12, NULL, NULL),
(231, 'Tucuman', 12, NULL, NULL),
(232, 'Aragatsotn', 13, NULL, NULL),
(233, 'Ararat', 13, NULL, NULL),
(234, 'Armavir', 13, NULL, NULL),
(235, 'Gegharkunik', 13, NULL, NULL),
(236, 'Kotaik', 13, NULL, NULL),
(237, 'Lori', 13, NULL, NULL),
(238, 'Shirak', 13, NULL, NULL),
(239, 'Stepanakert', 13, NULL, NULL),
(240, 'Syunik', 13, NULL, NULL),
(241, 'Tavush', 13, NULL, NULL),
(242, 'Vayots Dzor', 13, NULL, NULL),
(243, 'Yerevan', 13, NULL, NULL),
(244, 'Aruba', 14, NULL, NULL),
(245, 'Auckland', 15, NULL, NULL),
(246, 'Australian Capital Territory', 15, NULL, NULL),
(247, 'Balgowlah', 15, NULL, NULL),
(248, 'Balmain', 15, NULL, NULL),
(249, 'Bankstown', 15, NULL, NULL),
(250, 'Baulkham Hills', 15, NULL, NULL),
(251, 'Bonnet Bay', 15, NULL, NULL),
(252, 'Camberwell', 15, NULL, NULL),
(253, 'Carole Park', 15, NULL, NULL),
(254, 'Castle Hill', 15, NULL, NULL),
(255, 'Caulfield', 15, NULL, NULL),
(256, 'Chatswood', 15, NULL, NULL),
(257, 'Cheltenham', 15, NULL, NULL),
(258, 'Cherrybrook', 15, NULL, NULL),
(259, 'Clayton', 15, NULL, NULL),
(260, 'Collingwood', 15, NULL, NULL),
(261, 'Frenchs Forest', 15, NULL, NULL),
(262, 'Hawthorn', 15, NULL, NULL),
(263, 'Jannnali', 15, NULL, NULL),
(264, 'Knoxfield', 15, NULL, NULL),
(265, 'Melbourne', 15, NULL, NULL),
(266, 'New South Wales', 15, NULL, NULL),
(267, 'Northern Territory', 15, NULL, NULL),
(268, 'Perth', 15, NULL, NULL),
(269, 'Queensland', 15, NULL, NULL),
(270, 'South Australia', 15, NULL, NULL),
(271, 'Tasmania', 15, NULL, NULL),
(272, 'Templestowe', 15, NULL, NULL),
(273, 'Victoria', 15, NULL, NULL),
(274, 'Werribee south', 15, NULL, NULL),
(275, 'Western Australia', 15, NULL, NULL),
(276, 'Wheeler', 15, NULL, NULL),
(277, 'Bundesland Salzburg', 16, NULL, NULL),
(278, 'Bundesland Steiermark', 16, NULL, NULL),
(279, 'Bundesland Tirol', 16, NULL, NULL),
(280, 'Burgenland', 16, NULL, NULL),
(281, 'Carinthia', 16, NULL, NULL),
(282, 'Karnten', 16, NULL, NULL),
(283, 'Liezen', 16, NULL, NULL),
(284, 'Lower Austria', 16, NULL, NULL),
(285, 'Niederosterreich', 16, NULL, NULL),
(286, 'Oberosterreich', 16, NULL, NULL),
(287, 'Salzburg', 16, NULL, NULL),
(288, 'Schleswig-Holstein', 16, NULL, NULL),
(289, 'Steiermark', 16, NULL, NULL),
(290, 'Styria', 16, NULL, NULL),
(291, 'Tirol', 16, NULL, NULL),
(292, 'Upper Austria', 16, NULL, NULL),
(293, 'Vorarlberg', 16, NULL, NULL),
(294, 'Wien', 16, NULL, NULL),
(295, 'Abseron', 17, NULL, NULL),
(296, 'Baki Sahari', 17, NULL, NULL),
(297, 'Ganca', 17, NULL, NULL),
(298, 'Ganja', 17, NULL, NULL),
(299, 'Kalbacar', 17, NULL, NULL),
(300, 'Lankaran', 17, NULL, NULL),
(301, 'Mil-Qarabax', 17, NULL, NULL),
(302, 'Mugan-Salyan', 17, NULL, NULL),
(303, 'Nagorni-Qarabax', 17, NULL, NULL),
(304, 'Naxcivan', 17, NULL, NULL),
(305, 'Priaraks', 17, NULL, NULL),
(306, 'Qazax', 17, NULL, NULL),
(307, 'Saki', 17, NULL, NULL),
(308, 'Sirvan', 17, NULL, NULL),
(309, 'Xacmaz', 17, NULL, NULL),
(310, 'Abaco', 18, NULL, NULL),
(311, 'Acklins Island', 18, NULL, NULL),
(312, 'Andros', 18, NULL, NULL),
(313, 'Berry Islands', 18, NULL, NULL),
(314, 'Biminis', 18, NULL, NULL),
(315, 'Cat Island', 18, NULL, NULL),
(316, 'Crooked Island', 18, NULL, NULL),
(317, 'Eleuthera', 18, NULL, NULL),
(318, 'Exuma and Cays', 18, NULL, NULL),
(319, 'Grand Bahama', 18, NULL, NULL),
(320, 'Inagua Islands', 18, NULL, NULL),
(321, 'Long Island', 18, NULL, NULL),
(322, 'Mayaguana', 18, NULL, NULL),
(323, 'New Providence', 18, NULL, NULL),
(324, 'Ragged Island', 18, NULL, NULL),
(325, 'Rum Cay', 18, NULL, NULL),
(326, 'San Salvador', 18, NULL, NULL),
(327, 'Isa', 19, NULL, NULL),
(328, 'Badiyah', 19, NULL, NULL),
(329, 'Hidd', 19, NULL, NULL),
(330, 'Jidd Hafs', 19, NULL, NULL),
(331, 'Mahama', 19, NULL, NULL),
(332, 'Manama', 19, NULL, NULL),
(333, 'Sitrah', 19, NULL, NULL),
(334, 'al-Manamah', 19, NULL, NULL),
(335, 'al-Muharraq', 19, NULL, NULL),
(336, 'ar-Rifaa', 19, NULL, NULL),
(337, 'Bagar Hat', 20, NULL, NULL),
(338, 'Bandarban', 20, NULL, NULL),
(339, 'Barguna', 20, NULL, NULL),
(340, 'Barisal', 20, NULL, NULL),
(341, 'Bhola', 20, NULL, NULL),
(342, 'Bogora', 20, NULL, NULL),
(343, 'Brahman Bariya', 20, NULL, NULL),
(344, 'Chandpur', 20, NULL, NULL),
(345, 'Chattagam', 20, NULL, NULL),
(346, 'Chittagong Division', 20, NULL, NULL),
(347, 'Chuadanga', 20, NULL, NULL),
(348, 'Dhaka', 20, NULL, NULL),
(349, 'Dinajpur', 20, NULL, NULL),
(350, 'Faridpur', 20, NULL, NULL),
(351, 'Feni', 20, NULL, NULL),
(352, 'Gaybanda', 20, NULL, NULL),
(353, 'Gazipur', 20, NULL, NULL),
(354, 'Gopalganj', 20, NULL, NULL),
(355, 'Habiganj', 20, NULL, NULL),
(356, 'Jaipur Hat', 20, NULL, NULL),
(357, 'Jamalpur', 20, NULL, NULL),
(358, 'Jessor', 20, NULL, NULL),
(359, 'Jhalakati', 20, NULL, NULL),
(360, 'Jhanaydah', 20, NULL, NULL),
(361, 'Khagrachhari', 20, NULL, NULL),
(362, 'Khulna', 20, NULL, NULL),
(363, 'Kishorganj', 20, NULL, NULL),
(364, 'Koks Bazar', 20, NULL, NULL),
(365, 'Komilla', 20, NULL, NULL),
(366, 'Kurigram', 20, NULL, NULL),
(367, 'Kushtiya', 20, NULL, NULL),
(368, 'Lakshmipur', 20, NULL, NULL),
(369, 'Lalmanir Hat', 20, NULL, NULL),
(370, 'Madaripur', 20, NULL, NULL),
(371, 'Magura', 20, NULL, NULL),
(372, 'Maimansingh', 20, NULL, NULL),
(373, 'Manikganj', 20, NULL, NULL),
(374, 'Maulvi Bazar', 20, NULL, NULL),
(375, 'Meherpur', 20, NULL, NULL),
(376, 'Munshiganj', 20, NULL, NULL),
(377, 'Naral', 20, NULL, NULL),
(378, 'Narayanganj', 20, NULL, NULL),
(379, 'Narsingdi', 20, NULL, NULL),
(380, 'Nator', 20, NULL, NULL),
(381, 'Naugaon', 20, NULL, NULL),
(382, 'Nawabganj', 20, NULL, NULL),
(383, 'Netrakona', 20, NULL, NULL),
(384, 'Nilphamari', 20, NULL, NULL),
(385, 'Noakhali', 20, NULL, NULL),
(386, 'Pabna', 20, NULL, NULL),
(387, 'Panchagarh', 20, NULL, NULL),
(388, 'Patuakhali', 20, NULL, NULL),
(389, 'Pirojpur', 20, NULL, NULL),
(390, 'Rajbari', 20, NULL, NULL),
(391, 'Rajshahi', 20, NULL, NULL),
(392, 'Rangamati', 20, NULL, NULL),
(393, 'Rangpur', 20, NULL, NULL),
(394, 'Satkhira', 20, NULL, NULL),
(395, 'Shariatpur', 20, NULL, NULL),
(396, 'Sherpur', 20, NULL, NULL),
(397, 'Silhat', 20, NULL, NULL),
(398, 'Sirajganj', 20, NULL, NULL),
(399, 'Sunamganj', 20, NULL, NULL),
(400, 'Tangayal', 20, NULL, NULL),
(401, 'Thakurgaon', 20, NULL, NULL),
(402, 'Christ Church', 21, NULL, NULL),
(403, 'Saint Andrew', 21, NULL, NULL),
(404, 'Saint George', 21, NULL, NULL),
(405, 'Saint James', 21, NULL, NULL),
(406, 'Saint John', 21, NULL, NULL),
(407, 'Saint Joseph', 21, NULL, NULL),
(408, 'Saint Lucy', 21, NULL, NULL),
(409, 'Saint Michael', 21, NULL, NULL),
(410, 'Saint Peter', 21, NULL, NULL),
(411, 'Saint Philip', 21, NULL, NULL),
(412, 'Saint Thomas', 21, NULL, NULL),
(413, 'Brest', 22, NULL, NULL),
(414, 'Homjel', 22, NULL, NULL),
(415, 'Hrodna', 22, NULL, NULL),
(416, 'Mahiljow', 22, NULL, NULL),
(417, 'Mahilyowskaya Voblasts', 22, NULL, NULL),
(418, 'Minsk', 22, NULL, NULL),
(419, 'Minskaja Voblasts', 22, NULL, NULL),
(420, 'Petrik', 22, NULL, NULL),
(421, 'Vicebsk', 22, NULL, NULL),
(422, 'Antwerpen', 23, NULL, NULL),
(423, 'Berchem', 23, NULL, NULL),
(424, 'Brabant', 23, NULL, NULL),
(425, 'Brabant Wallon', 23, NULL, NULL),
(426, 'Brussel', 23, NULL, NULL),
(427, 'East Flanders', 23, NULL, NULL),
(428, 'Hainaut', 23, NULL, NULL),
(429, 'Liege', 23, NULL, NULL),
(430, 'Limburg', 23, NULL, NULL),
(431, 'Luxembourg', 23, NULL, NULL),
(432, 'Namur', 23, NULL, NULL),
(433, 'Ontario', 23, NULL, NULL),
(434, 'Oost-Vlaanderen', 23, NULL, NULL),
(435, 'Provincie Brabant', 23, NULL, NULL),
(436, 'Vlaams-Brabant', 23, NULL, NULL),
(437, 'Wallonne', 23, NULL, NULL),
(438, 'West-Vlaanderen', 23, NULL, NULL),
(439, 'Belize', 24, NULL, NULL),
(440, 'Cayo', 24, NULL, NULL),
(441, 'Corozal', 24, NULL, NULL),
(442, 'Orange Walk', 24, NULL, NULL),
(443, 'Stann Creek', 24, NULL, NULL),
(444, 'Toledo', 24, NULL, NULL),
(445, 'Alibori', 25, NULL, NULL),
(446, 'Atacora', 25, NULL, NULL),
(447, 'Atlantique', 25, NULL, NULL),
(448, 'Borgou', 25, NULL, NULL),
(449, 'Collines', 25, NULL, NULL),
(450, 'Couffo', 25, NULL, NULL),
(451, 'Donga', 25, NULL, NULL),
(452, 'Littoral', 25, NULL, NULL),
(453, 'Mono', 25, NULL, NULL),
(454, 'Oueme', 25, NULL, NULL),
(455, 'Plateau', 25, NULL, NULL),
(456, 'Zou', 25, NULL, NULL),
(457, 'Hamilton', 26, NULL, NULL),
(458, 'Saint George', 26, NULL, NULL),
(459, 'Bumthang', 27, NULL, NULL),
(460, 'Chhukha', 27, NULL, NULL),
(461, 'Chirang', 27, NULL, NULL),
(462, 'Daga', 27, NULL, NULL),
(463, 'Geylegphug', 27, NULL, NULL),
(464, 'Ha', 27, NULL, NULL),
(465, 'Lhuntshi', 27, NULL, NULL),
(466, 'Mongar', 27, NULL, NULL),
(467, 'Pemagatsel', 27, NULL, NULL),
(468, 'Punakha', 27, NULL, NULL),
(469, 'Rinpung', 27, NULL, NULL),
(470, 'Samchi', 27, NULL, NULL),
(471, 'Samdrup Jongkhar', 27, NULL, NULL),
(472, 'Shemgang', 27, NULL, NULL),
(473, 'Tashigang', 27, NULL, NULL),
(474, 'Timphu', 27, NULL, NULL),
(475, 'Tongsa', 27, NULL, NULL),
(476, 'Wangdiphodrang', 27, NULL, NULL),
(477, 'Beni', 28, NULL, NULL),
(478, 'Chuquisaca', 28, NULL, NULL),
(479, 'Cochabamba', 28, NULL, NULL),
(480, 'La Paz', 28, NULL, NULL),
(481, 'Oruro', 28, NULL, NULL),
(482, 'Pando', 28, NULL, NULL),
(483, 'Potosi', 28, NULL, NULL),
(484, 'Santa Cruz', 28, NULL, NULL),
(485, 'Tarija', 28, NULL, NULL),
(486, 'Federacija Bosna i Hercegovina', 29, NULL, NULL),
(487, 'Republika Srpska', 29, NULL, NULL),
(488, 'Central Bobonong', 30, NULL, NULL),
(489, 'Central Boteti', 30, NULL, NULL),
(490, 'Central Mahalapye', 30, NULL, NULL),
(491, 'Central Serowe-Palapye', 30, NULL, NULL),
(492, 'Central Tutume', 30, NULL, NULL),
(493, 'Chobe', 30, NULL, NULL),
(494, 'Francistown', 30, NULL, NULL),
(495, 'Gaborone', 30, NULL, NULL),
(496, 'Ghanzi', 30, NULL, NULL),
(497, 'Jwaneng', 30, NULL, NULL),
(498, 'Kgalagadi North', 30, NULL, NULL),
(499, 'Kgalagadi South', 30, NULL, NULL),
(500, 'Kgatleng', 30, NULL, NULL),
(501, 'Kweneng', 30, NULL, NULL),
(502, 'Lobatse', 30, NULL, NULL),
(503, 'Ngamiland', 30, NULL, NULL),
(504, 'Ngwaketse', 30, NULL, NULL),
(505, 'North East', 30, NULL, NULL),
(506, 'Okavango', 30, NULL, NULL),
(507, 'Orapa', 30, NULL, NULL),
(508, 'Selibe Phikwe', 30, NULL, NULL),
(509, 'South East', 30, NULL, NULL),
(510, 'Sowa', 30, NULL, NULL),
(511, 'Bouvet Island', 31, NULL, NULL),
(512, 'Acre', 32, NULL, NULL),
(513, 'Alagoas', 32, NULL, NULL),
(514, 'Amapa', 32, NULL, NULL),
(515, 'Amazonas', 32, NULL, NULL),
(516, 'Bahia', 32, NULL, NULL),
(517, 'Ceara', 32, NULL, NULL),
(518, 'Distrito Federal', 32, NULL, NULL),
(519, 'Espirito Santo', 32, NULL, NULL),
(520, 'Estado de Sao Paulo', 32, NULL, NULL),
(521, 'Goias', 32, NULL, NULL),
(522, 'Maranhao', 32, NULL, NULL),
(523, 'Mato Grosso', 32, NULL, NULL),
(524, 'Mato Grosso do Sul', 32, NULL, NULL),
(525, 'Minas Gerais', 32, NULL, NULL),
(526, 'Para', 32, NULL, NULL),
(527, 'Paraiba', 32, NULL, NULL),
(528, 'Parana', 32, NULL, NULL),
(529, 'Pernambuco', 32, NULL, NULL),
(530, 'Piaui', 32, NULL, NULL),
(531, 'Rio Grande do Norte', 32, NULL, NULL),
(532, 'Rio Grande do Sul', 32, NULL, NULL),
(533, 'Rio de Janeiro', 32, NULL, NULL),
(534, 'Rondonia', 32, NULL, NULL),
(535, 'Roraima', 32, NULL, NULL),
(536, 'Santa Catarina', 32, NULL, NULL),
(537, 'Sao Paulo', 32, NULL, NULL),
(538, 'Sergipe', 32, NULL, NULL),
(539, 'Tocantins', 32, NULL, NULL),
(540, 'British Indian Ocean Territory', 33, NULL, NULL),
(541, 'Belait', 34, NULL, NULL),
(542, 'Brunei-Muara', 34, NULL, NULL),
(543, 'Temburong', 34, NULL, NULL),
(544, 'Tutong', 34, NULL, NULL),
(545, 'Blagoevgrad', 35, NULL, NULL),
(546, 'Burgas', 35, NULL, NULL),
(547, 'Dobrich', 35, NULL, NULL),
(548, 'Gabrovo', 35, NULL, NULL),
(549, 'Haskovo', 35, NULL, NULL),
(550, 'Jambol', 35, NULL, NULL),
(551, 'Kardzhali', 35, NULL, NULL),
(552, 'Kjustendil', 35, NULL, NULL),
(553, 'Lovech', 35, NULL, NULL),
(554, 'Montana', 35, NULL, NULL),
(555, 'Oblast Sofiya-Grad', 35, NULL, NULL),
(556, 'Pazardzhik', 35, NULL, NULL),
(557, 'Pernik', 35, NULL, NULL),
(558, 'Pleven', 35, NULL, NULL),
(559, 'Plovdiv', 35, NULL, NULL),
(560, 'Razgrad', 35, NULL, NULL),
(561, 'Ruse', 35, NULL, NULL),
(562, 'Shumen', 35, NULL, NULL),
(563, 'Silistra', 35, NULL, NULL),
(564, 'Sliven', 35, NULL, NULL),
(565, 'Smoljan', 35, NULL, NULL),
(566, 'Sofija grad', 35, NULL, NULL),
(567, 'Sofijska oblast', 35, NULL, NULL),
(568, 'Stara Zagora', 35, NULL, NULL),
(569, 'Targovishte', 35, NULL, NULL),
(570, 'Varna', 35, NULL, NULL),
(571, 'Veliko Tarnovo', 35, NULL, NULL),
(572, 'Vidin', 35, NULL, NULL),
(573, 'Vraca', 35, NULL, NULL),
(574, 'Yablaniza', 35, NULL, NULL),
(575, 'Bale', 36, NULL, NULL),
(576, 'Bam', 36, NULL, NULL),
(577, 'Bazega', 36, NULL, NULL),
(578, 'Bougouriba', 36, NULL, NULL),
(579, 'Boulgou', 36, NULL, NULL),
(580, 'Boulkiemde', 36, NULL, NULL),
(581, 'Comoe', 36, NULL, NULL),
(582, 'Ganzourgou', 36, NULL, NULL),
(583, 'Gnagna', 36, NULL, NULL),
(584, 'Gourma', 36, NULL, NULL),
(585, 'Houet', 36, NULL, NULL),
(586, 'Ioba', 36, NULL, NULL),
(587, 'Kadiogo', 36, NULL, NULL),
(588, 'Kenedougou', 36, NULL, NULL),
(589, 'Komandjari', 36, NULL, NULL),
(590, 'Kompienga', 36, NULL, NULL),
(591, 'Kossi', 36, NULL, NULL),
(592, 'Kouritenga', 36, NULL, NULL),
(593, 'Kourweogo', 36, NULL, NULL),
(594, 'Leraba', 36, NULL, NULL),
(595, 'Mouhoun', 36, NULL, NULL),
(596, 'Nahouri', 36, NULL, NULL),
(597, 'Namentenga', 36, NULL, NULL),
(598, 'Noumbiel', 36, NULL, NULL),
(599, 'Oubritenga', 36, NULL, NULL),
(600, 'Oudalan', 36, NULL, NULL),
(601, 'Passore', 36, NULL, NULL),
(602, 'Poni', 36, NULL, NULL),
(603, 'Sanguie', 36, NULL, NULL),
(604, 'Sanmatenga', 36, NULL, NULL),
(605, 'Seno', 36, NULL, NULL),
(606, 'Sissili', 36, NULL, NULL),
(607, 'Soum', 36, NULL, NULL),
(608, 'Sourou', 36, NULL, NULL),
(609, 'Tapoa', 36, NULL, NULL),
(610, 'Tuy', 36, NULL, NULL),
(611, 'Yatenga', 36, NULL, NULL),
(612, 'Zondoma', 36, NULL, NULL),
(613, 'Zoundweogo', 36, NULL, NULL),
(614, 'Bubanza', 37, NULL, NULL),
(615, 'Bujumbura', 37, NULL, NULL),
(616, 'Bururi', 37, NULL, NULL),
(617, 'Cankuzo', 37, NULL, NULL),
(618, 'Cibitoke', 37, NULL, NULL),
(619, 'Gitega', 37, NULL, NULL),
(620, 'Karuzi', 37, NULL, NULL),
(621, 'Kayanza', 37, NULL, NULL),
(622, 'Kirundo', 37, NULL, NULL),
(623, 'Makamba', 37, NULL, NULL),
(624, 'Muramvya', 37, NULL, NULL),
(625, 'Muyinga', 37, NULL, NULL),
(626, 'Ngozi', 37, NULL, NULL),
(627, 'Rutana', 37, NULL, NULL),
(628, 'Ruyigi', 37, NULL, NULL),
(629, 'Banteay Mean Chey', 38, NULL, NULL),
(630, 'Bat Dambang', 38, NULL, NULL),
(631, 'Kampong Cham', 38, NULL, NULL),
(632, 'Kampong Chhnang', 38, NULL, NULL),
(633, 'Kampong Spoeu', 38, NULL, NULL),
(634, 'Kampong Thum', 38, NULL, NULL),
(635, 'Kampot', 38, NULL, NULL),
(636, 'Kandal', 38, NULL, NULL),
(637, 'Kaoh Kong', 38, NULL, NULL),
(638, 'Kracheh', 38, NULL, NULL),
(639, 'Krong Kaeb', 38, NULL, NULL),
(640, 'Krong Pailin', 38, NULL, NULL),
(641, 'Krong Preah Sihanouk', 38, NULL, NULL),
(642, 'Mondol Kiri', 38, NULL, NULL),
(643, 'Otdar Mean Chey', 38, NULL, NULL),
(644, 'Phnum Penh', 38, NULL, NULL),
(645, 'Pousat', 38, NULL, NULL),
(646, 'Preah Vihear', 38, NULL, NULL),
(647, 'Prey Veaeng', 38, NULL, NULL),
(648, 'Rotanak Kiri', 38, NULL, NULL),
(649, 'Siem Reab', 38, NULL, NULL),
(650, 'Stueng Traeng', 38, NULL, NULL),
(651, 'Svay Rieng', 38, NULL, NULL),
(652, 'Takaev', 38, NULL, NULL),
(653, 'Adamaoua', 39, NULL, NULL),
(654, 'Centre', 39, NULL, NULL),
(655, 'Est', 39, NULL, NULL),
(656, 'Littoral', 39, NULL, NULL),
(657, 'Nord', 39, NULL, NULL),
(658, 'Nord Extreme', 39, NULL, NULL),
(659, 'Nordouest', 39, NULL, NULL),
(660, 'Ouest', 39, NULL, NULL),
(661, 'Sud', 39, NULL, NULL),
(662, 'Sudouest', 39, NULL, NULL),
(663, 'Alberta', 2, NULL, NULL),
(664, 'British Columbia', 2, NULL, NULL),
(665, 'Manitoba', 2, NULL, NULL),
(666, 'New Brunswick', 2, NULL, NULL),
(667, 'Newfoundland and Labrador', 2, NULL, NULL),
(668, 'Northwest Territories', 2, NULL, NULL),
(669, 'Nova Scotia', 2, NULL, NULL),
(670, 'Nunavut', 2, NULL, NULL),
(671, 'Ontario', 2, NULL, NULL),
(672, 'Prince Edward Island', 2, NULL, NULL),
(673, 'Quebec', 2, NULL, NULL),
(674, 'Saskatchewan', 2, NULL, NULL),
(675, 'Yukon', 2, NULL, NULL),
(676, 'Boavista', 40, NULL, NULL),
(677, 'Brava', 40, NULL, NULL),
(678, 'Fogo', 40, NULL, NULL),
(679, 'Maio', 40, NULL, NULL),
(680, 'Sal', 40, NULL, NULL),
(681, 'Santo Antao', 40, NULL, NULL),
(682, 'Sao Nicolau', 40, NULL, NULL),
(683, 'Sao Tiago', 40, NULL, NULL),
(684, 'Sao Vicente', 40, NULL, NULL),
(685, 'Grand Cayman', 41, NULL, NULL),
(686, 'Bamingui-Bangoran', 42, NULL, NULL),
(687, 'Bangui', 42, NULL, NULL),
(688, 'Basse-Kotto', 42, NULL, NULL),
(689, 'Haut-Mbomou', 42, NULL, NULL),
(690, 'Haute-Kotto', 42, NULL, NULL),
(691, 'Kemo', 42, NULL, NULL),
(692, 'Lobaye', 42, NULL, NULL),
(693, 'Mambere-Kadei', 42, NULL, NULL),
(694, 'Mbomou', 42, NULL, NULL),
(695, 'Nana-Gribizi', 42, NULL, NULL),
(696, 'Nana-Mambere', 42, NULL, NULL),
(697, 'Ombella Mpoko', 42, NULL, NULL),
(698, 'Ouaka', 42, NULL, NULL),
(699, 'Ouham', 42, NULL, NULL),
(700, 'Ouham-Pende', 42, NULL, NULL),
(701, 'Sangha-Mbaere', 42, NULL, NULL),
(702, 'Vakaga', 42, NULL, NULL),
(703, 'Batha', 43, NULL, NULL),
(704, 'Biltine', 43, NULL, NULL),
(705, 'Bourkou-Ennedi-Tibesti', 43, NULL, NULL),
(706, 'Chari-Baguirmi', 43, NULL, NULL),
(707, 'Guera', 43, NULL, NULL),
(708, 'Kanem', 43, NULL, NULL),
(709, 'Lac', 43, NULL, NULL),
(710, 'Logone Occidental', 43, NULL, NULL),
(711, 'Logone Oriental', 43, NULL, NULL),
(712, 'Mayo-Kebbi', 43, NULL, NULL),
(713, 'Moyen-Chari', 43, NULL, NULL),
(714, 'Ouaddai', 43, NULL, NULL),
(715, 'Salamat', 43, NULL, NULL),
(716, 'Tandjile', 43, NULL, NULL),
(717, 'Aisen', 44, NULL, NULL),
(718, 'Antofagasta', 44, NULL, NULL),
(719, 'Araucania', 44, NULL, NULL),
(720, 'Atacama', 44, NULL, NULL),
(721, 'Bio Bio', 44, NULL, NULL),
(722, 'Coquimbo', 44, NULL, NULL),
(723, 'Libertador General Bernardo O', 44, NULL, NULL),
(724, 'Los Lagos', 44, NULL, NULL),
(725, 'Magellanes', 44, NULL, NULL),
(726, 'Maule', 44, NULL, NULL),
(727, 'Metropolitana', 44, NULL, NULL),
(728, 'Metropolitana de Santiago', 44, NULL, NULL),
(729, 'Tarapaca', 44, NULL, NULL),
(730, 'Valparaiso', 44, NULL, NULL),
(731, 'Anhui', 45, NULL, NULL),
(732, 'Anhui Province', 45, NULL, NULL),
(733, 'Anhui Sheng', 45, NULL, NULL),
(734, 'Aomen', 45, NULL, NULL),
(735, 'Beijing', 45, NULL, NULL),
(736, 'Beijing Shi', 45, NULL, NULL),
(737, 'Chongqing', 45, NULL, NULL),
(738, 'Fujian', 45, NULL, NULL),
(739, 'Fujian Sheng', 45, NULL, NULL),
(740, 'Gansu', 45, NULL, NULL),
(741, 'Guangdong', 45, NULL, NULL),
(742, 'Guangdong Sheng', 45, NULL, NULL),
(743, 'Guangxi', 45, NULL, NULL),
(744, 'Guizhou', 45, NULL, NULL),
(745, 'Hainan', 45, NULL, NULL),
(746, 'Hebei', 45, NULL, NULL),
(747, 'Heilongjiang', 45, NULL, NULL),
(748, 'Henan', 45, NULL, NULL),
(749, 'Hubei', 45, NULL, NULL),
(750, 'Hunan', 45, NULL, NULL),
(751, 'Jiangsu', 45, NULL, NULL),
(752, 'Jiangsu Sheng', 45, NULL, NULL),
(753, 'Jiangxi', 45, NULL, NULL),
(754, 'Jilin', 45, NULL, NULL),
(755, 'Liaoning', 45, NULL, NULL),
(756, 'Liaoning Sheng', 45, NULL, NULL),
(757, 'Nei Monggol', 45, NULL, NULL),
(758, 'Ningxia Hui', 45, NULL, NULL),
(759, 'Qinghai', 45, NULL, NULL),
(760, 'Shaanxi', 45, NULL, NULL),
(761, 'Shandong', 45, NULL, NULL),
(762, 'Shandong Sheng', 45, NULL, NULL),
(763, 'Shanghai', 45, NULL, NULL),
(764, 'Shanxi', 45, NULL, NULL),
(765, 'Sichuan', 45, NULL, NULL),
(766, 'Tianjin', 45, NULL, NULL),
(767, 'Xianggang', 45, NULL, NULL),
(768, 'Xinjiang', 45, NULL, NULL),
(769, 'Xizang', 45, NULL, NULL),
(770, 'Yunnan', 45, NULL, NULL),
(771, 'Zhejiang', 45, NULL, NULL),
(772, 'Zhejiang Sheng', 45, NULL, NULL),
(773, 'Christmas Island', 46, NULL, NULL),
(774, 'Cocos (Keeling) Islands', 47, NULL, NULL),
(775, 'Amazonas', 48, NULL, NULL),
(776, 'Antioquia', 48, NULL, NULL),
(777, 'Arauca', 48, NULL, NULL),
(778, 'Atlantico', 48, NULL, NULL),
(779, 'Bogota', 48, NULL, NULL),
(780, 'Bolivar', 48, NULL, NULL),
(781, 'Boyaca', 48, NULL, NULL),
(782, 'Caldas', 48, NULL, NULL),
(783, 'Caqueta', 48, NULL, NULL),
(784, 'Casanare', 48, NULL, NULL),
(785, 'Cauca', 48, NULL, NULL),
(786, 'Cesar', 48, NULL, NULL),
(787, 'Choco', 48, NULL, NULL),
(788, 'Cordoba', 48, NULL, NULL),
(789, 'Cundinamarca', 48, NULL, NULL),
(790, 'Guainia', 48, NULL, NULL),
(791, 'Guaviare', 48, NULL, NULL),
(792, 'Huila', 48, NULL, NULL),
(793, 'La Guajira', 48, NULL, NULL),
(794, 'Magdalena', 48, NULL, NULL),
(795, 'Meta', 48, NULL, NULL),
(796, 'Narino', 48, NULL, NULL),
(797, 'Norte de Santander', 48, NULL, NULL),
(798, 'Putumayo', 48, NULL, NULL),
(799, 'Quindio', 48, NULL, NULL),
(800, 'Risaralda', 48, NULL, NULL),
(801, 'San Andres y Providencia', 48, NULL, NULL),
(802, 'Santander', 48, NULL, NULL),
(803, 'Sucre', 48, NULL, NULL),
(804, 'Tolima', 48, NULL, NULL),
(805, 'Valle del Cauca', 48, NULL, NULL),
(806, 'Vaupes', 48, NULL, NULL),
(807, 'Vichada', 48, NULL, NULL),
(808, 'Mwali', 49, NULL, NULL),
(809, 'Njazidja', 49, NULL, NULL),
(810, 'Nzwani', 49, NULL, NULL),
(811, 'Bouenza', 50, NULL, NULL),
(812, 'Brazzaville', 50, NULL, NULL),
(813, 'Cuvette', 50, NULL, NULL),
(814, 'Kouilou', 50, NULL, NULL),
(815, 'Lekoumou', 50, NULL, NULL),
(816, 'Likouala', 50, NULL, NULL),
(817, 'Niari', 50, NULL, NULL),
(818, 'Plateaux', 50, NULL, NULL),
(819, 'Pool', 50, NULL, NULL),
(820, 'Sangha', 50, NULL, NULL),
(821, 'Bandundu', 387, NULL, NULL),
(822, 'Bas-Congo', 387, NULL, NULL),
(823, 'Equateur', 387, NULL, NULL),
(824, 'Haut-Congo', 387, NULL, NULL),
(825, 'Kasai-Occidental', 387, NULL, NULL),
(826, 'Kasai-Oriental', 387, NULL, NULL),
(827, 'Katanga', 387, NULL, NULL),
(828, 'Kinshasa', 387, NULL, NULL),
(829, 'Maniema', 387, NULL, NULL),
(830, 'Nord-Kivu', 387, NULL, NULL),
(831, 'Sud-Kivu', 387, NULL, NULL),
(832, 'Aitutaki', 51, NULL, NULL),
(833, 'Atiu', 51, NULL, NULL),
(834, 'Mangaia', 51, NULL, NULL),
(835, 'Manihiki', 51, NULL, NULL),
(836, 'Mauke', 51, NULL, NULL),
(837, 'Mitiaro', 51, NULL, NULL),
(838, 'Nassau', 51, NULL, NULL),
(839, 'Pukapuka', 51, NULL, NULL),
(840, 'Rakahanga', 51, NULL, NULL),
(841, 'Rarotonga', 51, NULL, NULL),
(842, 'Tongareva', 51, NULL, NULL),
(843, 'Alajuela', 52, NULL, NULL),
(844, 'Cartago', 52, NULL, NULL),
(845, 'Guanacaste', 52, NULL, NULL),
(846, 'Heredia', 52, NULL, NULL),
(847, 'Limon', 52, NULL, NULL),
(848, 'Puntarenas', 52, NULL, NULL),
(849, 'San Jose', 52, NULL, NULL),
(850, 'Abidjan', 106, NULL, NULL),
(851, 'Agneby', 106, NULL, NULL),
(852, 'Bafing', 106, NULL, NULL),
(853, 'Denguele', 106, NULL, NULL),
(854, 'Dix-huit Montagnes', 106, NULL, NULL),
(855, 'Fromager', 106, NULL, NULL),
(856, 'Haut-Sassandra', 106, NULL, NULL),
(857, 'Lacs', 106, NULL, NULL),
(858, 'Lagunes', 106, NULL, NULL),
(859, 'Marahoue', 106, NULL, NULL),
(860, 'Moyen-Cavally', 106, NULL, NULL),
(861, 'Moyen-Comoe', 106, NULL, NULL),
(862, 'Nzi-Comoe', 106, NULL, NULL),
(863, 'Sassandra', 106, NULL, NULL),
(864, 'Savanes', 106, NULL, NULL),
(865, 'Sud-Bandama', 106, NULL, NULL),
(866, 'Sud-Comoe', 106, NULL, NULL),
(867, 'Vallee du Bandama', 106, NULL, NULL),
(868, 'Worodougou', 106, NULL, NULL),
(869, 'Zanzan', 106, NULL, NULL),
(870, 'Bjelovar-Bilogora', 53, NULL, NULL),
(871, 'Dubrovnik-Neretva', 53, NULL, NULL),
(872, 'Grad Zagreb', 53, NULL, NULL),
(873, 'Istra', 53, NULL, NULL),
(874, 'Karlovac', 53, NULL, NULL),
(875, 'Koprivnica-Krizhevci', 53, NULL, NULL),
(876, 'Krapina-Zagorje', 53, NULL, NULL),
(877, 'Lika-Senj', 53, NULL, NULL),
(878, 'Medhimurje', 53, NULL, NULL),
(879, 'Medimurska Zupanija', 53, NULL, NULL),
(880, 'Osijek-Baranja', 53, NULL, NULL),
(881, 'Osjecko-Baranjska Zupanija', 53, NULL, NULL),
(882, 'Pozhega-Slavonija', 53, NULL, NULL),
(883, 'Primorje-Gorski Kotar', 53, NULL, NULL),
(884, 'Shibenik-Knin', 53, NULL, NULL),
(885, 'Sisak-Moslavina', 53, NULL, NULL),
(886, 'Slavonski Brod-Posavina', 53, NULL, NULL),
(887, 'Split-Dalmacija', 53, NULL, NULL),
(888, 'Varazhdin', 53, NULL, NULL),
(889, 'Virovitica-Podravina', 53, NULL, NULL),
(890, 'Vukovar-Srijem', 53, NULL, NULL),
(891, 'Zadar', 53, NULL, NULL),
(892, 'Zagreb', 53, NULL, NULL),
(893, 'Camaguey', 54, NULL, NULL),
(894, 'Ciego de Avila', 54, NULL, NULL),
(895, 'Cienfuegos', 54, NULL, NULL),
(896, 'Ciudad de la Habana', 54, NULL, NULL),
(897, 'Granma', 54, NULL, NULL),
(898, 'Guantanamo', 54, NULL, NULL),
(899, 'Habana', 54, NULL, NULL),
(900, 'Holguin', 54, NULL, NULL),
(901, 'Isla de la Juventud', 54, NULL, NULL),
(902, 'La Habana', 54, NULL, NULL),
(903, 'Las Tunas', 54, NULL, NULL),
(904, 'Matanzas', 54, NULL, NULL),
(905, 'Pinar del Rio', 54, NULL, NULL),
(906, 'Sancti Spiritus', 54, NULL, NULL),
(907, 'Santiago de Cuba', 54, NULL, NULL),
(908, 'Villa Clara', 54, NULL, NULL),
(909, 'Government controlled area', 55, NULL, NULL),
(910, 'Limassol', 55, NULL, NULL),
(911, 'Nicosia District', 55, NULL, NULL),
(912, 'Paphos', 55, NULL, NULL),
(913, 'Turkish controlled area', 55, NULL, NULL),
(914, 'Central Bohemian', 56, NULL, NULL),
(915, 'Frycovice', 56, NULL, NULL),
(916, 'Jihocesky Kraj', 56, NULL, NULL),
(917, 'Jihochesky', 56, NULL, NULL),
(918, 'Jihomoravsky', 56, NULL, NULL),
(919, 'Karlovarsky', 56, NULL, NULL),
(920, 'Klecany', 56, NULL, NULL),
(921, 'Kralovehradecky', 56, NULL, NULL),
(922, 'Liberecky', 56, NULL, NULL),
(923, 'Lipov', 56, NULL, NULL),
(924, 'Moravskoslezsky', 56, NULL, NULL),
(925, 'Olomoucky', 56, NULL, NULL),
(926, 'Olomoucky Kraj', 56, NULL, NULL),
(927, 'Pardubicky', 56, NULL, NULL),
(928, 'Plzensky', 56, NULL, NULL),
(929, 'Praha', 56, NULL, NULL),
(930, 'Rajhrad', 56, NULL, NULL),
(931, 'Smirice', 56, NULL, NULL),
(932, 'South Moravian', 56, NULL, NULL),
(933, 'Straz nad Nisou', 56, NULL, NULL),
(934, 'Stredochesky', 56, NULL, NULL),
(935, 'Unicov', 56, NULL, NULL),
(936, 'Ustecky', 56, NULL, NULL),
(937, 'Valletta', 56, NULL, NULL),
(938, 'Velesin', 56, NULL, NULL),
(939, 'Vysochina', 56, NULL, NULL),
(940, 'Zlinsky', 56, NULL, NULL),
(941, 'Arhus', 57, NULL, NULL),
(942, 'Bornholm', 57, NULL, NULL),
(943, 'Frederiksborg', 57, NULL, NULL),
(944, 'Fyn', 57, NULL, NULL),
(945, 'Hovedstaden', 57, NULL, NULL),
(946, 'Kobenhavn', 57, NULL, NULL),
(947, 'Kobenhavns Amt', 57, NULL, NULL),
(948, 'Kobenhavns Kommune', 57, NULL, NULL),
(949, 'Nordjylland', 57, NULL, NULL),
(950, 'Ribe', 57, NULL, NULL),
(951, 'Ringkobing', 57, NULL, NULL),
(952, 'Roervig', 57, NULL, NULL),
(953, 'Roskilde', 57, NULL, NULL),
(954, 'Roslev', 57, NULL, NULL),
(955, 'Sjaelland', 57, NULL, NULL),
(956, 'Soeborg', 57, NULL, NULL),
(957, 'Sonderjylland', 57, NULL, NULL),
(958, 'Storstrom', 57, NULL, NULL),
(959, 'Syddanmark', 57, NULL, NULL),
(960, 'Toelloese', 57, NULL, NULL),
(961, 'Vejle', 57, NULL, NULL),
(962, 'Vestsjalland', 57, NULL, NULL),
(963, 'Viborg', 57, NULL, NULL),
(964, 'Ali Sabih', 58, NULL, NULL),
(965, 'Dikhil', 58, NULL, NULL),
(966, 'Jibuti', 58, NULL, NULL),
(967, 'Tajurah', 58, NULL, NULL),
(968, 'Ubuk', 58, NULL, NULL),
(969, 'Saint Andrew', 59, NULL, NULL),
(970, 'Saint David', 59, NULL, NULL),
(971, 'Saint George', 59, NULL, NULL),
(972, 'Saint John', 59, NULL, NULL),
(973, 'Saint Joseph', 59, NULL, NULL),
(974, 'Saint Luke', 59, NULL, NULL),
(975, 'Saint Mark', 59, NULL, NULL),
(976, 'Saint Patrick', 59, NULL, NULL),
(977, 'Saint Paul', 59, NULL, NULL),
(978, 'Saint Peter', 59, NULL, NULL),
(979, 'Azua', 60, NULL, NULL),
(980, 'Bahoruco', 60, NULL, NULL),
(981, 'Barahona', 60, NULL, NULL),
(982, 'Dajabon', 60, NULL, NULL),
(983, 'Distrito Nacional', 60, NULL, NULL),
(984, 'Duarte', 60, NULL, NULL),
(985, 'El Seybo', 60, NULL, NULL),
(986, 'Elias Pina', 60, NULL, NULL),
(987, 'Espaillat', 60, NULL, NULL),
(988, 'Hato Mayor', 60, NULL, NULL),
(989, 'Independencia', 60, NULL, NULL),
(990, 'La Altagracia', 60, NULL, NULL),
(991, 'La Romana', 60, NULL, NULL),
(992, 'La Vega', 60, NULL, NULL),
(993, 'Maria Trinidad Sanchez', 60, NULL, NULL),
(994, 'Monsenor Nouel', 60, NULL, NULL),
(995, 'Monte Cristi', 60, NULL, NULL),
(996, 'Monte Plata', 60, NULL, NULL),
(997, 'Pedernales', 60, NULL, NULL),
(998, 'Peravia', 60, NULL, NULL),
(999, 'Puerto Plata', 60, NULL, NULL),
(1000, 'Salcedo', 60, NULL, NULL),
(1001, 'Samana', 60, NULL, NULL),
(1002, 'San Cristobal', 60, NULL, NULL),
(1003, 'San Juan', 60, NULL, NULL),
(1004, 'San Pedro de Macoris', 60, NULL, NULL),
(1005, 'Sanchez Ramirez', 60, NULL, NULL),
(1006, 'Santiago', 60, NULL, NULL),
(1007, 'Santiago Rodriguez', 60, NULL, NULL),
(1008, 'Valverde', 60, NULL, NULL),
(1009, 'Aileu', 61, NULL, NULL),
(1010, 'Ainaro', 61, NULL, NULL),
(1011, 'Ambeno', 61, NULL, NULL),
(1012, 'Baucau', 61, NULL, NULL),
(1013, 'Bobonaro', 61, NULL, NULL),
(1014, 'Cova Lima', 61, NULL, NULL),
(1015, 'Dili', 61, NULL, NULL),
(1016, 'Ermera', 61, NULL, NULL),
(1017, 'Lautem', 61, NULL, NULL),
(1018, 'Liquica', 61, NULL, NULL),
(1019, 'Manatuto', 61, NULL, NULL),
(1020, 'Manufahi', 61, NULL, NULL),
(1021, 'Viqueque', 61, NULL, NULL),
(1022, 'Azuay', 62, NULL, NULL),
(1023, 'Bolivar', 62, NULL, NULL),
(1024, 'Canar', 62, NULL, NULL),
(1025, 'Carchi', 62, NULL, NULL),
(1026, 'Chimborazo', 62, NULL, NULL),
(1027, 'Cotopaxi', 62, NULL, NULL),
(1028, 'El Oro', 62, NULL, NULL),
(1029, 'Esmeraldas', 62, NULL, NULL),
(1030, 'Galapagos', 62, NULL, NULL),
(1031, 'Guayas', 62, NULL, NULL),
(1032, 'Imbabura', 62, NULL, NULL),
(1033, 'Loja', 62, NULL, NULL),
(1034, 'Los Rios', 62, NULL, NULL),
(1035, 'Manabi', 62, NULL, NULL),
(1036, 'Morona Santiago', 62, NULL, NULL),
(1037, 'Napo', 62, NULL, NULL),
(1038, 'Orellana', 62, NULL, NULL),
(1039, 'Pastaza', 62, NULL, NULL),
(1040, 'Pichincha', 62, NULL, NULL),
(1041, 'Sucumbios', 62, NULL, NULL),
(1042, 'Tungurahua', 62, NULL, NULL),
(1043, 'Zamora Chinchipe', 62, NULL, NULL),
(1044, 'Aswan', 63, NULL, NULL),
(1045, 'Asyut', 63, NULL, NULL),
(1046, 'Bani Suwayf', 63, NULL, NULL),
(1047, 'Bur Said', 63, NULL, NULL),
(1048, 'Cairo', 63, NULL, NULL),
(1049, 'Dumyat', 63, NULL, NULL),
(1050, 'Kafr-ash-Shaykh', 63, NULL, NULL),
(1051, 'Matruh', 63, NULL, NULL),
(1052, 'Muhafazat ad Daqahliyah', 63, NULL, NULL),
(1053, 'Muhafazat al Fayyum', 63, NULL, NULL),
(1054, 'Muhafazat al Gharbiyah', 63, NULL, NULL),
(1055, 'Muhafazat al Iskandariyah', 63, NULL, NULL),
(1056, 'Muhafazat al Qahirah', 63, NULL, NULL),
(1057, 'Qina', 63, NULL, NULL),
(1058, 'Sawhaj', 63, NULL, NULL),
(1059, 'Sina al-Janubiyah', 63, NULL, NULL),
(1060, 'Sina ash-Shamaliyah', 63, NULL, NULL),
(1061, 'ad-Daqahliyah', 63, NULL, NULL),
(1062, 'al-Bahr-al-Ahmar', 63, NULL, NULL),
(1063, 'al-Buhayrah', 63, NULL, NULL),
(1064, 'al-Fayyum', 63, NULL, NULL),
(1065, 'al-Gharbiyah', 63, NULL, NULL),
(1066, 'al-Iskandariyah', 63, NULL, NULL),
(1067, 'al-Ismailiyah', 63, NULL, NULL),
(1068, 'al-Jizah', 63, NULL, NULL),
(1069, 'al-Minufiyah', 63, NULL, NULL),
(1070, 'al-Minya', 63, NULL, NULL),
(1071, 'al-Qahira', 63, NULL, NULL),
(1072, 'al-Qalyubiyah', 63, NULL, NULL),
(1073, 'al-Uqsur', 63, NULL, NULL),
(1074, 'al-Wadi al-Jadid', 63, NULL, NULL),
(1075, 'as-Suways', 63, NULL, NULL),
(1076, 'ash-Sharqiyah', 63, NULL, NULL),
(1077, 'Ahuachapan', 64, NULL, NULL),
(1078, 'Cabanas', 64, NULL, NULL),
(1079, 'Chalatenango', 64, NULL, NULL),
(1080, 'Cuscatlan', 64, NULL, NULL),
(1081, 'La Libertad', 64, NULL, NULL),
(1082, 'La Paz', 64, NULL, NULL),
(1083, 'La Union', 64, NULL, NULL),
(1084, 'Morazan', 64, NULL, NULL),
(1085, 'San Miguel', 64, NULL, NULL),
(1086, 'San Salvador', 64, NULL, NULL),
(1087, 'San Vicente', 64, NULL, NULL),
(1088, 'Santa Ana', 64, NULL, NULL),
(1089, 'Sonsonate', 64, NULL, NULL),
(1090, 'Usulutan', 64, NULL, NULL),
(1091, 'Annobon', 65, NULL, NULL),
(1092, 'Bioko Norte', 65, NULL, NULL),
(1093, 'Bioko Sur', 65, NULL, NULL),
(1094, 'Centro Sur', 65, NULL, NULL),
(1095, 'Kie-Ntem', 65, NULL, NULL),
(1096, 'Litoral', 65, NULL, NULL),
(1097, 'Wele-Nzas', 65, NULL, NULL),
(1098, 'Anseba', 66, NULL, NULL),
(1099, 'Debub', 66, NULL, NULL),
(1100, 'Debub-Keih-Bahri', 66, NULL, NULL),
(1101, 'Gash-Barka', 66, NULL, NULL),
(1102, 'Maekel', 66, NULL, NULL),
(1103, 'Semien-Keih-Bahri', 66, NULL, NULL),
(1104, 'Harju', 67, NULL, NULL),
(1105, 'Hiiu', 67, NULL, NULL),
(1106, 'Ida-Viru', 67, NULL, NULL),
(1107, 'Jarva', 67, NULL, NULL),
(1108, 'Jogeva', 67, NULL, NULL),
(1109, 'Laane', 67, NULL, NULL),
(1110, 'Laane-Viru', 67, NULL, NULL),
(1111, 'Parnu', 67, NULL, NULL),
(1112, 'Polva', 67, NULL, NULL),
(1113, 'Rapla', 67, NULL, NULL),
(1114, 'Saare', 67, NULL, NULL),
(1115, 'Tartu', 67, NULL, NULL),
(1116, 'Valga', 67, NULL, NULL),
(1117, 'Viljandi', 67, NULL, NULL),
(1118, 'Voru', 67, NULL, NULL),
(1119, 'Addis Abeba', 68, NULL, NULL),
(1120, 'Afar', 68, NULL, NULL),
(1121, 'Amhara', 68, NULL, NULL),
(1122, 'Benishangul', 68, NULL, NULL),
(1123, 'Diredawa', 68, NULL, NULL),
(1124, 'Gambella', 68, NULL, NULL),
(1125, 'Harar', 68, NULL, NULL),
(1126, 'Jigjiga', 68, NULL, NULL),
(1127, 'Mekele', 68, NULL, NULL),
(1128, 'Oromia', 68, NULL, NULL),
(1129, 'Somali', 68, NULL, NULL),
(1130, 'Southern', 68, NULL, NULL),
(1131, 'Tigray', 68, NULL, NULL),
(1132, 'Christmas Island', 388, NULL, NULL),
(1133, 'Cocos Islands', 388, NULL, NULL),
(1134, 'Coral Sea Islands', 388, NULL, NULL),
(1135, 'Falkland Islands', 69, NULL, NULL),
(1136, 'South Georgia', 69, NULL, NULL),
(1137, 'Klaksvik', 70, NULL, NULL),
(1138, 'Nor ara Eysturoy', 70, NULL, NULL),
(1139, 'Nor oy', 70, NULL, NULL),
(1140, 'Sandoy', 70, NULL, NULL),
(1141, 'Streymoy', 70, NULL, NULL),
(1142, 'Su uroy', 70, NULL, NULL),
(1143, 'Sy ra Eysturoy', 70, NULL, NULL),
(1144, 'Torshavn', 70, NULL, NULL),
(1145, 'Vaga', 70, NULL, NULL),
(1146, 'Central', 71, NULL, NULL),
(1147, 'Eastern', 71, NULL, NULL),
(1148, 'Northern', 71, NULL, NULL),
(1149, 'South Pacific', 71, NULL, NULL),
(1150, 'Western', 71, NULL, NULL),
(1151, 'Ahvenanmaa', 72, NULL, NULL),
(1152, 'Etela-Karjala', 72, NULL, NULL),
(1153, 'Etela-Pohjanmaa', 72, NULL, NULL),
(1154, 'Etela-Savo', 72, NULL, NULL),
(1155, 'Etela-Suomen Laani', 72, NULL, NULL),
(1156, 'Ita-Suomen Laani', 72, NULL, NULL),
(1157, 'Ita-Uusimaa', 72, NULL, NULL),
(1158, 'Kainuu', 72, NULL, NULL),
(1159, 'Kanta-Hame', 72, NULL, NULL),
(1160, 'Keski-Pohjanmaa', 72, NULL, NULL),
(1161, 'Keski-Suomi', 72, NULL, NULL),
(1162, 'Kymenlaakso', 72, NULL, NULL),
(1163, 'Lansi-Suomen Laani', 72, NULL, NULL),
(1164, 'Lappi', 72, NULL, NULL),
(1165, 'Northern Savonia', 72, NULL, NULL),
(1166, 'Ostrobothnia', 72, NULL, NULL),
(1167, 'Oulun Laani', 72, NULL, NULL),
(1168, 'Paijat-Hame', 72, NULL, NULL),
(1169, 'Pirkanmaa', 72, NULL, NULL),
(1170, 'Pohjanmaa', 72, NULL, NULL),
(1171, 'Pohjois-Karjala', 72, NULL, NULL),
(1172, 'Pohjois-Pohjanmaa', 72, NULL, NULL),
(1173, 'Pohjois-Savo', 72, NULL, NULL),
(1174, 'Saarijarvi', 72, NULL, NULL),
(1175, 'Satakunta', 72, NULL, NULL),
(1176, 'Southern Savonia', 72, NULL, NULL),
(1177, 'Tavastia Proper', 72, NULL, NULL),
(1178, 'Uleaborgs Lan', 72, NULL, NULL),
(1179, 'Uusimaa', 72, NULL, NULL),
(1180, 'Varsinais-Suomi', 72, NULL, NULL),
(1181, 'Ain', 73, NULL, NULL),
(1182, 'Aisne', 73, NULL, NULL),
(1183, 'Albi Le Sequestre', 73, NULL, NULL),
(1184, 'Allier', 73, NULL, NULL),
(1185, 'Alpes-Cote dAzur', 73, NULL, NULL),
(1186, 'Alpes-Maritimes', 73, NULL, NULL),
(1187, 'Alpes-de-Haute-Provence', 73, NULL, NULL),
(1188, 'Alsace', 73, NULL, NULL),
(1189, 'Aquitaine', 73, NULL, NULL),
(1190, 'Ardeche', 73, NULL, NULL),
(1191, 'Ardennes', 73, NULL, NULL),
(1192, 'Ariege', 73, NULL, NULL),
(1193, 'Aube', 73, NULL, NULL),
(1194, 'Aude', 73, NULL, NULL),
(1195, 'Auvergne', 73, NULL, NULL),
(1196, 'Aveyron', 73, NULL, NULL),
(1197, 'Bas-Rhin', 73, NULL, NULL),
(1198, 'Basse-Normandie', 73, NULL, NULL),
(1199, 'Bouches-du-Rhone', 73, NULL, NULL),
(1200, 'Bourgogne', 73, NULL, NULL),
(1201, 'Bretagne', 73, NULL, NULL),
(1202, 'Brittany', 73, NULL, NULL),
(1203, 'Burgundy', 73, NULL, NULL),
(1204, 'Calvados', 73, NULL, NULL),
(1205, 'Cantal', 73, NULL, NULL),
(1206, 'Cedex', 73, NULL, NULL),
(1207, 'Centre', 73, NULL, NULL),
(1208, 'Charente', 73, NULL, NULL),
(1209, 'Charente-Maritime', 73, NULL, NULL),
(1210, 'Cher', 73, NULL, NULL),
(1211, 'Correze', 73, NULL, NULL),
(1212, 'Corse-du-Sud', 73, NULL, NULL),
(1213, 'Cote-dOr', 73, NULL, NULL),
(1214, 'Cotes-dArmor', 73, NULL, NULL),
(1215, 'Creuse', 73, NULL, NULL),
(1216, 'Crolles', 73, NULL, NULL),
(1217, 'Deux-Sevres', 73, NULL, NULL),
(1218, 'Dordogne', 73, NULL, NULL),
(1219, 'Doubs', 73, NULL, NULL),
(1220, 'Drome', 73, NULL, NULL),
(1221, 'Essonne', 73, NULL, NULL),
(1222, 'Eure', 73, NULL, NULL),
(1223, 'Eure-et-Loir', 73, NULL, NULL),
(1224, 'Feucherolles', 73, NULL, NULL),
(1225, 'Finistere', 73, NULL, NULL),
(1226, 'Franche-Comte', 73, NULL, NULL),
(1227, 'Gard', 73, NULL, NULL),
(1228, 'Gers', 73, NULL, NULL),
(1229, 'Gironde', 73, NULL, NULL),
(1230, 'Haut-Rhin', 73, NULL, NULL),
(1231, 'Haute-Corse', 73, NULL, NULL),
(1232, 'Haute-Garonne', 73, NULL, NULL),
(1233, 'Haute-Loire', 73, NULL, NULL),
(1234, 'Haute-Marne', 73, NULL, NULL),
(1235, 'Haute-Saone', 73, NULL, NULL),
(1236, 'Haute-Savoie', 73, NULL, NULL),
(1237, 'Haute-Vienne', 73, NULL, NULL),
(1238, 'Hautes-Alpes', 73, NULL, NULL),
(1239, 'Hautes-Pyrenees', 73, NULL, NULL),
(1240, 'Hauts-de-Seine', 73, NULL, NULL),
(1241, 'Herault', 73, NULL, NULL),
(1242, 'Ile-de-France', 73, NULL, NULL),
(1243, 'Ille-et-Vilaine', 73, NULL, NULL),
(1244, 'Indre', 73, NULL, NULL),
(1245, 'Indre-et-Loire', 73, NULL, NULL),
(1246, 'Isere', 73, NULL, NULL),
(1247, 'Jura', 73, NULL, NULL),
(1248, 'Klagenfurt', 73, NULL, NULL),
(1249, 'Landes', 73, NULL, NULL),
(1250, 'Languedoc-Roussillon', 73, NULL, NULL),
(1251, 'Larcay', 73, NULL, NULL),
(1252, 'Le Castellet', 73, NULL, NULL),
(1253, 'Le Creusot', 73, NULL, NULL),
(1254, 'Limousin', 73, NULL, NULL),
(1255, 'Loir-et-Cher', 73, NULL, NULL),
(1256, 'Loire', 73, NULL, NULL),
(1257, 'Loire-Atlantique', 73, NULL, NULL),
(1258, 'Loiret', 73, NULL, NULL),
(1259, 'Lorraine', 73, NULL, NULL),
(1260, 'Lot', 73, NULL, NULL),
(1261, 'Lot-et-Garonne', 73, NULL, NULL),
(1262, 'Lower Normandy', 73, NULL, NULL),
(1263, 'Lozere', 73, NULL, NULL),
(1264, 'Maine-et-Loire', 73, NULL, NULL),
(1265, 'Manche', 73, NULL, NULL),
(1266, 'Marne', 73, NULL, NULL),
(1267, 'Mayenne', 73, NULL, NULL),
(1268, 'Meurthe-et-Moselle', 73, NULL, NULL),
(1269, 'Meuse', 73, NULL, NULL),
(1270, 'Midi-Pyrenees', 73, NULL, NULL),
(1271, 'Morbihan', 73, NULL, NULL),
(1272, 'Moselle', 73, NULL, NULL),
(1273, 'Nievre', 73, NULL, NULL),
(1274, 'Nord', 73, NULL, NULL),
(1275, 'Nord-Pas-de-Calais', 73, NULL, NULL),
(1276, 'Oise', 73, NULL, NULL),
(1277, 'Orne', 73, NULL, NULL),
(1278, 'Paris', 73, NULL, NULL),
(1279, 'Pas-de-Calais', 73, NULL, NULL),
(1280, 'Pays de la Loire', 73, NULL, NULL),
(1281, 'Pays-de-la-Loire', 73, NULL, NULL),
(1282, 'Picardy', 73, NULL, NULL),
(1283, 'Puy-de-Dome', 73, NULL, NULL),
(1284, 'Pyrenees-Atlantiques', 73, NULL, NULL),
(1285, 'Pyrenees-Orientales', 73, NULL, NULL),
(1286, 'Quelmes', 73, NULL, NULL),
(1287, 'Rhone', 73, NULL, NULL),
(1288, 'Rhone-Alpes', 73, NULL, NULL),
(1289, 'Saint Ouen', 73, NULL, NULL),
(1290, 'Saint Viatre', 73, NULL, NULL),
(1291, 'Saone-et-Loire', 73, NULL, NULL),
(1292, 'Sarthe', 73, NULL, NULL),
(1293, 'Savoie', 73, NULL, NULL),
(1294, 'Seine-Maritime', 73, NULL, NULL),
(1295, 'Seine-Saint-Denis', 73, NULL, NULL),
(1296, 'Seine-et-Marne', 73, NULL, NULL),
(1297, 'Somme', 73, NULL, NULL),
(1298, 'Sophia Antipolis', 73, NULL, NULL),
(1299, 'Souvans', 73, NULL, NULL),
(1300, 'Tarn', 73, NULL, NULL),
(1301, 'Tarn-et-Garonne', 73, NULL, NULL),
(1302, 'Territoire de Belfort', 73, NULL, NULL),
(1303, 'Treignac', 73, NULL, NULL),
(1304, 'Upper Normandy', 73, NULL, NULL),
(1305, 'Val-dOise', 73, NULL, NULL),
(1306, 'Val-de-Marne', 73, NULL, NULL),
(1307, 'Var', 73, NULL, NULL),
(1308, 'Vaucluse', 73, NULL, NULL),
(1309, 'Vellise', 73, NULL, NULL),
(1310, 'Vendee', 73, NULL, NULL),
(1311, 'Vienne', 73, NULL, NULL),
(1312, 'Vosges', 73, NULL, NULL),
(1313, 'Yonne', 73, NULL, NULL),
(1314, 'Yvelines', 73, NULL, NULL),
(1315, 'Cayenne', 75, NULL, NULL),
(1316, 'Saint-Laurent-du-Maroni', 75, NULL, NULL),
(1317, 'Iles du Vent', 76, NULL, NULL),
(1318, 'Iles sous le Vent', 76, NULL, NULL),
(1319, 'Marquesas', 76, NULL, NULL),
(1320, 'Tuamotu', 76, NULL, NULL),
(1321, 'Tubuai', 76, NULL, NULL),
(1322, 'Amsterdam', 77, NULL, NULL),
(1323, 'Crozet Islands', 77, NULL, NULL),
(1324, 'Kerguelen', 77, NULL, NULL),
(1325, 'Estuaire', 78, NULL, NULL),
(1326, 'Haut-Ogooue', 78, NULL, NULL),
(1327, 'Moyen-Ogooue', 78, NULL, NULL),
(1328, 'Ngounie', 78, NULL, NULL),
(1329, 'Nyanga', 78, NULL, NULL),
(1330, 'Ogooue-Ivindo', 78, NULL, NULL),
(1331, 'Ogooue-Lolo', 78, NULL, NULL),
(1332, 'Ogooue-Maritime', 78, NULL, NULL),
(1333, 'Woleu-Ntem', 78, NULL, NULL),
(1334, 'Banjul', 79, NULL, NULL),
(1335, 'Basse', 79, NULL, NULL),
(1336, 'Brikama', 79, NULL, NULL),
(1337, 'Janjanbureh', 79, NULL, NULL),
(1338, 'Kanifing', 79, NULL, NULL),
(1339, 'Kerewan', 79, NULL, NULL),
(1340, 'Kuntaur', 79, NULL, NULL),
(1341, 'Mansakonko', 79, NULL, NULL),
(1342, 'Abhasia', 80, NULL, NULL),
(1343, 'Ajaria', 80, NULL, NULL),
(1344, 'Guria', 80, NULL, NULL),
(1345, 'Imereti', 80, NULL, NULL),
(1346, 'Kaheti', 80, NULL, NULL),
(1347, 'Kvemo Kartli', 80, NULL, NULL),
(1348, 'Mcheta-Mtianeti', 80, NULL, NULL),
(1349, 'Racha', 80, NULL, NULL),
(1350, 'Samagrelo-Zemo Svaneti', 80, NULL, NULL),
(1351, 'Samche-Zhavaheti', 80, NULL, NULL),
(1352, 'Shida Kartli', 80, NULL, NULL),
(1353, 'Tbilisi', 80, NULL, NULL),
(1354, 'Auvergne', 81, NULL, NULL),
(1355, 'Baden-Wurttemberg', 81, NULL, NULL),
(1356, 'Bavaria', 81, NULL, NULL),
(1357, 'Bayern', 81, NULL, NULL),
(1358, 'Beilstein Wurtt', 81, NULL, NULL),
(1359, 'Berlin', 81, NULL, NULL),
(1360, 'Brandenburg', 81, NULL, NULL),
(1361, 'Bremen', 81, NULL, NULL),
(1362, 'Dreisbach', 81, NULL, NULL),
(1363, 'Freistaat Bayern', 81, NULL, NULL),
(1364, 'Hamburg', 81, NULL, NULL),
(1365, 'Hannover', 81, NULL, NULL),
(1366, 'Heroldstatt', 81, NULL, NULL),
(1367, 'Hessen', 81, NULL, NULL),
(1368, 'Kortenberg', 81, NULL, NULL),
(1369, 'Laasdorf', 81, NULL, NULL),
(1370, 'Land Baden-Wurttemberg', 81, NULL, NULL),
(1371, 'Land Bayern', 81, NULL, NULL),
(1372, 'Land Brandenburg', 81, NULL, NULL),
(1373, 'Land Hessen', 81, NULL, NULL),
(1374, 'Land Mecklenburg-Vorpommern', 81, NULL, NULL),
(1375, 'Land Nordrhein-Westfalen', 81, NULL, NULL),
(1376, 'Land Rheinland-Pfalz', 81, NULL, NULL),
(1377, 'Land Sachsen', 81, NULL, NULL),
(1378, 'Land Sachsen-Anhalt', 81, NULL, NULL),
(1379, 'Land Thuringen', 81, NULL, NULL),
(1380, 'Lower Saxony', 81, NULL, NULL),
(1381, 'Mecklenburg-Vorpommern', 81, NULL, NULL),
(1382, 'Mulfingen', 81, NULL, NULL),
(1383, 'Munich', 81, NULL, NULL),
(1384, 'Neubeuern', 81, NULL, NULL),
(1385, 'Niedersachsen', 81, NULL, NULL),
(1386, 'Noord-Holland', 81, NULL, NULL),
(1387, 'Nordrhein-Westfalen', 81, NULL, NULL),
(1388, 'North Rhine-Westphalia', 81, NULL, NULL),
(1389, 'Osterode', 81, NULL, NULL),
(1390, 'Rheinland-Pfalz', 81, NULL, NULL),
(1391, 'Rhineland-Palatinate', 81, NULL, NULL),
(1392, 'Saarland', 81, NULL, NULL),
(1393, 'Sachsen', 81, NULL, NULL),
(1394, 'Sachsen-Anhalt', 81, NULL, NULL),
(1395, 'Saxony', 81, NULL, NULL),
(1396, 'Schleswig-Holstein', 81, NULL, NULL),
(1397, 'Thuringia', 81, NULL, NULL),
(1398, 'Webling', 81, NULL, NULL),
(1399, 'Weinstrabe', 81, NULL, NULL),
(1400, 'schlobborn', 81, NULL, NULL),
(1401, 'Ashanti', 82, NULL, NULL),
(1402, 'Brong-Ahafo', 82, NULL, NULL),
(1403, 'Central', 82, NULL, NULL),
(1404, 'Eastern', 82, NULL, NULL),
(1405, 'Greater Accra', 82, NULL, NULL),
(1406, 'Northern', 82, NULL, NULL),
(1407, 'Upper East', 82, NULL, NULL),
(1408, 'Upper West', 82, NULL, NULL),
(1409, 'Volta', 82, NULL, NULL),
(1410, 'Western', 82, NULL, NULL),
(1411, 'Gibraltar', 83, NULL, NULL),
(1412, 'Acharnes', 84, NULL, NULL),
(1413, 'Ahaia', 84, NULL, NULL),
(1414, 'Aitolia kai Akarnania', 84, NULL, NULL),
(1415, 'Argolis', 84, NULL, NULL),
(1416, 'Arkadia', 84, NULL, NULL),
(1417, 'Arta', 84, NULL, NULL),
(1418, 'Attica', 84, NULL, NULL),
(1419, 'Attiki', 84, NULL, NULL),
(1420, 'Ayion Oros', 84, NULL, NULL),
(1421, 'Crete', 84, NULL, NULL),
(1422, 'Dodekanisos', 84, NULL, NULL),
(1423, 'Drama', 84, NULL, NULL),
(1424, 'Evia', 84, NULL, NULL),
(1425, 'Evritania', 84, NULL, NULL),
(1426, 'Evros', 84, NULL, NULL),
(1427, 'Evvoia', 84, NULL, NULL),
(1428, 'Florina', 84, NULL, NULL),
(1429, 'Fokis', 84, NULL, NULL),
(1430, 'Fthiotis', 84, NULL, NULL),
(1431, 'Grevena', 84, NULL, NULL),
(1432, 'Halandri', 84, NULL, NULL),
(1433, 'Halkidiki', 84, NULL, NULL),
(1434, 'Hania', 84, NULL, NULL),
(1435, 'Heraklion', 84, NULL, NULL),
(1436, 'Hios', 84, NULL, NULL),
(1437, 'Ilia', 84, NULL, NULL),
(1438, 'Imathia', 84, NULL, NULL),
(1439, 'Ioannina', 84, NULL, NULL),
(1440, 'Iraklion', 84, NULL, NULL),
(1441, 'Karditsa', 84, NULL, NULL),
(1442, 'Kastoria', 84, NULL, NULL),
(1443, 'Kavala', 84, NULL, NULL),
(1444, 'Kefallinia', 84, NULL, NULL),
(1445, 'Kerkira', 84, NULL, NULL),
(1446, 'Kiklades', 84, NULL, NULL);
INSERT INTO `city` (`id`, `name`, `country_id`, `created_at`, `updated_at`) VALUES
(1447, 'Kilkis', 84, NULL, NULL),
(1448, 'Korinthia', 84, NULL, NULL),
(1449, 'Kozani', 84, NULL, NULL),
(1450, 'Lakonia', 84, NULL, NULL),
(1451, 'Larisa', 84, NULL, NULL),
(1452, 'Lasithi', 84, NULL, NULL),
(1453, 'Lesvos', 84, NULL, NULL),
(1454, 'Levkas', 84, NULL, NULL),
(1455, 'Magnisia', 84, NULL, NULL),
(1456, 'Messinia', 84, NULL, NULL),
(1457, 'Nomos Attikis', 84, NULL, NULL),
(1458, 'Nomos Zakynthou', 84, NULL, NULL),
(1459, 'Pella', 84, NULL, NULL),
(1460, 'Pieria', 84, NULL, NULL),
(1461, 'Piraios', 84, NULL, NULL),
(1462, 'Preveza', 84, NULL, NULL),
(1463, 'Rethimni', 84, NULL, NULL),
(1464, 'Rodopi', 84, NULL, NULL),
(1465, 'Samos', 84, NULL, NULL),
(1466, 'Serrai', 84, NULL, NULL),
(1467, 'Thesprotia', 84, NULL, NULL),
(1468, 'Thessaloniki', 84, NULL, NULL),
(1469, 'Trikala', 84, NULL, NULL),
(1470, 'Voiotia', 84, NULL, NULL),
(1471, 'West Greece', 84, NULL, NULL),
(1472, 'Xanthi', 84, NULL, NULL),
(1473, 'Zakinthos', 84, NULL, NULL),
(1474, 'Aasiaat', 85, NULL, NULL),
(1475, 'Ammassalik', 85, NULL, NULL),
(1476, 'Illoqqortoormiut', 85, NULL, NULL),
(1477, 'Ilulissat', 85, NULL, NULL),
(1478, 'Ivittuut', 85, NULL, NULL),
(1479, 'Kangaatsiaq', 85, NULL, NULL),
(1480, 'Maniitsoq', 85, NULL, NULL),
(1481, 'Nanortalik', 85, NULL, NULL),
(1482, 'Narsaq', 85, NULL, NULL),
(1483, 'Nuuk', 85, NULL, NULL),
(1484, 'Paamiut', 85, NULL, NULL),
(1485, 'Qaanaaq', 85, NULL, NULL),
(1486, 'Qaqortoq', 85, NULL, NULL),
(1487, 'Qasigiannguit', 85, NULL, NULL),
(1488, 'Qeqertarsuaq', 85, NULL, NULL),
(1489, 'Sisimiut', 85, NULL, NULL),
(1490, 'Udenfor kommunal inddeling', 85, NULL, NULL),
(1491, 'Upernavik', 85, NULL, NULL),
(1492, 'Uummannaq', 85, NULL, NULL),
(1493, 'Carriacou-Petite Martinique', 86, NULL, NULL),
(1494, 'Saint Andrew', 86, NULL, NULL),
(1495, 'Saint Davids', 86, NULL, NULL),
(1496, 'Saint Georges', 86, NULL, NULL),
(1497, 'Saint John', 86, NULL, NULL),
(1498, 'Saint Mark', 86, NULL, NULL),
(1499, 'Saint Patrick', 86, NULL, NULL),
(1500, 'Basse-Terre', 87, NULL, NULL),
(1501, 'Grande-Terre', 87, NULL, NULL),
(1502, 'Iles des Saintes', 87, NULL, NULL),
(1503, 'La Desirade', 87, NULL, NULL),
(1504, 'Marie-Galante', 87, NULL, NULL),
(1505, 'Saint Barthelemy', 87, NULL, NULL),
(1506, 'Saint Martin', 87, NULL, NULL),
(1507, 'Agana Heights', 88, NULL, NULL),
(1508, 'Agat', 88, NULL, NULL),
(1509, 'Barrigada', 88, NULL, NULL),
(1510, 'Chalan-Pago-Ordot', 88, NULL, NULL),
(1511, 'Dededo', 88, NULL, NULL),
(1512, 'Hagatna', 88, NULL, NULL),
(1513, 'Inarajan', 88, NULL, NULL),
(1514, 'Mangilao', 88, NULL, NULL),
(1515, 'Merizo', 88, NULL, NULL),
(1516, 'Mongmong-Toto-Maite', 88, NULL, NULL),
(1517, 'Santa Rita', 88, NULL, NULL),
(1518, 'Sinajana', 88, NULL, NULL),
(1519, 'Talofofo', 88, NULL, NULL),
(1520, 'Tamuning', 88, NULL, NULL),
(1521, 'Yigo', 88, NULL, NULL),
(1522, 'Yona', 88, NULL, NULL),
(1523, 'Alta Verapaz', 89, NULL, NULL),
(1524, 'Baja Verapaz', 89, NULL, NULL),
(1525, 'Chimaltenango', 89, NULL, NULL),
(1526, 'Chiquimula', 89, NULL, NULL),
(1527, 'El Progreso', 89, NULL, NULL),
(1528, 'Escuintla', 89, NULL, NULL),
(1529, 'Guatemala', 89, NULL, NULL),
(1530, 'Huehuetenango', 89, NULL, NULL),
(1531, 'Izabal', 89, NULL, NULL),
(1532, 'Jalapa', 89, NULL, NULL),
(1533, 'Jutiapa', 89, NULL, NULL),
(1534, 'Peten', 89, NULL, NULL),
(1535, 'Quezaltenango', 89, NULL, NULL),
(1536, 'Quiche', 89, NULL, NULL),
(1537, 'Retalhuleu', 89, NULL, NULL),
(1538, 'Sacatepequez', 89, NULL, NULL),
(1539, 'San Marcos', 89, NULL, NULL),
(1540, 'Santa Rosa', 89, NULL, NULL),
(1541, 'Solola', 89, NULL, NULL),
(1542, 'Suchitepequez', 89, NULL, NULL),
(1543, 'Totonicapan', 89, NULL, NULL),
(1544, 'Zacapa', 89, NULL, NULL),
(1545, 'Alderney', 389, NULL, NULL),
(1546, 'Castel', 389, NULL, NULL),
(1547, 'Forest', 389, NULL, NULL),
(1548, 'Saint Andrew', 389, NULL, NULL),
(1549, 'Saint Martin', 389, NULL, NULL),
(1550, 'Saint Peter Port', 389, NULL, NULL),
(1551, 'Saint Pierre du Bois', 389, NULL, NULL),
(1552, 'Saint Sampson', 389, NULL, NULL),
(1553, 'Saint Saviour', 389, NULL, NULL),
(1554, 'Sark', 389, NULL, NULL),
(1555, 'Torteval', 389, NULL, NULL),
(1556, 'Vale', 389, NULL, NULL),
(1557, 'Beyla', 90, NULL, NULL),
(1558, 'Boffa', 90, NULL, NULL),
(1559, 'Boke', 90, NULL, NULL),
(1560, 'Conakry', 90, NULL, NULL),
(1561, 'Coyah', 90, NULL, NULL),
(1562, 'Dabola', 90, NULL, NULL),
(1563, 'Dalaba', 90, NULL, NULL),
(1564, 'Dinguiraye', 90, NULL, NULL),
(1565, 'Faranah', 90, NULL, NULL),
(1566, 'Forecariah', 90, NULL, NULL),
(1567, 'Fria', 90, NULL, NULL),
(1568, 'Gaoual', 90, NULL, NULL),
(1569, 'Gueckedou', 90, NULL, NULL),
(1570, 'Kankan', 90, NULL, NULL),
(1571, 'Kerouane', 90, NULL, NULL),
(1572, 'Kindia', 90, NULL, NULL),
(1573, 'Kissidougou', 90, NULL, NULL),
(1574, 'Koubia', 90, NULL, NULL),
(1575, 'Koundara', 90, NULL, NULL),
(1576, 'Kouroussa', 90, NULL, NULL),
(1577, 'Labe', 90, NULL, NULL),
(1578, 'Lola', 90, NULL, NULL),
(1579, 'Macenta', 90, NULL, NULL),
(1580, 'Mali', 90, NULL, NULL),
(1581, 'Mamou', 90, NULL, NULL),
(1582, 'Mandiana', 90, NULL, NULL),
(1583, 'Nzerekore', 90, NULL, NULL),
(1584, 'Pita', 90, NULL, NULL),
(1585, 'Siguiri', 90, NULL, NULL),
(1586, 'Telimele', 90, NULL, NULL),
(1587, 'Tougue', 90, NULL, NULL),
(1588, 'Yomou', 90, NULL, NULL),
(1589, 'Bafata', 91, NULL, NULL),
(1590, 'Bissau', 91, NULL, NULL),
(1591, 'Bolama', 91, NULL, NULL),
(1592, 'Cacheu', 91, NULL, NULL),
(1593, 'Gabu', 91, NULL, NULL),
(1594, 'Oio', 91, NULL, NULL),
(1595, 'Quinara', 91, NULL, NULL),
(1596, 'Tombali', 91, NULL, NULL),
(1597, 'Barima-Waini', 92, NULL, NULL),
(1598, 'Cuyuni-Mazaruni', 92, NULL, NULL),
(1599, 'Demerara-Mahaica', 92, NULL, NULL),
(1600, 'East Berbice-Corentyne', 92, NULL, NULL),
(1601, 'Essequibo Islands-West Demerar', 92, NULL, NULL),
(1602, 'Mahaica-Berbice', 92, NULL, NULL),
(1603, 'Pomeroon-Supenaam', 92, NULL, NULL),
(1604, 'Potaro-Siparuni', 92, NULL, NULL),
(1605, 'Upper Demerara-Berbice', 92, NULL, NULL),
(1606, 'Upper Takutu-Upper Essequibo', 92, NULL, NULL),
(1607, 'Artibonite', 93, NULL, NULL),
(1608, 'Centre', 93, NULL, NULL),
(1609, 'GrandAnse', 93, NULL, NULL),
(1610, 'Nord', 93, NULL, NULL),
(1611, 'Nord-Est', 93, NULL, NULL),
(1612, 'Nord-Ouest', 93, NULL, NULL),
(1613, 'Ouest', 93, NULL, NULL),
(1614, 'Sud', 93, NULL, NULL),
(1615, 'Sud-Est', 93, NULL, NULL),
(1616, 'Heard and McDonald Islands', 94, NULL, NULL),
(1617, 'Atlantida', 95, NULL, NULL),
(1618, 'Choluteca', 95, NULL, NULL),
(1619, 'Colon', 95, NULL, NULL),
(1620, 'Comayagua', 95, NULL, NULL),
(1621, 'Copan', 95, NULL, NULL),
(1622, 'Cortes', 95, NULL, NULL),
(1623, 'Distrito Central', 95, NULL, NULL),
(1624, 'El Paraiso', 95, NULL, NULL),
(1625, 'Francisco Morazan', 95, NULL, NULL),
(1626, 'Gracias a Dios', 95, NULL, NULL),
(1627, 'Intibuca', 95, NULL, NULL),
(1628, 'Islas de la Bahia', 95, NULL, NULL),
(1629, 'La Paz', 95, NULL, NULL),
(1630, 'Lempira', 95, NULL, NULL),
(1631, 'Ocotepeque', 95, NULL, NULL),
(1632, 'Olancho', 95, NULL, NULL),
(1633, 'Santa Barbara', 95, NULL, NULL),
(1634, 'Valle', 95, NULL, NULL),
(1635, 'Yoro', 95, NULL, NULL),
(1636, 'Hong Kong', 96, NULL, NULL),
(1637, 'Bacs-Kiskun', 97, NULL, NULL),
(1638, 'Baranya', 97, NULL, NULL),
(1639, 'Bekes', 97, NULL, NULL),
(1640, 'Borsod-Abauj-Zemplen', 97, NULL, NULL),
(1641, 'Budapest', 97, NULL, NULL),
(1642, 'Csongrad', 97, NULL, NULL),
(1643, 'Fejer', 97, NULL, NULL),
(1644, 'Gyor-Moson-Sopron', 97, NULL, NULL),
(1645, 'Hajdu-Bihar', 97, NULL, NULL),
(1646, 'Heves', 97, NULL, NULL),
(1647, 'Jasz-Nagykun-Szolnok', 97, NULL, NULL),
(1648, 'Komarom-Esztergom', 97, NULL, NULL),
(1649, 'Nograd', 97, NULL, NULL),
(1650, 'Pest', 97, NULL, NULL),
(1651, 'Somogy', 97, NULL, NULL),
(1652, 'Szabolcs-Szatmar-Bereg', 97, NULL, NULL),
(1653, 'Tolna', 97, NULL, NULL),
(1654, 'Vas', 97, NULL, NULL),
(1655, 'Veszprem', 97, NULL, NULL),
(1656, 'Zala', 97, NULL, NULL),
(1657, 'Austurland', 98, NULL, NULL),
(1658, 'Gullbringusysla', 98, NULL, NULL),
(1659, 'Hofu borgarsva i', 98, NULL, NULL),
(1660, 'Nor urland eystra', 98, NULL, NULL),
(1661, 'Nor urland vestra', 98, NULL, NULL),
(1662, 'Su urland', 98, NULL, NULL),
(1663, 'Su urnes', 98, NULL, NULL),
(1664, 'Vestfir ir', 98, NULL, NULL),
(1665, 'Vesturland', 98, NULL, NULL),
(1666, 'Aceh', 100, NULL, NULL),
(1667, 'Bali', 100, NULL, NULL),
(1668, 'Bangka-Belitung', 100, NULL, NULL),
(1669, 'Banten', 100, NULL, NULL),
(1670, 'Bengkulu', 100, NULL, NULL),
(1671, 'Gandaria', 100, NULL, NULL),
(1672, 'Gorontalo', 100, NULL, NULL),
(1673, 'Jakarta', 100, NULL, NULL),
(1674, 'Jambi', 100, NULL, NULL),
(1675, 'Jawa Barat', 100, NULL, NULL),
(1676, 'Jawa Tengah', 100, NULL, NULL),
(1677, 'Jawa Timur', 100, NULL, NULL),
(1678, 'Kalimantan Barat', 100, NULL, NULL),
(1679, 'Kalimantan Selatan', 100, NULL, NULL),
(1680, 'Kalimantan Tengah', 100, NULL, NULL),
(1681, 'Kalimantan Timur', 100, NULL, NULL),
(1682, 'Kendal', 100, NULL, NULL),
(1683, 'Lampung', 100, NULL, NULL),
(1684, 'Maluku', 100, NULL, NULL),
(1685, 'Maluku Utara', 100, NULL, NULL),
(1686, 'Nusa Tenggara Barat', 100, NULL, NULL),
(1687, 'Nusa Tenggara Timur', 100, NULL, NULL),
(1688, 'Papua', 100, NULL, NULL),
(1689, 'Riau', 100, NULL, NULL),
(1690, 'Riau Kepulauan', 100, NULL, NULL),
(1691, 'Solo', 100, NULL, NULL),
(1692, 'Sulawesi Selatan', 100, NULL, NULL),
(1693, 'Sulawesi Tengah', 100, NULL, NULL),
(1694, 'Sulawesi Tenggara', 100, NULL, NULL),
(1695, 'Sulawesi Utara', 100, NULL, NULL),
(1696, 'Sumatera Barat', 100, NULL, NULL),
(1697, 'Sumatera Selatan', 100, NULL, NULL),
(1698, 'Sumatera Utara', 100, NULL, NULL),
(1699, 'Yogyakarta', 100, NULL, NULL),
(1700, 'Ardabil', 101, NULL, NULL),
(1701, 'Azarbayjan-e Bakhtari', 101, NULL, NULL),
(1702, 'Azarbayjan-e Khavari', 101, NULL, NULL),
(1703, 'Bushehr', 101, NULL, NULL),
(1704, 'Chahar Mahal-e Bakhtiari', 101, NULL, NULL),
(1705, 'Esfahan', 101, NULL, NULL),
(1706, 'Fars', 101, NULL, NULL),
(1707, 'Gilan', 101, NULL, NULL),
(1708, 'Golestan', 101, NULL, NULL),
(1709, 'Hamadan', 101, NULL, NULL),
(1710, 'Hormozgan', 101, NULL, NULL),
(1711, 'Ilam', 101, NULL, NULL),
(1712, 'Kerman', 101, NULL, NULL),
(1713, 'Kermanshah', 101, NULL, NULL),
(1714, 'Khorasan', 101, NULL, NULL),
(1715, 'Khuzestan', 101, NULL, NULL),
(1716, 'Kohgiluyeh-e Boyerahmad', 101, NULL, NULL),
(1717, 'Kordestan', 101, NULL, NULL),
(1718, 'Lorestan', 101, NULL, NULL),
(1719, 'Markazi', 101, NULL, NULL),
(1720, 'Mazandaran', 101, NULL, NULL),
(1721, 'Ostan-e Esfahan', 101, NULL, NULL),
(1722, 'Qazvin', 101, NULL, NULL),
(1723, 'Qom', 101, NULL, NULL),
(1724, 'Semnan', 101, NULL, NULL),
(1725, 'Sistan-e Baluchestan', 101, NULL, NULL),
(1726, 'Tehran', 101, NULL, NULL),
(1727, 'Yazd', 101, NULL, NULL),
(1728, 'Zanjan', 101, NULL, NULL),
(1729, 'Babil', 102, NULL, NULL),
(1730, 'Baghdad', 102, NULL, NULL),
(1731, 'Dahuk', 102, NULL, NULL),
(1732, 'Dhi Qar', 102, NULL, NULL),
(1733, 'Diyala', 102, NULL, NULL),
(1734, 'Erbil', 102, NULL, NULL),
(1735, 'Irbil', 102, NULL, NULL),
(1736, 'Karbala', 102, NULL, NULL),
(1737, 'Kurdistan', 102, NULL, NULL),
(1738, 'Maysan', 102, NULL, NULL),
(1739, 'Ninawa', 102, NULL, NULL),
(1740, 'Salah-ad-Din', 102, NULL, NULL),
(1741, 'Wasit', 102, NULL, NULL),
(1742, 'al-Anbar', 102, NULL, NULL),
(1743, 'al-Basrah', 102, NULL, NULL),
(1744, 'al-Muthanna', 102, NULL, NULL),
(1745, 'al-Qadisiyah', 102, NULL, NULL),
(1746, 'an-Najaf', 102, NULL, NULL),
(1747, 'as-Sulaymaniyah', 102, NULL, NULL),
(1748, 'at-Tamim', 102, NULL, NULL),
(1749, 'Armagh', 103, NULL, NULL),
(1750, 'Carlow', 103, NULL, NULL),
(1751, 'Cavan', 103, NULL, NULL),
(1752, 'Clare', 103, NULL, NULL),
(1753, 'Cork', 103, NULL, NULL),
(1754, 'Donegal', 103, NULL, NULL),
(1755, 'Dublin', 103, NULL, NULL),
(1756, 'Galway', 103, NULL, NULL),
(1757, 'Kerry', 103, NULL, NULL),
(1758, 'Kildare', 103, NULL, NULL),
(1759, 'Kilkenny', 103, NULL, NULL),
(1760, 'Laois', 103, NULL, NULL),
(1761, 'Leinster', 103, NULL, NULL),
(1762, 'Leitrim', 103, NULL, NULL),
(1763, 'Limerick', 103, NULL, NULL),
(1764, 'Loch Garman', 103, NULL, NULL),
(1765, 'Longford', 103, NULL, NULL),
(1766, 'Louth', 103, NULL, NULL),
(1767, 'Mayo', 103, NULL, NULL),
(1768, 'Meath', 103, NULL, NULL),
(1769, 'Monaghan', 103, NULL, NULL),
(1770, 'Offaly', 103, NULL, NULL),
(1771, 'Roscommon', 103, NULL, NULL),
(1772, 'Sligo', 103, NULL, NULL),
(1773, 'Tipperary North Riding', 103, NULL, NULL),
(1774, 'Tipperary South Riding', 103, NULL, NULL),
(1775, 'Ulster', 103, NULL, NULL),
(1776, 'Waterford', 103, NULL, NULL),
(1777, 'Westmeath', 103, NULL, NULL),
(1778, 'Wexford', 103, NULL, NULL),
(1779, 'Wicklow', 103, NULL, NULL),
(1780, 'Beit Hanania', 104, NULL, NULL),
(1781, 'Ben Gurion Airport', 104, NULL, NULL),
(1782, 'Bethlehem', 104, NULL, NULL),
(1783, 'Caesarea', 104, NULL, NULL),
(1784, 'Centre', 104, NULL, NULL),
(1785, 'Gaza', 104, NULL, NULL),
(1786, 'Hadaron', 104, NULL, NULL),
(1787, 'Haifa District', 104, NULL, NULL),
(1788, 'Hamerkaz', 104, NULL, NULL),
(1789, 'Hazafon', 104, NULL, NULL),
(1790, 'Hebron', 104, NULL, NULL),
(1791, 'Jaffa', 104, NULL, NULL),
(1792, 'Jerusalem', 104, NULL, NULL),
(1793, 'Khefa', 104, NULL, NULL),
(1794, 'Kiryat Yam', 104, NULL, NULL),
(1795, 'Lower Galilee', 104, NULL, NULL),
(1796, 'Qalqilya', 104, NULL, NULL),
(1797, 'Talme Elazar', 104, NULL, NULL),
(1798, 'Tel Aviv', 104, NULL, NULL),
(1799, 'Tsafon', 104, NULL, NULL),
(1800, 'Umm El Fahem', 104, NULL, NULL),
(1801, 'Yerushalayim', 104, NULL, NULL),
(1802, 'Abruzzi', 105, NULL, NULL),
(1803, 'Abruzzo', 105, NULL, NULL),
(1804, 'Agrigento', 105, NULL, NULL),
(1805, 'Alessandria', 105, NULL, NULL),
(1806, 'Ancona', 105, NULL, NULL),
(1807, 'Arezzo', 105, NULL, NULL),
(1808, 'Ascoli Piceno', 105, NULL, NULL),
(1809, 'Asti', 105, NULL, NULL),
(1810, 'Avellino', 105, NULL, NULL),
(1811, 'Bari', 105, NULL, NULL),
(1812, 'Basilicata', 105, NULL, NULL),
(1813, 'Belluno', 105, NULL, NULL),
(1814, 'Benevento', 105, NULL, NULL),
(1815, 'Bergamo', 105, NULL, NULL),
(1816, 'Biella', 105, NULL, NULL),
(1817, 'Bologna', 105, NULL, NULL),
(1818, 'Bolzano', 105, NULL, NULL),
(1819, 'Brescia', 105, NULL, NULL),
(1820, 'Brindisi', 105, NULL, NULL),
(1821, 'Calabria', 105, NULL, NULL),
(1822, 'Campania', 105, NULL, NULL),
(1823, 'Cartoceto', 105, NULL, NULL),
(1824, 'Caserta', 105, NULL, NULL),
(1825, 'Catania', 105, NULL, NULL),
(1826, 'Chieti', 105, NULL, NULL),
(1827, 'Como', 105, NULL, NULL),
(1828, 'Cosenza', 105, NULL, NULL),
(1829, 'Cremona', 105, NULL, NULL),
(1830, 'Cuneo', 105, NULL, NULL),
(1831, 'Emilia-Romagna', 105, NULL, NULL),
(1832, 'Ferrara', 105, NULL, NULL),
(1833, 'Firenze', 105, NULL, NULL),
(1834, 'Florence', 105, NULL, NULL),
(1835, 'Forli-Cesena ', 105, NULL, NULL),
(1836, 'Friuli-Venezia Giulia', 105, NULL, NULL),
(1837, 'Frosinone', 105, NULL, NULL),
(1838, 'Genoa', 105, NULL, NULL),
(1839, 'Gorizia', 105, NULL, NULL),
(1840, 'LAquila', 105, NULL, NULL),
(1841, 'Lazio', 105, NULL, NULL),
(1842, 'Lecce', 105, NULL, NULL),
(1843, 'Lecco', 105, NULL, NULL),
(1844, 'Lecco Province', 105, NULL, NULL),
(1845, 'Liguria', 105, NULL, NULL),
(1846, 'Lodi', 105, NULL, NULL),
(1847, 'Lombardia', 105, NULL, NULL),
(1848, 'Lombardy', 105, NULL, NULL),
(1849, 'Macerata', 105, NULL, NULL),
(1850, 'Mantova', 105, NULL, NULL),
(1851, 'Marche', 105, NULL, NULL),
(1852, 'Messina', 105, NULL, NULL),
(1853, 'Milan', 105, NULL, NULL),
(1854, 'Modena', 105, NULL, NULL),
(1855, 'Molise', 105, NULL, NULL),
(1856, 'Molteno', 105, NULL, NULL),
(1857, 'Montenegro', 105, NULL, NULL),
(1858, 'Monza and Brianza', 105, NULL, NULL),
(1859, 'Naples', 105, NULL, NULL),
(1860, 'Novara', 105, NULL, NULL),
(1861, 'Padova', 105, NULL, NULL),
(1862, 'Parma', 105, NULL, NULL),
(1863, 'Pavia', 105, NULL, NULL),
(1864, 'Perugia', 105, NULL, NULL),
(1865, 'Pesaro-Urbino', 105, NULL, NULL),
(1866, 'Piacenza', 105, NULL, NULL),
(1867, 'Piedmont', 105, NULL, NULL),
(1868, 'Piemonte', 105, NULL, NULL),
(1869, 'Pisa', 105, NULL, NULL),
(1870, 'Pordenone', 105, NULL, NULL),
(1871, 'Potenza', 105, NULL, NULL),
(1872, 'Puglia', 105, NULL, NULL),
(1873, 'Reggio Emilia', 105, NULL, NULL),
(1874, 'Rimini', 105, NULL, NULL),
(1875, 'Roma', 105, NULL, NULL),
(1876, 'Salerno', 105, NULL, NULL),
(1877, 'Sardegna', 105, NULL, NULL),
(1878, 'Sassari', 105, NULL, NULL),
(1879, 'Savona', 105, NULL, NULL),
(1880, 'Sicilia', 105, NULL, NULL),
(1881, 'Siena', 105, NULL, NULL),
(1882, 'Sondrio', 105, NULL, NULL),
(1883, 'South Tyrol', 105, NULL, NULL),
(1884, 'Taranto', 105, NULL, NULL),
(1885, 'Teramo', 105, NULL, NULL),
(1886, 'Torino', 105, NULL, NULL),
(1887, 'Toscana', 105, NULL, NULL),
(1888, 'Trapani', 105, NULL, NULL),
(1889, 'Trentino-Alto Adige', 105, NULL, NULL),
(1890, 'Trento', 105, NULL, NULL),
(1891, 'Treviso', 105, NULL, NULL),
(1892, 'Udine', 105, NULL, NULL),
(1893, 'Umbria', 105, NULL, NULL),
(1894, 'Valle dAosta', 105, NULL, NULL),
(1895, 'Varese', 105, NULL, NULL),
(1896, 'Veneto', 105, NULL, NULL),
(1897, 'Venezia', 105, NULL, NULL),
(1898, 'Verbano-Cusio-Ossola', 105, NULL, NULL),
(1899, 'Vercelli', 105, NULL, NULL),
(1900, 'Verona', 105, NULL, NULL),
(1901, 'Vicenza', 105, NULL, NULL),
(1902, 'Viterbo', 105, NULL, NULL),
(1903, 'Buxoro Viloyati', 107, NULL, NULL),
(1904, 'Clarendon', 107, NULL, NULL),
(1905, 'Hanover', 107, NULL, NULL),
(1906, 'Kingston', 107, NULL, NULL),
(1907, 'Manchester', 107, NULL, NULL),
(1908, 'Portland', 107, NULL, NULL),
(1909, 'Saint Andrews', 107, NULL, NULL),
(1910, 'Saint Ann', 107, NULL, NULL),
(1911, 'Saint Catherine', 107, NULL, NULL),
(1912, 'Saint Elizabeth', 107, NULL, NULL),
(1913, 'Saint James', 107, NULL, NULL),
(1914, 'Saint Mary', 107, NULL, NULL),
(1915, 'Saint Thomas', 107, NULL, NULL),
(1916, 'Trelawney', 107, NULL, NULL),
(1917, 'Westmoreland', 107, NULL, NULL),
(1918, 'Aichi', 108, NULL, NULL),
(1919, 'Akita', 108, NULL, NULL),
(1920, 'Aomori', 108, NULL, NULL),
(1921, 'Chiba', 108, NULL, NULL),
(1922, 'Ehime', 108, NULL, NULL),
(1923, 'Fukui', 108, NULL, NULL),
(1924, 'Fukuoka', 108, NULL, NULL),
(1925, 'Fukushima', 108, NULL, NULL),
(1926, 'Gifu', 108, NULL, NULL),
(1927, 'Gumma', 108, NULL, NULL),
(1928, 'Hiroshima', 108, NULL, NULL),
(1929, 'Hokkaido', 108, NULL, NULL),
(1930, 'Hyogo', 108, NULL, NULL),
(1931, 'Ibaraki', 108, NULL, NULL),
(1932, 'Ishikawa', 108, NULL, NULL),
(1933, 'Iwate', 108, NULL, NULL),
(1934, 'Kagawa', 108, NULL, NULL),
(1935, 'Kagoshima', 108, NULL, NULL),
(1936, 'Kanagawa', 108, NULL, NULL),
(1937, 'Kanto', 108, NULL, NULL),
(1938, 'Kochi', 108, NULL, NULL),
(1939, 'Kumamoto', 108, NULL, NULL),
(1940, 'Kyoto', 108, NULL, NULL),
(1941, 'Mie', 108, NULL, NULL),
(1942, 'Miyagi', 108, NULL, NULL),
(1943, 'Miyazaki', 108, NULL, NULL),
(1944, 'Nagano', 108, NULL, NULL),
(1945, 'Nagasaki', 108, NULL, NULL),
(1946, 'Nara', 108, NULL, NULL),
(1947, 'Niigata', 108, NULL, NULL),
(1948, 'Oita', 108, NULL, NULL),
(1949, 'Okayama', 108, NULL, NULL),
(1950, 'Okinawa', 108, NULL, NULL),
(1951, 'Osaka', 108, NULL, NULL),
(1952, 'Saga', 108, NULL, NULL),
(1953, 'Saitama', 108, NULL, NULL),
(1954, 'Shiga', 108, NULL, NULL),
(1955, 'Shimane', 108, NULL, NULL),
(1956, 'Shizuoka', 108, NULL, NULL),
(1957, 'Tochigi', 108, NULL, NULL),
(1958, 'Tokushima', 108, NULL, NULL),
(1959, 'Tokyo', 108, NULL, NULL),
(1960, 'Tottori', 108, NULL, NULL),
(1961, 'Toyama', 108, NULL, NULL),
(1962, 'Wakayama', 108, NULL, NULL),
(1963, 'Yamagata', 108, NULL, NULL),
(1964, 'Yamaguchi', 108, NULL, NULL),
(1965, 'Yamanashi', 108, NULL, NULL),
(1966, 'Grouville', 390, NULL, NULL),
(1967, 'Saint Brelade', 390, NULL, NULL),
(1968, 'Saint Clement', 390, NULL, NULL),
(1969, 'Saint Helier', 390, NULL, NULL),
(1970, 'Saint John', 390, NULL, NULL),
(1971, 'Saint Lawrence', 390, NULL, NULL),
(1972, 'Saint Martin', 390, NULL, NULL),
(1973, 'Saint Mary', 390, NULL, NULL),
(1974, 'Saint Peter', 390, NULL, NULL),
(1975, 'Saint Saviour', 390, NULL, NULL),
(1976, 'Trinity', 390, NULL, NULL),
(1977, 'Ajlun', 109, NULL, NULL),
(1978, 'Amman', 109, NULL, NULL),
(1979, 'Irbid', 109, NULL, NULL),
(1980, 'Jarash', 109, NULL, NULL),
(1981, 'Maan', 109, NULL, NULL),
(1982, 'Madaba', 109, NULL, NULL),
(1983, 'al-Aqabah', 109, NULL, NULL),
(1984, 'al-Balqa', 109, NULL, NULL),
(1985, 'al-Karak', 109, NULL, NULL),
(1986, 'al-Mafraq', 109, NULL, NULL),
(1987, 'at-Tafilah', 109, NULL, NULL),
(1988, 'az-Zarqa', 109, NULL, NULL),
(1989, 'Akmecet', 110, NULL, NULL),
(1990, 'Akmola', 110, NULL, NULL),
(1991, 'Aktobe', 110, NULL, NULL),
(1992, 'Almati', 110, NULL, NULL),
(1993, 'Atirau', 110, NULL, NULL),
(1994, 'Batis Kazakstan', 110, NULL, NULL),
(1995, 'Burlinsky Region', 110, NULL, NULL),
(1996, 'Karagandi', 110, NULL, NULL),
(1997, 'Kostanay', 110, NULL, NULL),
(1998, 'Mankistau', 110, NULL, NULL),
(1999, 'Ontustik Kazakstan', 110, NULL, NULL),
(2000, 'Pavlodar', 110, NULL, NULL),
(2001, 'Sigis Kazakstan', 110, NULL, NULL),
(2002, 'Soltustik Kazakstan', 110, NULL, NULL),
(2003, 'Taraz', 110, NULL, NULL),
(2004, 'Central', 111, NULL, NULL),
(2005, 'Coast', 111, NULL, NULL),
(2006, 'Eastern', 111, NULL, NULL),
(2007, 'Nairobi', 111, NULL, NULL),
(2008, 'North Eastern', 111, NULL, NULL),
(2009, 'Nyanza', 111, NULL, NULL),
(2010, 'Rift Valley', 111, NULL, NULL),
(2011, 'Western', 111, NULL, NULL),
(2012, 'Abaiang', 112, NULL, NULL),
(2013, 'Abemana', 112, NULL, NULL),
(2014, 'Aranuka', 112, NULL, NULL),
(2015, 'Arorae', 112, NULL, NULL),
(2016, 'Banaba', 112, NULL, NULL),
(2017, 'Beru', 112, NULL, NULL),
(2018, 'Butaritari', 112, NULL, NULL),
(2019, 'Kiritimati', 112, NULL, NULL),
(2020, 'Kuria', 112, NULL, NULL),
(2021, 'Maiana', 112, NULL, NULL),
(2022, 'Makin', 112, NULL, NULL),
(2023, 'Marakei', 112, NULL, NULL),
(2024, 'Nikunau', 112, NULL, NULL),
(2025, 'Nonouti', 112, NULL, NULL),
(2026, 'Onotoa', 112, NULL, NULL),
(2027, 'Phoenix Islands', 112, NULL, NULL),
(2028, 'Tabiteuea North', 112, NULL, NULL),
(2029, 'Tabiteuea South', 112, NULL, NULL),
(2030, 'Tabuaeran', 112, NULL, NULL),
(2031, 'Tamana', 112, NULL, NULL),
(2032, 'Tarawa North', 112, NULL, NULL),
(2033, 'Tarawa South', 112, NULL, NULL),
(2034, 'Teraina', 112, NULL, NULL),
(2035, 'Chagangdo', 113, NULL, NULL),
(2036, 'Hamgyeongbukto', 113, NULL, NULL),
(2037, 'Hamgyeongnamdo', 113, NULL, NULL),
(2038, 'Hwanghaebukto', 113, NULL, NULL),
(2039, 'Hwanghaenamdo', 113, NULL, NULL),
(2040, 'Kaeseong', 113, NULL, NULL),
(2041, 'Kangweon', 113, NULL, NULL),
(2042, 'Nampo', 113, NULL, NULL),
(2043, 'Pyeonganbukto', 113, NULL, NULL),
(2044, 'Pyeongannamdo', 113, NULL, NULL),
(2045, 'Pyeongyang', 113, NULL, NULL),
(2046, 'Yanggang', 113, NULL, NULL),
(2047, 'Busan', 114, NULL, NULL),
(2048, 'Cheju', 114, NULL, NULL),
(2049, 'Chollabuk', 114, NULL, NULL),
(2050, 'Chollanam', 114, NULL, NULL),
(2051, 'Chungbuk', 114, NULL, NULL),
(2052, 'Chungcheongbuk', 114, NULL, NULL),
(2053, 'Chungcheongnam', 114, NULL, NULL),
(2054, 'Chungnam', 114, NULL, NULL),
(2055, 'Daegu', 114, NULL, NULL),
(2056, 'Gangwon-do', 114, NULL, NULL),
(2057, 'Goyang-si', 114, NULL, NULL),
(2058, 'Gyeonggi-do', 114, NULL, NULL),
(2059, 'Gyeongsang ', 114, NULL, NULL),
(2060, 'Gyeongsangnam-do', 114, NULL, NULL),
(2061, 'Incheon', 114, NULL, NULL),
(2062, 'Jeju-Si', 114, NULL, NULL),
(2063, 'Jeonbuk', 114, NULL, NULL),
(2064, 'Kangweon', 114, NULL, NULL),
(2065, 'Kwangju', 114, NULL, NULL),
(2066, 'Kyeonggi', 114, NULL, NULL),
(2067, 'Kyeongsangbuk', 114, NULL, NULL),
(2068, 'Kyeongsangnam', 114, NULL, NULL),
(2069, 'Kyonggi-do', 114, NULL, NULL),
(2070, 'Kyungbuk-Do', 114, NULL, NULL),
(2071, 'Kyunggi-Do', 114, NULL, NULL),
(2072, 'Kyunggi-do', 114, NULL, NULL),
(2073, 'Pusan', 114, NULL, NULL),
(2074, 'Seoul', 114, NULL, NULL),
(2075, 'Sudogwon', 114, NULL, NULL),
(2076, 'Taegu', 114, NULL, NULL),
(2077, 'Taejeon', 114, NULL, NULL),
(2078, 'Taejon-gwangyoksi', 114, NULL, NULL),
(2079, 'Ulsan', 114, NULL, NULL),
(2080, 'Wonju', 114, NULL, NULL),
(2081, 'gwangyoksi', 114, NULL, NULL),
(2082, 'Al Asimah', 115, NULL, NULL),
(2083, 'Hawalli', 115, NULL, NULL),
(2084, 'Mishref', 115, NULL, NULL),
(2085, 'Qadesiya', 115, NULL, NULL),
(2086, 'Safat', 115, NULL, NULL),
(2087, 'Salmiya', 115, NULL, NULL),
(2088, 'al-Ahmadi', 115, NULL, NULL),
(2089, 'al-Farwaniyah', 115, NULL, NULL),
(2090, 'al-Jahra', 115, NULL, NULL),
(2091, 'al-Kuwayt', 115, NULL, NULL),
(2092, 'Batken', 116, NULL, NULL),
(2093, 'Bishkek', 116, NULL, NULL),
(2094, 'Chui', 116, NULL, NULL),
(2095, 'Issyk-Kul', 116, NULL, NULL),
(2096, 'Jalal-Abad', 116, NULL, NULL),
(2097, 'Naryn', 116, NULL, NULL),
(2098, 'Osh', 116, NULL, NULL),
(2099, 'Talas', 116, NULL, NULL),
(2100, 'Attopu', 117, NULL, NULL),
(2101, 'Bokeo', 117, NULL, NULL),
(2102, 'Bolikhamsay', 117, NULL, NULL),
(2103, 'Champasak', 117, NULL, NULL),
(2104, 'Houaphanh', 117, NULL, NULL),
(2105, 'Khammouane', 117, NULL, NULL),
(2106, 'Luang Nam Tha', 117, NULL, NULL),
(2107, 'Luang Prabang', 117, NULL, NULL),
(2108, 'Oudomxay', 117, NULL, NULL),
(2109, 'Phongsaly', 117, NULL, NULL),
(2110, 'Saravan', 117, NULL, NULL),
(2111, 'Savannakhet', 117, NULL, NULL),
(2112, 'Sekong', 117, NULL, NULL),
(2113, 'Viangchan Prefecture', 117, NULL, NULL),
(2114, 'Viangchan Province', 117, NULL, NULL),
(2115, 'Xaignabury', 117, NULL, NULL),
(2116, 'Xiang Khuang', 117, NULL, NULL),
(2117, 'Aizkraukles', 118, NULL, NULL),
(2118, 'Aluksnes', 118, NULL, NULL),
(2119, 'Balvu', 118, NULL, NULL),
(2120, 'Bauskas', 118, NULL, NULL),
(2121, 'Cesu', 118, NULL, NULL),
(2122, 'Daugavpils', 118, NULL, NULL),
(2123, 'Daugavpils City', 118, NULL, NULL),
(2124, 'Dobeles', 118, NULL, NULL),
(2125, 'Gulbenes', 118, NULL, NULL),
(2126, 'Jekabspils', 118, NULL, NULL),
(2127, 'Jelgava', 118, NULL, NULL),
(2128, 'Jelgavas', 118, NULL, NULL),
(2129, 'Jurmala City', 118, NULL, NULL),
(2130, 'Kraslavas', 118, NULL, NULL),
(2131, 'Kuldigas', 118, NULL, NULL),
(2132, 'Liepaja', 118, NULL, NULL),
(2133, 'Liepajas', 118, NULL, NULL),
(2134, 'Limbazhu', 118, NULL, NULL),
(2135, 'Ludzas', 118, NULL, NULL),
(2136, 'Madonas', 118, NULL, NULL),
(2137, 'Ogres', 118, NULL, NULL),
(2138, 'Preilu', 118, NULL, NULL),
(2139, 'Rezekne', 118, NULL, NULL),
(2140, 'Rezeknes', 118, NULL, NULL),
(2141, 'Riga', 118, NULL, NULL),
(2142, 'Rigas', 118, NULL, NULL),
(2143, 'Saldus', 118, NULL, NULL),
(2144, 'Talsu', 118, NULL, NULL),
(2145, 'Tukuma', 118, NULL, NULL),
(2146, 'Valkas', 118, NULL, NULL),
(2147, 'Valmieras', 118, NULL, NULL),
(2148, 'Ventspils', 118, NULL, NULL),
(2149, 'Ventspils City', 118, NULL, NULL),
(2150, 'Beirut', 119, NULL, NULL),
(2151, 'Jabal Lubnan', 119, NULL, NULL),
(2152, 'Mohafazat Liban-Nord', 119, NULL, NULL),
(2153, 'Mohafazat Mont-Liban', 119, NULL, NULL),
(2154, 'Sidon', 119, NULL, NULL),
(2155, 'al-Biqa', 119, NULL, NULL),
(2156, 'al-Janub', 119, NULL, NULL),
(2157, 'an-Nabatiyah', 119, NULL, NULL),
(2158, 'ash-Shamal', 119, NULL, NULL),
(2159, 'Berea', 120, NULL, NULL),
(2160, 'Butha-Buthe', 120, NULL, NULL),
(2161, 'Leribe', 120, NULL, NULL),
(2162, 'Mafeteng', 120, NULL, NULL),
(2163, 'Maseru', 120, NULL, NULL),
(2164, 'Mohales Hoek', 120, NULL, NULL),
(2165, 'Mokhotlong', 120, NULL, NULL),
(2166, 'Qachas Nek', 120, NULL, NULL),
(2167, 'Quthing', 120, NULL, NULL),
(2168, 'Thaba-Tseka', 120, NULL, NULL),
(2169, 'Bomi', 121, NULL, NULL),
(2170, 'Bong', 121, NULL, NULL),
(2171, 'Grand Bassa', 121, NULL, NULL),
(2172, 'Grand Cape Mount', 121, NULL, NULL),
(2173, 'Grand Gedeh', 121, NULL, NULL),
(2174, 'Loffa', 121, NULL, NULL),
(2175, 'Margibi', 121, NULL, NULL),
(2176, 'Maryland and Grand Kru', 121, NULL, NULL),
(2177, 'Montserrado', 121, NULL, NULL),
(2178, 'Nimba', 121, NULL, NULL),
(2179, 'Rivercess', 121, NULL, NULL),
(2180, 'Sinoe', 121, NULL, NULL),
(2181, 'Ajdabiya', 122, NULL, NULL),
(2182, 'Banghazi', 122, NULL, NULL),
(2183, 'Darnah', 122, NULL, NULL),
(2184, 'Ghadamis', 122, NULL, NULL),
(2185, 'Gharyan', 122, NULL, NULL),
(2186, 'Misratah', 122, NULL, NULL),
(2187, 'Murzuq', 122, NULL, NULL),
(2188, 'Sabha', 122, NULL, NULL),
(2189, 'Sawfajjin', 122, NULL, NULL),
(2190, 'Surt', 122, NULL, NULL),
(2191, 'Tarabulus', 122, NULL, NULL),
(2192, 'Tarhunah', 122, NULL, NULL),
(2193, 'Tripolitania', 122, NULL, NULL),
(2194, 'Tubruq', 122, NULL, NULL),
(2195, 'Yafran', 122, NULL, NULL),
(2196, 'Zlitan', 122, NULL, NULL),
(2197, 'al-Aziziyah', 122, NULL, NULL),
(2198, 'al-Fatih', 122, NULL, NULL),
(2199, 'al-Jabal al Akhdar', 122, NULL, NULL),
(2200, 'al-Jufrah', 122, NULL, NULL),
(2201, 'al-Khums', 122, NULL, NULL),
(2202, 'al-Kufrah', 122, NULL, NULL),
(2203, 'an-Nuqat al-Khams', 122, NULL, NULL),
(2204, 'ash-Shati', 122, NULL, NULL),
(2205, 'az-Zawiyah', 122, NULL, NULL),
(2206, 'Balzers', 123, NULL, NULL),
(2207, 'Eschen', 123, NULL, NULL),
(2208, 'Gamprin', 123, NULL, NULL),
(2209, 'Mauren', 123, NULL, NULL),
(2210, 'Planken', 123, NULL, NULL),
(2211, 'Ruggell', 123, NULL, NULL),
(2212, 'Schaan', 123, NULL, NULL),
(2213, 'Schellenberg', 123, NULL, NULL),
(2214, 'Triesen', 123, NULL, NULL),
(2215, 'Triesenberg', 123, NULL, NULL),
(2216, 'Vaduz', 123, NULL, NULL),
(2217, 'Alytaus', 124, NULL, NULL),
(2218, 'Anyksciai', 124, NULL, NULL),
(2219, 'Kauno', 124, NULL, NULL),
(2220, 'Klaipedos', 124, NULL, NULL),
(2221, 'Marijampoles', 124, NULL, NULL),
(2222, 'Panevezhio', 124, NULL, NULL),
(2223, 'Panevezys', 124, NULL, NULL),
(2224, 'Shiauliu', 124, NULL, NULL),
(2225, 'Taurages', 124, NULL, NULL),
(2226, 'Telshiu', 124, NULL, NULL),
(2227, 'Telsiai', 124, NULL, NULL),
(2228, 'Utenos', 124, NULL, NULL),
(2229, 'Vilniaus', 124, NULL, NULL),
(2230, 'Capellen', 125, NULL, NULL),
(2231, 'Clervaux', 125, NULL, NULL),
(2232, 'Diekirch', 125, NULL, NULL),
(2233, 'Echternach', 125, NULL, NULL),
(2234, 'Esch-sur-Alzette', 125, NULL, NULL),
(2235, 'Grevenmacher', 125, NULL, NULL),
(2236, 'Luxembourg', 125, NULL, NULL),
(2237, 'Mersch', 125, NULL, NULL),
(2238, 'Redange', 125, NULL, NULL),
(2239, 'Remich', 125, NULL, NULL),
(2240, 'Vianden', 125, NULL, NULL),
(2241, 'Wiltz', 125, NULL, NULL),
(2242, 'Macau', 126, NULL, NULL),
(2243, 'Berovo', 127, NULL, NULL),
(2244, 'Bitola', 127, NULL, NULL),
(2245, 'Brod', 127, NULL, NULL),
(2246, 'Debar', 127, NULL, NULL),
(2247, 'Delchevo', 127, NULL, NULL),
(2248, 'Demir Hisar', 127, NULL, NULL),
(2249, 'Gevgelija', 127, NULL, NULL),
(2250, 'Gostivar', 127, NULL, NULL),
(2251, 'Kavadarci', 127, NULL, NULL),
(2252, 'Kichevo', 127, NULL, NULL),
(2253, 'Kochani', 127, NULL, NULL),
(2254, 'Kratovo', 127, NULL, NULL),
(2255, 'Kriva Palanka', 127, NULL, NULL),
(2256, 'Krushevo', 127, NULL, NULL),
(2257, 'Kumanovo', 127, NULL, NULL),
(2258, 'Negotino', 127, NULL, NULL),
(2259, 'Ohrid', 127, NULL, NULL),
(2260, 'Prilep', 127, NULL, NULL),
(2261, 'Probishtip', 127, NULL, NULL),
(2262, 'Radovish', 127, NULL, NULL),
(2263, 'Resen', 127, NULL, NULL),
(2264, 'Shtip', 127, NULL, NULL),
(2265, 'Skopje', 127, NULL, NULL),
(2266, 'Struga', 127, NULL, NULL),
(2267, 'Strumica', 127, NULL, NULL),
(2268, 'Sveti Nikole', 127, NULL, NULL),
(2269, 'Tetovo', 127, NULL, NULL),
(2270, 'Valandovo', 127, NULL, NULL),
(2271, 'Veles', 127, NULL, NULL),
(2272, 'Vinica', 127, NULL, NULL),
(2273, 'Antananarivo', 128, NULL, NULL),
(2274, 'Antsiranana', 128, NULL, NULL),
(2275, 'Fianarantsoa', 128, NULL, NULL),
(2276, 'Mahajanga', 128, NULL, NULL),
(2277, 'Toamasina', 128, NULL, NULL),
(2278, 'Toliary', 128, NULL, NULL),
(2279, 'Balaka', 129, NULL, NULL),
(2280, 'Blantyre City', 129, NULL, NULL),
(2281, 'Chikwawa', 129, NULL, NULL),
(2282, 'Chiradzulu', 129, NULL, NULL),
(2283, 'Chitipa', 129, NULL, NULL),
(2284, 'Dedza', 129, NULL, NULL),
(2285, 'Dowa', 129, NULL, NULL),
(2286, 'Karonga', 129, NULL, NULL),
(2287, 'Kasungu', 129, NULL, NULL),
(2288, 'Lilongwe City', 129, NULL, NULL),
(2289, 'Machinga', 129, NULL, NULL),
(2290, 'Mangochi', 129, NULL, NULL),
(2291, 'Mchinji', 129, NULL, NULL),
(2292, 'Mulanje', 129, NULL, NULL),
(2293, 'Mwanza', 129, NULL, NULL),
(2294, 'Mzimba', 129, NULL, NULL),
(2295, 'Mzuzu City', 129, NULL, NULL),
(2296, 'Nkhata Bay', 129, NULL, NULL),
(2297, 'Nkhotakota', 129, NULL, NULL),
(2298, 'Nsanje', 129, NULL, NULL),
(2299, 'Ntcheu', 129, NULL, NULL),
(2300, 'Ntchisi', 129, NULL, NULL),
(2301, 'Phalombe', 129, NULL, NULL),
(2302, 'Rumphi', 129, NULL, NULL),
(2303, 'Salima', 129, NULL, NULL),
(2304, 'Thyolo', 129, NULL, NULL),
(2305, 'Zomba Municipality', 129, NULL, NULL),
(2306, 'Johor', 130, NULL, NULL),
(2307, 'Kedah', 130, NULL, NULL),
(2308, 'Kelantan', 130, NULL, NULL),
(2309, 'Kuala Lumpur', 130, NULL, NULL),
(2310, 'Labuan', 130, NULL, NULL),
(2311, 'Melaka', 130, NULL, NULL),
(2312, 'Negeri Johor', 130, NULL, NULL),
(2313, 'Negeri Sembilan', 130, NULL, NULL),
(2314, 'Pahang', 130, NULL, NULL),
(2315, 'Penang', 130, NULL, NULL),
(2316, 'Perak', 130, NULL, NULL),
(2317, 'Perlis', 130, NULL, NULL),
(2318, 'Pulau Pinang', 130, NULL, NULL),
(2319, 'Sabah', 130, NULL, NULL),
(2320, 'Sarawak', 130, NULL, NULL),
(2321, 'Selangor', 130, NULL, NULL),
(2322, 'Sembilan', 130, NULL, NULL),
(2323, 'Terengganu', 130, NULL, NULL),
(2324, 'Alif Alif', 131, NULL, NULL),
(2325, 'Alif Dhaal', 131, NULL, NULL),
(2326, 'Baa', 131, NULL, NULL),
(2327, 'Dhaal', 131, NULL, NULL),
(2328, 'Faaf', 131, NULL, NULL),
(2329, 'Gaaf Alif', 131, NULL, NULL),
(2330, 'Gaaf Dhaal', 131, NULL, NULL),
(2331, 'Ghaviyani', 131, NULL, NULL),
(2332, 'Haa Alif', 131, NULL, NULL),
(2333, 'Haa Dhaal', 131, NULL, NULL),
(2334, 'Kaaf', 131, NULL, NULL),
(2335, 'Laam', 131, NULL, NULL),
(2336, 'Lhaviyani', 131, NULL, NULL),
(2337, 'Male', 131, NULL, NULL),
(2338, 'Miim', 131, NULL, NULL),
(2339, 'Nuun', 131, NULL, NULL),
(2340, 'Raa', 131, NULL, NULL),
(2341, 'Shaviyani', 131, NULL, NULL),
(2342, 'Siin', 131, NULL, NULL),
(2343, 'Thaa', 131, NULL, NULL),
(2344, 'Vaav', 131, NULL, NULL),
(2345, 'Bamako', 132, NULL, NULL),
(2346, 'Gao', 132, NULL, NULL),
(2347, 'Kayes', 132, NULL, NULL),
(2348, 'Kidal', 132, NULL, NULL),
(2349, 'Koulikoro', 132, NULL, NULL),
(2350, 'Mopti', 132, NULL, NULL),
(2351, 'Segou', 132, NULL, NULL),
(2352, 'Sikasso', 132, NULL, NULL),
(2353, 'Tombouctou', 132, NULL, NULL),
(2354, 'Gozo and Comino', 133, NULL, NULL),
(2355, 'Inner Harbour', 133, NULL, NULL),
(2356, 'Northern', 133, NULL, NULL),
(2357, 'Outer Harbour', 133, NULL, NULL),
(2358, 'South Eastern', 133, NULL, NULL),
(2359, 'Valletta', 133, NULL, NULL),
(2360, 'Western', 133, NULL, NULL),
(2361, 'Castletown', 391, NULL, NULL),
(2362, 'Douglas', 391, NULL, NULL),
(2363, 'Laxey', 391, NULL, NULL),
(2364, 'Onchan', 391, NULL, NULL),
(2365, 'Peel', 391, NULL, NULL),
(2366, 'Port Erin', 391, NULL, NULL),
(2367, 'Port Saint Mary', 391, NULL, NULL),
(2368, 'Ramsey', 391, NULL, NULL),
(2369, 'Ailinlaplap', 134, NULL, NULL),
(2370, 'Ailuk', 134, NULL, NULL),
(2371, 'Arno', 134, NULL, NULL),
(2372, 'Aur', 134, NULL, NULL),
(2373, 'Bikini', 134, NULL, NULL),
(2374, 'Ebon', 134, NULL, NULL),
(2375, 'Enewetak', 134, NULL, NULL),
(2376, 'Jabat', 134, NULL, NULL),
(2377, 'Jaluit', 134, NULL, NULL),
(2378, 'Kili', 134, NULL, NULL),
(2379, 'Kwajalein', 134, NULL, NULL),
(2380, 'Lae', 134, NULL, NULL),
(2381, 'Lib', 134, NULL, NULL),
(2382, 'Likiep', 134, NULL, NULL),
(2383, 'Majuro', 134, NULL, NULL),
(2384, 'Maloelap', 134, NULL, NULL),
(2385, 'Mejit', 134, NULL, NULL),
(2386, 'Mili', 134, NULL, NULL),
(2387, 'Namorik', 134, NULL, NULL),
(2388, 'Namu', 134, NULL, NULL),
(2389, 'Rongelap', 134, NULL, NULL),
(2390, 'Ujae', 134, NULL, NULL),
(2391, 'Utrik', 134, NULL, NULL),
(2392, 'Wotho', 134, NULL, NULL),
(2393, 'Wotje', 134, NULL, NULL),
(2394, 'Fort-de-France', 135, NULL, NULL),
(2395, 'La Trinite', 135, NULL, NULL),
(2396, 'Le Marin', 135, NULL, NULL),
(2397, 'Saint-Pierre', 135, NULL, NULL),
(2398, 'Adrar', 136, NULL, NULL),
(2399, 'Assaba', 136, NULL, NULL),
(2400, 'Brakna', 136, NULL, NULL),
(2401, 'Dhakhlat Nawadibu', 136, NULL, NULL),
(2402, 'Hudh-al-Gharbi', 136, NULL, NULL),
(2403, 'Hudh-ash-Sharqi', 136, NULL, NULL),
(2404, 'Inshiri', 136, NULL, NULL),
(2405, 'Nawakshut', 136, NULL, NULL),
(2406, 'Qidimagha', 136, NULL, NULL),
(2407, 'Qurqul', 136, NULL, NULL),
(2408, 'Taqant', 136, NULL, NULL),
(2409, 'Tiris Zammur', 136, NULL, NULL),
(2410, 'Trarza', 136, NULL, NULL),
(2411, 'Black River', 137, NULL, NULL),
(2412, 'Eau Coulee', 137, NULL, NULL),
(2413, 'Flacq', 137, NULL, NULL),
(2414, 'Floreal', 137, NULL, NULL),
(2415, 'Grand Port', 137, NULL, NULL),
(2416, 'Moka', 137, NULL, NULL),
(2417, 'Pamplempousses', 137, NULL, NULL),
(2418, 'Plaines Wilhelm', 137, NULL, NULL),
(2419, 'Port Louis', 137, NULL, NULL),
(2420, 'Riviere du Rempart', 137, NULL, NULL),
(2421, 'Rodrigues', 137, NULL, NULL),
(2422, 'Rose Hill', 137, NULL, NULL),
(2423, 'Savanne', 137, NULL, NULL),
(2424, 'Mayotte', 138, NULL, NULL),
(2425, 'Pamanzi', 138, NULL, NULL),
(2426, 'Aguascalientes', 139, NULL, NULL),
(2427, 'Baja California', 139, NULL, NULL),
(2428, 'Baja California Sur', 139, NULL, NULL),
(2429, 'Campeche', 139, NULL, NULL),
(2430, 'Chiapas', 139, NULL, NULL),
(2431, 'Chihuahua', 139, NULL, NULL),
(2432, 'Coahuila', 139, NULL, NULL),
(2433, 'Colima', 139, NULL, NULL),
(2434, 'Distrito Federal', 139, NULL, NULL),
(2435, 'Durango', 139, NULL, NULL),
(2436, 'Estado de Mexico', 139, NULL, NULL),
(2437, 'Guanajuato', 139, NULL, NULL),
(2438, 'Guerrero', 139, NULL, NULL),
(2439, 'Hidalgo', 139, NULL, NULL),
(2440, 'Jalisco', 139, NULL, NULL),
(2441, 'Mexico', 139, NULL, NULL),
(2442, 'Michoacan', 139, NULL, NULL),
(2443, 'Morelos', 139, NULL, NULL),
(2444, 'Nayarit', 139, NULL, NULL),
(2445, 'Nuevo Leon', 139, NULL, NULL),
(2446, 'Oaxaca', 139, NULL, NULL),
(2447, 'Puebla', 139, NULL, NULL),
(2448, 'Queretaro', 139, NULL, NULL),
(2449, 'Quintana Roo', 139, NULL, NULL),
(2450, 'San Luis Potosi', 139, NULL, NULL),
(2451, 'Sinaloa', 139, NULL, NULL),
(2452, 'Sonora', 139, NULL, NULL),
(2453, 'Tabasco', 139, NULL, NULL),
(2454, 'Tamaulipas', 139, NULL, NULL),
(2455, 'Tlaxcala', 139, NULL, NULL),
(2456, 'Veracruz', 139, NULL, NULL),
(2457, 'Yucatan', 139, NULL, NULL),
(2458, 'Zacatecas', 139, NULL, NULL),
(2459, 'Chuuk', 140, NULL, NULL),
(2460, 'Kusaie', 140, NULL, NULL),
(2461, 'Pohnpei', 140, NULL, NULL),
(2462, 'Yap', 140, NULL, NULL),
(2463, 'Balti', 141, NULL, NULL),
(2464, 'Cahul', 141, NULL, NULL),
(2465, 'Chisinau', 141, NULL, NULL),
(2466, 'Chisinau Oras', 141, NULL, NULL),
(2467, 'Edinet', 141, NULL, NULL),
(2468, 'Gagauzia', 141, NULL, NULL),
(2469, 'Lapusna', 141, NULL, NULL),
(2470, 'Orhei', 141, NULL, NULL),
(2471, 'Soroca', 141, NULL, NULL),
(2472, 'Taraclia', 141, NULL, NULL),
(2473, 'Tighina', 141, NULL, NULL),
(2474, 'Transnistria', 141, NULL, NULL),
(2475, 'Ungheni', 141, NULL, NULL),
(2476, 'Fontvieille', 142, NULL, NULL),
(2477, 'La Condamine', 142, NULL, NULL),
(2478, 'Monaco-Ville', 142, NULL, NULL),
(2479, 'Monte Carlo', 142, NULL, NULL),
(2480, 'Arhangaj', 143, NULL, NULL),
(2481, 'Bajan-Olgij', 143, NULL, NULL),
(2482, 'Bajanhongor', 143, NULL, NULL),
(2483, 'Bulgan', 143, NULL, NULL),
(2484, 'Darhan-Uul', 143, NULL, NULL),
(2485, 'Dornod', 143, NULL, NULL),
(2486, 'Dornogovi', 143, NULL, NULL),
(2487, 'Dundgovi', 143, NULL, NULL),
(2488, 'Govi-Altaj', 143, NULL, NULL),
(2489, 'Govisumber', 143, NULL, NULL),
(2490, 'Hentij', 143, NULL, NULL),
(2491, 'Hovd', 143, NULL, NULL),
(2492, 'Hovsgol', 143, NULL, NULL),
(2493, 'Omnogovi', 143, NULL, NULL),
(2494, 'Orhon', 143, NULL, NULL),
(2495, 'Ovorhangaj', 143, NULL, NULL),
(2496, 'Selenge', 143, NULL, NULL),
(2497, 'Suhbaatar', 143, NULL, NULL),
(2498, 'Tov', 143, NULL, NULL),
(2499, 'Ulaanbaatar', 143, NULL, NULL),
(2500, 'Uvs', 143, NULL, NULL),
(2501, 'Zavhan', 143, NULL, NULL),
(2502, 'Montserrat', 144, NULL, NULL),
(2503, 'Agadir', 145, NULL, NULL),
(2504, 'Casablanca', 145, NULL, NULL),
(2505, 'Chaouia-Ouardigha', 145, NULL, NULL),
(2506, 'Doukkala-Abda', 145, NULL, NULL),
(2507, 'Fes-Boulemane', 145, NULL, NULL),
(2508, 'Gharb-Chrarda-Beni Hssen', 145, NULL, NULL),
(2509, 'Guelmim', 145, NULL, NULL),
(2510, 'Kenitra', 145, NULL, NULL),
(2511, 'Marrakech-Tensift-Al Haouz', 145, NULL, NULL),
(2512, 'Meknes-Tafilalet', 145, NULL, NULL),
(2513, 'Oriental', 145, NULL, NULL),
(2514, 'Oujda', 145, NULL, NULL),
(2515, 'Province de Tanger', 145, NULL, NULL),
(2516, 'Rabat-Sale-Zammour-Zaer', 145, NULL, NULL),
(2517, 'Sala Al Jadida', 145, NULL, NULL),
(2518, 'Settat', 145, NULL, NULL),
(2519, 'Souss Massa-Draa', 145, NULL, NULL),
(2520, 'Tadla-Azilal', 145, NULL, NULL),
(2521, 'Tangier-Tetouan', 145, NULL, NULL),
(2522, 'Taza-Al Hoceima-Taounate', 145, NULL, NULL),
(2523, 'Wilaya de Casablanca', 145, NULL, NULL),
(2524, 'Wilaya de Rabat-Sale', 145, NULL, NULL),
(2525, 'Cabo Delgado', 146, NULL, NULL),
(2526, 'Gaza', 146, NULL, NULL),
(2527, 'Inhambane', 146, NULL, NULL),
(2528, 'Manica', 146, NULL, NULL),
(2529, 'Maputo', 146, NULL, NULL),
(2530, 'Maputo Provincia', 146, NULL, NULL),
(2531, 'Nampula', 146, NULL, NULL),
(2532, 'Niassa', 146, NULL, NULL),
(2533, 'Sofala', 146, NULL, NULL),
(2534, 'Tete', 146, NULL, NULL),
(2535, 'Zambezia', 146, NULL, NULL),
(2536, 'Ayeyarwady', 147, NULL, NULL),
(2537, 'Bago', 147, NULL, NULL),
(2538, 'Chin', 147, NULL, NULL),
(2539, 'Kachin', 147, NULL, NULL),
(2540, 'Kayah', 147, NULL, NULL),
(2541, 'Kayin', 147, NULL, NULL),
(2542, 'Magway', 147, NULL, NULL),
(2543, 'Mandalay', 147, NULL, NULL),
(2544, 'Mon', 147, NULL, NULL),
(2545, 'Nay Pyi Taw', 147, NULL, NULL),
(2546, 'Rakhine', 147, NULL, NULL),
(2547, 'Sagaing', 147, NULL, NULL),
(2548, 'Shan', 147, NULL, NULL),
(2549, 'Tanintharyi', 147, NULL, NULL),
(2550, 'Yangon', 147, NULL, NULL),
(2551, 'Caprivi', 148, NULL, NULL),
(2552, 'Erongo', 148, NULL, NULL),
(2553, 'Hardap', 148, NULL, NULL),
(2554, 'Karas', 148, NULL, NULL),
(2555, 'Kavango', 148, NULL, NULL),
(2556, 'Khomas', 148, NULL, NULL),
(2557, 'Kunene', 148, NULL, NULL),
(2558, 'Ohangwena', 148, NULL, NULL),
(2559, 'Omaheke', 148, NULL, NULL),
(2560, 'Omusati', 148, NULL, NULL),
(2561, 'Oshana', 148, NULL, NULL),
(2562, 'Oshikoto', 148, NULL, NULL),
(2563, 'Otjozondjupa', 148, NULL, NULL),
(2564, 'Yaren', 149, NULL, NULL),
(2565, 'Bagmati', 150, NULL, NULL),
(2566, 'Bheri', 150, NULL, NULL),
(2567, 'Dhawalagiri', 150, NULL, NULL),
(2568, 'Gandaki', 150, NULL, NULL),
(2569, 'Janakpur', 150, NULL, NULL),
(2570, 'Karnali', 150, NULL, NULL),
(2571, 'Koshi', 150, NULL, NULL),
(2572, 'Lumbini', 150, NULL, NULL),
(2573, 'Mahakali', 150, NULL, NULL),
(2574, 'Mechi', 150, NULL, NULL),
(2575, 'Narayani', 150, NULL, NULL),
(2576, 'Rapti', 150, NULL, NULL),
(2577, 'Sagarmatha', 150, NULL, NULL),
(2578, 'Seti', 150, NULL, NULL),
(2579, 'Bonaire', 152, NULL, NULL),
(2580, 'Curacao', 152, NULL, NULL),
(2581, 'Saba', 152, NULL, NULL),
(2582, 'Sint Eustatius', 152, NULL, NULL),
(2583, 'Sint Maarten', 152, NULL, NULL),
(2584, 'Amsterdam', 151, NULL, NULL),
(2585, 'Benelux', 151, NULL, NULL),
(2586, 'Drenthe', 151, NULL, NULL),
(2587, 'Flevoland', 151, NULL, NULL),
(2588, 'Friesland', 151, NULL, NULL),
(2589, 'Gelderland', 151, NULL, NULL),
(2590, 'Groningen', 151, NULL, NULL),
(2591, 'Limburg', 151, NULL, NULL),
(2592, 'Noord-Brabant', 151, NULL, NULL),
(2593, 'Noord-Holland', 151, NULL, NULL),
(2594, 'Overijssel', 151, NULL, NULL),
(2595, 'South Holland', 151, NULL, NULL),
(2596, 'Utrecht', 151, NULL, NULL),
(2597, 'Zeeland', 151, NULL, NULL),
(2598, 'Zuid-Holland', 151, NULL, NULL),
(2599, 'Iles', 153, NULL, NULL),
(2600, 'Nord', 153, NULL, NULL),
(2601, 'Sud', 153, NULL, NULL),
(2602, 'Area Outside Region', 154, NULL, NULL),
(2603, 'Auckland', 154, NULL, NULL),
(2604, 'Bay of Plenty', 154, NULL, NULL),
(2605, 'Canterbury', 154, NULL, NULL),
(2606, 'Christchurch', 154, NULL, NULL),
(2607, 'Gisborne', 154, NULL, NULL),
(2608, 'Hawkes Bay', 154, NULL, NULL),
(2609, 'Manawatu-Wanganui', 154, NULL, NULL),
(2610, 'Marlborough', 154, NULL, NULL),
(2611, 'Nelson', 154, NULL, NULL),
(2612, 'Northland', 154, NULL, NULL),
(2613, 'Otago', 154, NULL, NULL),
(2614, 'Rodney', 154, NULL, NULL),
(2615, 'Southland', 154, NULL, NULL),
(2616, 'Taranaki', 154, NULL, NULL),
(2617, 'Tasman', 154, NULL, NULL),
(2618, 'Waikato', 154, NULL, NULL),
(2619, 'Wellington', 154, NULL, NULL),
(2620, 'West Coast', 154, NULL, NULL),
(2621, 'Atlantico Norte', 155, NULL, NULL),
(2622, 'Atlantico Sur', 155, NULL, NULL),
(2623, 'Boaco', 155, NULL, NULL),
(2624, 'Carazo', 155, NULL, NULL),
(2625, 'Chinandega', 155, NULL, NULL),
(2626, 'Chontales', 155, NULL, NULL),
(2627, 'Esteli', 155, NULL, NULL),
(2628, 'Granada', 155, NULL, NULL),
(2629, 'Jinotega', 155, NULL, NULL),
(2630, 'Leon', 155, NULL, NULL),
(2631, 'Madriz', 155, NULL, NULL),
(2632, 'Managua', 155, NULL, NULL),
(2633, 'Masaya', 155, NULL, NULL),
(2634, 'Matagalpa', 155, NULL, NULL),
(2635, 'Nueva Segovia', 155, NULL, NULL),
(2636, 'Rio San Juan', 155, NULL, NULL),
(2637, 'Rivas', 155, NULL, NULL),
(2638, 'Agadez', 156, NULL, NULL),
(2639, 'Diffa', 156, NULL, NULL),
(2640, 'Dosso', 156, NULL, NULL),
(2641, 'Maradi', 156, NULL, NULL),
(2642, 'Niamey', 156, NULL, NULL),
(2643, 'Tahoua', 156, NULL, NULL),
(2644, 'Tillabery', 156, NULL, NULL),
(2645, 'Zinder', 156, NULL, NULL),
(2646, 'Abia', 157, NULL, NULL),
(2647, 'Abuja Federal Capital Territor', 157, NULL, NULL),
(2648, 'Adamawa', 157, NULL, NULL),
(2649, 'Akwa Ibom', 157, NULL, NULL),
(2650, 'Anambra', 157, NULL, NULL),
(2651, 'Bauchi', 157, NULL, NULL),
(2652, 'Bayelsa', 157, NULL, NULL),
(2653, 'Benue', 157, NULL, NULL),
(2654, 'Borno', 157, NULL, NULL),
(2655, 'Cross River', 157, NULL, NULL),
(2656, 'Delta', 157, NULL, NULL),
(2657, 'Ebonyi', 157, NULL, NULL),
(2658, 'Edo', 157, NULL, NULL),
(2659, 'Ekiti', 157, NULL, NULL),
(2660, 'Enugu', 157, NULL, NULL),
(2661, 'Gombe', 157, NULL, NULL),
(2662, 'Imo', 157, NULL, NULL),
(2663, 'Jigawa', 157, NULL, NULL),
(2664, 'Kaduna', 157, NULL, NULL),
(2665, 'Kano', 157, NULL, NULL),
(2666, 'Katsina', 157, NULL, NULL),
(2667, 'Kebbi', 157, NULL, NULL),
(2668, 'Kogi', 157, NULL, NULL),
(2669, 'Kwara', 157, NULL, NULL),
(2670, 'Lagos', 157, NULL, NULL),
(2671, 'Nassarawa', 157, NULL, NULL),
(2672, 'Niger', 157, NULL, NULL),
(2673, 'Ogun', 157, NULL, NULL),
(2674, 'Ondo', 157, NULL, NULL),
(2675, 'Osun', 157, NULL, NULL),
(2676, 'Oyo', 157, NULL, NULL),
(2677, 'Plateau', 157, NULL, NULL),
(2678, 'Rivers', 157, NULL, NULL),
(2679, 'Sokoto', 157, NULL, NULL),
(2680, 'Taraba', 157, NULL, NULL),
(2681, 'Yobe', 157, NULL, NULL),
(2682, 'Zamfara', 157, NULL, NULL),
(2683, 'Niue', 158, NULL, NULL),
(2684, 'Norfolk Island', 159, NULL, NULL),
(2685, 'Northern Islands', 160, NULL, NULL),
(2686, 'Rota', 160, NULL, NULL),
(2687, 'Saipan', 160, NULL, NULL),
(2688, 'Tinian', 160, NULL, NULL),
(2689, 'Akershus', 161, NULL, NULL),
(2690, 'Aust Agder', 161, NULL, NULL),
(2691, 'Bergen', 161, NULL, NULL),
(2692, 'Buskerud', 161, NULL, NULL),
(2693, 'Finnmark', 161, NULL, NULL),
(2694, 'Hedmark', 161, NULL, NULL),
(2695, 'Hordaland', 161, NULL, NULL),
(2696, 'Moere og Romsdal', 161, NULL, NULL),
(2697, 'Nord Trondelag', 161, NULL, NULL),
(2698, 'Nordland', 161, NULL, NULL),
(2699, 'Oestfold', 161, NULL, NULL),
(2700, 'Oppland', 161, NULL, NULL),
(2701, 'Oslo', 161, NULL, NULL),
(2702, 'Rogaland', 161, NULL, NULL),
(2703, 'Soer Troendelag', 161, NULL, NULL),
(2704, 'Sogn og Fjordane', 161, NULL, NULL),
(2705, 'Stavern', 161, NULL, NULL),
(2706, 'Sykkylven', 161, NULL, NULL),
(2707, 'Telemark', 161, NULL, NULL),
(2708, 'Troms', 161, NULL, NULL),
(2709, 'Vest Agder', 161, NULL, NULL),
(2710, 'Vestfold', 161, NULL, NULL),
(2711, 'ÃƒÂ˜stfold', 161, NULL, NULL),
(2712, 'Al Buraimi', 162, NULL, NULL),
(2713, 'Dhufar', 162, NULL, NULL),
(2714, 'Masqat', 162, NULL, NULL),
(2715, 'Musandam', 162, NULL, NULL),
(2716, 'Rusayl', 162, NULL, NULL),
(2717, 'Wadi Kabir', 162, NULL, NULL),
(2718, 'ad-Dakhiliyah', 162, NULL, NULL),
(2719, 'adh-Dhahirah', 162, NULL, NULL),
(2720, 'al-Batinah', 162, NULL, NULL),
(2721, 'ash-Sharqiyah', 162, NULL, NULL),
(2722, 'Baluchistan', 163, NULL, NULL),
(2723, 'Federal Capital Area', 163, NULL, NULL),
(2724, 'Federally administered Tribal ', 163, NULL, NULL),
(2725, 'North-West Frontier', 163, NULL, NULL),
(2726, 'Northern Areas', 163, NULL, NULL),
(2727, 'Punjab', 163, NULL, NULL),
(2728, 'Sind', 163, NULL, NULL),
(2729, 'Aimeliik', 164, NULL, NULL),
(2730, 'Airai', 164, NULL, NULL),
(2731, 'Angaur', 164, NULL, NULL),
(2732, 'Hatobohei', 164, NULL, NULL),
(2733, 'Kayangel', 164, NULL, NULL),
(2734, 'Koror', 164, NULL, NULL),
(2735, 'Melekeok', 164, NULL, NULL),
(2736, 'Ngaraard', 164, NULL, NULL),
(2737, 'Ngardmau', 164, NULL, NULL),
(2738, 'Ngaremlengui', 164, NULL, NULL),
(2739, 'Ngatpang', 164, NULL, NULL),
(2740, 'Ngchesar', 164, NULL, NULL),
(2741, 'Ngerchelong', 164, NULL, NULL),
(2742, 'Ngiwal', 164, NULL, NULL),
(2743, 'Peleliu', 164, NULL, NULL),
(2744, 'Sonsorol', 164, NULL, NULL),
(2745, 'Ariha', 392, NULL, NULL),
(2746, 'Bayt Lahm', 392, NULL, NULL),
(2747, 'Bethlehem', 392, NULL, NULL),
(2748, 'Dayr-al-Balah', 392, NULL, NULL),
(2749, 'Ghazzah', 392, NULL, NULL),
(2750, 'Ghazzah ash-Shamaliyah', 392, NULL, NULL),
(2751, 'Janin', 392, NULL, NULL),
(2752, 'Khan Yunis', 392, NULL, NULL),
(2753, 'Nabulus', 392, NULL, NULL),
(2754, 'Qalqilyah', 392, NULL, NULL),
(2755, 'Rafah', 392, NULL, NULL),
(2756, 'Ram Allah wal-Birah', 392, NULL, NULL),
(2757, 'Salfit', 392, NULL, NULL),
(2758, 'Tubas', 392, NULL, NULL),
(2759, 'Tulkarm', 392, NULL, NULL),
(2760, 'al-Khalil', 392, NULL, NULL),
(2761, 'al-Quds', 392, NULL, NULL),
(2762, 'Bocas del Toro', 165, NULL, NULL),
(2763, 'Chiriqui', 165, NULL, NULL),
(2764, 'Cocle', 165, NULL, NULL),
(2765, 'Colon', 165, NULL, NULL),
(2766, 'Darien', 165, NULL, NULL),
(2767, 'Embera', 165, NULL, NULL),
(2768, 'Herrera', 165, NULL, NULL),
(2769, 'Kuna Yala', 165, NULL, NULL),
(2770, 'Los Santos', 165, NULL, NULL),
(2771, 'Ngobe Bugle', 165, NULL, NULL),
(2772, 'Panama', 165, NULL, NULL),
(2773, 'Veraguas', 165, NULL, NULL),
(2774, 'East New Britain', 166, NULL, NULL),
(2775, 'East Sepik', 166, NULL, NULL),
(2776, 'Eastern Highlands', 166, NULL, NULL),
(2777, 'Enga', 166, NULL, NULL),
(2778, 'Fly River', 166, NULL, NULL),
(2779, 'Gulf', 166, NULL, NULL),
(2780, 'Madang', 166, NULL, NULL),
(2781, 'Manus', 166, NULL, NULL),
(2782, 'Milne Bay', 166, NULL, NULL),
(2783, 'Morobe', 166, NULL, NULL),
(2784, 'National Capital District', 166, NULL, NULL),
(2785, 'New Ireland', 166, NULL, NULL),
(2786, 'North Solomons', 166, NULL, NULL),
(2787, 'Oro', 166, NULL, NULL),
(2788, 'Sandaun', 166, NULL, NULL),
(2789, 'Simbu', 166, NULL, NULL),
(2790, 'Southern Highlands', 166, NULL, NULL),
(2791, 'West New Britain', 166, NULL, NULL),
(2792, 'Western Highlands', 166, NULL, NULL),
(2793, 'Alto Paraguay', 167, NULL, NULL),
(2794, 'Alto Parana', 167, NULL, NULL),
(2795, 'Amambay', 167, NULL, NULL),
(2796, 'Asuncion', 167, NULL, NULL),
(2797, 'Boqueron', 167, NULL, NULL),
(2798, 'Caaguazu', 167, NULL, NULL),
(2799, 'Caazapa', 167, NULL, NULL),
(2800, 'Canendiyu', 167, NULL, NULL),
(2801, 'Central', 167, NULL, NULL),
(2802, 'Concepcion', 167, NULL, NULL),
(2803, 'Cordillera', 167, NULL, NULL),
(2804, 'Guaira', 167, NULL, NULL),
(2805, 'Itapua', 167, NULL, NULL),
(2806, 'Misiones', 167, NULL, NULL),
(2807, 'Neembucu', 167, NULL, NULL),
(2808, 'Paraguari', 167, NULL, NULL),
(2809, 'Presidente Hayes', 167, NULL, NULL),
(2810, 'San Pedro', 167, NULL, NULL),
(2811, 'Amazonas', 168, NULL, NULL),
(2812, 'Ancash', 168, NULL, NULL),
(2813, 'Apurimac', 168, NULL, NULL),
(2814, 'Arequipa', 168, NULL, NULL),
(2815, 'Ayacucho', 168, NULL, NULL),
(2816, 'Cajamarca', 168, NULL, NULL),
(2817, 'Cusco', 168, NULL, NULL),
(2818, 'Huancavelica', 168, NULL, NULL),
(2819, 'Huanuco', 168, NULL, NULL),
(2820, 'Ica', 168, NULL, NULL),
(2821, 'Junin', 168, NULL, NULL),
(2822, 'La Libertad', 168, NULL, NULL),
(2823, 'Lambayeque', 168, NULL, NULL),
(2824, 'Lima y Callao', 168, NULL, NULL),
(2825, 'Loreto', 168, NULL, NULL),
(2826, 'Madre de Dios', 168, NULL, NULL),
(2827, 'Moquegua', 168, NULL, NULL),
(2828, 'Pasco', 168, NULL, NULL),
(2829, 'Piura', 168, NULL, NULL),
(2830, 'Puno', 168, NULL, NULL),
(2831, 'San Martin', 168, NULL, NULL),
(2832, 'Tacna', 168, NULL, NULL),
(2833, 'Tumbes', 168, NULL, NULL),
(2834, 'Ucayali', 168, NULL, NULL),
(2835, 'Batangas', 169, NULL, NULL),
(2836, 'Bicol', 169, NULL, NULL),
(2837, 'Bulacan', 169, NULL, NULL),
(2838, 'Cagayan', 169, NULL, NULL),
(2839, 'Caraga', 169, NULL, NULL),
(2840, 'Central Luzon', 169, NULL, NULL),
(2841, 'Central Mindanao', 169, NULL, NULL),
(2842, 'Central Visayas', 169, NULL, NULL),
(2843, 'Cordillera', 169, NULL, NULL),
(2844, 'Davao', 169, NULL, NULL),
(2845, 'Eastern Visayas', 169, NULL, NULL),
(2846, 'Greater Metropolitan Area', 169, NULL, NULL),
(2847, 'Ilocos', 169, NULL, NULL),
(2848, 'Laguna', 169, NULL, NULL),
(2849, 'Luzon', 169, NULL, NULL),
(2850, 'Mactan', 169, NULL, NULL),
(2851, 'Metropolitan Manila Area', 169, NULL, NULL),
(2852, 'Muslim Mindanao', 169, NULL, NULL),
(2853, 'Northern Mindanao', 169, NULL, NULL);
INSERT INTO `city` (`id`, `name`, `country_id`, `created_at`, `updated_at`) VALUES
(2854, 'Southern Mindanao', 169, NULL, NULL),
(2855, 'Southern Tagalog', 169, NULL, NULL),
(2856, 'Western Mindanao', 169, NULL, NULL),
(2857, 'Western Visayas', 169, NULL, NULL),
(2858, 'Pitcairn Island', 170, NULL, NULL),
(2859, 'Biale Blota', 171, NULL, NULL),
(2860, 'Dobroszyce', 171, NULL, NULL),
(2861, 'Dolnoslaskie', 171, NULL, NULL),
(2862, 'Dziekanow Lesny', 171, NULL, NULL),
(2863, 'Hopowo', 171, NULL, NULL),
(2864, 'Kartuzy', 171, NULL, NULL),
(2865, 'Koscian', 171, NULL, NULL),
(2866, 'Krakow', 171, NULL, NULL),
(2867, 'Kujawsko-Pomorskie', 171, NULL, NULL),
(2868, 'Lodzkie', 171, NULL, NULL),
(2869, 'Lubelskie', 171, NULL, NULL),
(2870, 'Lubuskie', 171, NULL, NULL),
(2871, 'Malomice', 171, NULL, NULL),
(2872, 'Malopolskie', 171, NULL, NULL),
(2873, 'Mazowieckie', 171, NULL, NULL),
(2874, 'Mirkow', 171, NULL, NULL),
(2875, 'Opolskie', 171, NULL, NULL),
(2876, 'Ostrowiec', 171, NULL, NULL),
(2877, 'Podkarpackie', 171, NULL, NULL),
(2878, 'Podlaskie', 171, NULL, NULL),
(2879, 'Polska', 171, NULL, NULL),
(2880, 'Pomorskie', 171, NULL, NULL),
(2881, 'Poznan', 171, NULL, NULL),
(2882, 'Pruszkow', 171, NULL, NULL),
(2883, 'Rymanowska', 171, NULL, NULL),
(2884, 'Rzeszow', 171, NULL, NULL),
(2885, 'Slaskie', 171, NULL, NULL),
(2886, 'Stare Pole', 171, NULL, NULL),
(2887, 'Swietokrzyskie', 171, NULL, NULL),
(2888, 'Warminsko-Mazurskie', 171, NULL, NULL),
(2889, 'Warsaw', 171, NULL, NULL),
(2890, 'Wejherowo', 171, NULL, NULL),
(2891, 'Wielkopolskie', 171, NULL, NULL),
(2892, 'Wroclaw', 171, NULL, NULL),
(2893, 'Zachodnio-Pomorskie', 171, NULL, NULL),
(2894, 'Zukowo', 171, NULL, NULL),
(2895, 'Abrantes', 172, NULL, NULL),
(2896, 'Acores', 172, NULL, NULL),
(2897, 'Alentejo', 172, NULL, NULL),
(2898, 'Algarve', 172, NULL, NULL),
(2899, 'Braga', 172, NULL, NULL),
(2900, 'Centro', 172, NULL, NULL),
(2901, 'Distrito de Leiria', 172, NULL, NULL),
(2902, 'Distrito de Viana do Castelo', 172, NULL, NULL),
(2903, 'Distrito de Vila Real', 172, NULL, NULL),
(2904, 'Distrito do Porto', 172, NULL, NULL),
(2905, 'Lisboa e Vale do Tejo', 172, NULL, NULL),
(2906, 'Madeira', 172, NULL, NULL),
(2907, 'Norte', 172, NULL, NULL),
(2908, 'Paivas', 172, NULL, NULL),
(2909, 'Arecibo', 173, NULL, NULL),
(2910, 'Bayamon', 173, NULL, NULL),
(2911, 'Carolina', 173, NULL, NULL),
(2912, 'Florida', 173, NULL, NULL),
(2913, 'Guayama', 173, NULL, NULL),
(2914, 'Humacao', 173, NULL, NULL),
(2915, 'Mayaguez-Aguadilla', 173, NULL, NULL),
(2916, 'Ponce', 173, NULL, NULL),
(2917, 'Salinas', 173, NULL, NULL),
(2918, 'San Juan', 173, NULL, NULL),
(2919, 'Doha', 174, NULL, NULL),
(2920, 'Jarian-al-Batnah', 174, NULL, NULL),
(2921, 'Umm Salal', 174, NULL, NULL),
(2922, 'ad-Dawhah', 174, NULL, NULL),
(2923, 'al-Ghuwayriyah', 174, NULL, NULL),
(2924, 'al-Jumayliyah', 174, NULL, NULL),
(2925, 'al-Khawr', 174, NULL, NULL),
(2926, 'al-Wakrah', 174, NULL, NULL),
(2927, 'ar-Rayyan', 174, NULL, NULL),
(2928, 'ash-Shamal', 174, NULL, NULL),
(2929, 'Saint-Benoit', 175, NULL, NULL),
(2930, 'Saint-Denis', 175, NULL, NULL),
(2931, 'Saint-Paul', 175, NULL, NULL),
(2932, 'Saint-Pierre', 175, NULL, NULL),
(2933, 'Alba', 176, NULL, NULL),
(2934, 'Arad', 176, NULL, NULL),
(2935, 'Arges', 176, NULL, NULL),
(2936, 'Bacau', 176, NULL, NULL),
(2937, 'Bihor', 176, NULL, NULL),
(2938, 'Bistrita-Nasaud', 176, NULL, NULL),
(2939, 'Botosani', 176, NULL, NULL),
(2940, 'Braila', 176, NULL, NULL),
(2941, 'Brasov', 176, NULL, NULL),
(2942, 'Bucuresti', 176, NULL, NULL),
(2943, 'Buzau', 176, NULL, NULL),
(2944, 'Calarasi', 176, NULL, NULL),
(2945, 'Caras-Severin', 176, NULL, NULL),
(2946, 'Cluj', 176, NULL, NULL),
(2947, 'Constanta', 176, NULL, NULL),
(2948, 'Covasna', 176, NULL, NULL),
(2949, 'Dambovita', 176, NULL, NULL),
(2950, 'Dolj', 176, NULL, NULL),
(2951, 'Galati', 176, NULL, NULL),
(2952, 'Giurgiu', 176, NULL, NULL),
(2953, 'Gorj', 176, NULL, NULL),
(2954, 'Harghita', 176, NULL, NULL),
(2955, 'Hunedoara', 176, NULL, NULL),
(2956, 'Ialomita', 176, NULL, NULL),
(2957, 'Iasi', 176, NULL, NULL),
(2958, 'Ilfov', 176, NULL, NULL),
(2959, 'Maramures', 176, NULL, NULL),
(2960, 'Mehedinti', 176, NULL, NULL),
(2961, 'Mures', 176, NULL, NULL),
(2962, 'Neamt', 176, NULL, NULL),
(2963, 'Olt', 176, NULL, NULL),
(2964, 'Prahova', 176, NULL, NULL),
(2965, 'Salaj', 176, NULL, NULL),
(2966, 'Satu Mare', 176, NULL, NULL),
(2967, 'Sibiu', 176, NULL, NULL),
(2968, 'Sondelor', 176, NULL, NULL),
(2969, 'Suceava', 176, NULL, NULL),
(2970, 'Teleorman', 176, NULL, NULL),
(2971, 'Timis', 176, NULL, NULL),
(2972, 'Tulcea', 176, NULL, NULL),
(2973, 'Valcea', 176, NULL, NULL),
(2974, 'Vaslui', 176, NULL, NULL),
(2975, 'Vrancea', 176, NULL, NULL),
(2976, 'Adygeja', 177, NULL, NULL),
(2977, 'Aga', 177, NULL, NULL),
(2978, 'Alanija', 177, NULL, NULL),
(2979, 'Altaj', 177, NULL, NULL),
(2980, 'Amur', 177, NULL, NULL),
(2981, 'Arhangelsk', 177, NULL, NULL),
(2982, 'Astrahan', 177, NULL, NULL),
(2983, 'Bashkortostan', 177, NULL, NULL),
(2984, 'Belgorod', 177, NULL, NULL),
(2985, 'Brjansk', 177, NULL, NULL),
(2986, 'Burjatija', 177, NULL, NULL),
(2987, 'Chechenija', 177, NULL, NULL),
(2988, 'Cheljabinsk', 177, NULL, NULL),
(2989, 'Chita', 177, NULL, NULL),
(2990, 'Chukotka', 177, NULL, NULL),
(2991, 'Chuvashija', 177, NULL, NULL),
(2992, 'Dagestan', 177, NULL, NULL),
(2993, 'Evenkija', 177, NULL, NULL),
(2994, 'Gorno-Altaj', 177, NULL, NULL),
(2995, 'Habarovsk', 177, NULL, NULL),
(2996, 'Hakasija', 177, NULL, NULL),
(2997, 'Hanty-Mansija', 177, NULL, NULL),
(2998, 'Ingusetija', 177, NULL, NULL),
(2999, 'Irkutsk', 177, NULL, NULL),
(3000, 'Ivanovo', 177, NULL, NULL),
(3001, 'Jamalo-Nenets', 177, NULL, NULL),
(3002, 'Jaroslavl', 177, NULL, NULL),
(3003, 'Jevrej', 177, NULL, NULL),
(3004, 'Kabardino-Balkarija', 177, NULL, NULL),
(3005, 'Kaliningrad', 177, NULL, NULL),
(3006, 'Kalmykija', 177, NULL, NULL),
(3007, 'Kaluga', 177, NULL, NULL),
(3008, 'Kamchatka', 177, NULL, NULL),
(3009, 'Karachaj-Cherkessija', 177, NULL, NULL),
(3010, 'Karelija', 177, NULL, NULL),
(3011, 'Kemerovo', 177, NULL, NULL),
(3012, 'Khabarovskiy Kray', 177, NULL, NULL),
(3013, 'Kirov', 177, NULL, NULL),
(3014, 'Komi', 177, NULL, NULL),
(3015, 'Komi-Permjakija', 177, NULL, NULL),
(3016, 'Korjakija', 177, NULL, NULL),
(3017, 'Kostroma', 177, NULL, NULL),
(3018, 'Krasnodar', 177, NULL, NULL),
(3019, 'Krasnojarsk', 177, NULL, NULL),
(3020, 'Krasnoyarskiy Kray', 177, NULL, NULL),
(3021, 'Kurgan', 177, NULL, NULL),
(3022, 'Kursk', 177, NULL, NULL),
(3023, 'Leningrad', 177, NULL, NULL),
(3024, 'Lipeck', 177, NULL, NULL),
(3025, 'Magadan', 177, NULL, NULL),
(3026, 'Marij El', 177, NULL, NULL),
(3027, 'Mordovija', 177, NULL, NULL),
(3028, 'Moscow', 177, NULL, NULL),
(3029, 'Moskovskaja Oblast', 177, NULL, NULL),
(3030, 'Moskovskaya Oblast', 177, NULL, NULL),
(3031, 'Moskva', 177, NULL, NULL),
(3032, 'Murmansk', 177, NULL, NULL),
(3033, 'Nenets', 177, NULL, NULL),
(3034, 'Nizhnij Novgorod', 177, NULL, NULL),
(3035, 'Novgorod', 177, NULL, NULL),
(3036, 'Novokusnezk', 177, NULL, NULL),
(3037, 'Novosibirsk', 177, NULL, NULL),
(3038, 'Omsk', 177, NULL, NULL),
(3039, 'Orenburg', 177, NULL, NULL),
(3040, 'Orjol', 177, NULL, NULL),
(3041, 'Penza', 177, NULL, NULL),
(3042, 'Perm', 177, NULL, NULL),
(3043, 'Primorje', 177, NULL, NULL),
(3044, 'Pskov', 177, NULL, NULL),
(3045, 'Pskovskaya Oblast', 177, NULL, NULL),
(3046, 'Rjazan', 177, NULL, NULL),
(3047, 'Rostov', 177, NULL, NULL),
(3048, 'Saha', 177, NULL, NULL),
(3049, 'Sahalin', 177, NULL, NULL),
(3050, 'Samara', 177, NULL, NULL),
(3051, 'Samarskaya', 177, NULL, NULL),
(3052, 'Sankt-Peterburg', 177, NULL, NULL),
(3053, 'Saratov', 177, NULL, NULL),
(3054, 'Smolensk', 177, NULL, NULL),
(3055, 'Stavropol', 177, NULL, NULL),
(3056, 'Sverdlovsk', 177, NULL, NULL),
(3057, 'Tajmyrija', 177, NULL, NULL),
(3058, 'Tambov', 177, NULL, NULL),
(3059, 'Tatarstan', 177, NULL, NULL),
(3060, 'Tjumen', 177, NULL, NULL),
(3061, 'Tomsk', 177, NULL, NULL),
(3062, 'Tula', 177, NULL, NULL),
(3063, 'Tver', 177, NULL, NULL),
(3064, 'Tyva', 177, NULL, NULL),
(3065, 'Udmurtija', 177, NULL, NULL),
(3066, 'Uljanovsk', 177, NULL, NULL),
(3067, 'Ulyanovskaya Oblast', 177, NULL, NULL),
(3068, 'Ust-Orda', 177, NULL, NULL),
(3069, 'Vladimir', 177, NULL, NULL),
(3070, 'Volgograd', 177, NULL, NULL),
(3071, 'Vologda', 177, NULL, NULL),
(3072, 'Voronezh', 177, NULL, NULL),
(3073, 'Butare', 178, NULL, NULL),
(3074, 'Byumba', 178, NULL, NULL),
(3075, 'Cyangugu', 178, NULL, NULL),
(3076, 'Gikongoro', 178, NULL, NULL),
(3077, 'Gisenyi', 178, NULL, NULL),
(3078, 'Gitarama', 178, NULL, NULL),
(3079, 'Kibungo', 178, NULL, NULL),
(3080, 'Kibuye', 178, NULL, NULL),
(3081, 'Kigali-ngali', 178, NULL, NULL),
(3082, 'Ruhengeri', 178, NULL, NULL),
(3083, 'Ascension', 198, NULL, NULL),
(3084, 'Gough Island', 198, NULL, NULL),
(3085, 'Saint Helena', 198, NULL, NULL),
(3086, 'Tristan da Cunha', 198, NULL, NULL),
(3087, 'Christ Church Nichola Town', 179, NULL, NULL),
(3088, 'Saint Anne Sandy Point', 179, NULL, NULL),
(3089, 'Saint George Basseterre', 179, NULL, NULL),
(3090, 'Saint George Gingerland', 179, NULL, NULL),
(3091, 'Saint James Windward', 179, NULL, NULL),
(3092, 'Saint John Capesterre', 179, NULL, NULL),
(3093, 'Saint John Figtree', 179, NULL, NULL),
(3094, 'Saint Mary Cayon', 179, NULL, NULL),
(3095, 'Saint Paul Capesterre', 179, NULL, NULL),
(3096, 'Saint Paul Charlestown', 179, NULL, NULL),
(3097, 'Saint Peter Basseterre', 179, NULL, NULL),
(3098, 'Saint Thomas Lowland', 179, NULL, NULL),
(3099, 'Saint Thomas Middle Island', 179, NULL, NULL),
(3100, 'Trinity Palmetto Point', 179, NULL, NULL),
(3101, 'Anse-la-Raye', 180, NULL, NULL),
(3102, 'Canaries', 180, NULL, NULL),
(3103, 'Castries', 180, NULL, NULL),
(3104, 'Choiseul', 180, NULL, NULL),
(3105, 'Dennery', 180, NULL, NULL),
(3106, 'Gros Inlet', 180, NULL, NULL),
(3107, 'Laborie', 180, NULL, NULL),
(3108, 'Micoud', 180, NULL, NULL),
(3109, 'Soufriere', 180, NULL, NULL),
(3110, 'Vieux Fort', 180, NULL, NULL),
(3111, 'Miquelon-Langlade', 199, NULL, NULL),
(3112, 'Saint-Pierre', 199, NULL, NULL),
(3113, 'Charlotte', 181, NULL, NULL),
(3114, 'Grenadines', 181, NULL, NULL),
(3115, 'Saint Andrew', 181, NULL, NULL),
(3116, 'Saint David', 181, NULL, NULL),
(3117, 'Saint George', 181, NULL, NULL),
(3118, 'Saint Patrick', 181, NULL, NULL),
(3119, 'Aana', 182, NULL, NULL),
(3120, 'Aiga-i-le-Tai', 182, NULL, NULL),
(3121, 'Atua', 182, NULL, NULL),
(3122, 'Faasaleleaga', 182, NULL, NULL),
(3123, 'Gagaemauga', 182, NULL, NULL),
(3124, 'Gagaifomauga', 182, NULL, NULL),
(3125, 'Palauli', 182, NULL, NULL),
(3126, 'Satupaitea', 182, NULL, NULL),
(3127, 'Tuamasaga', 182, NULL, NULL),
(3128, 'Vaa-o-Fonoti', 182, NULL, NULL),
(3129, 'Vaisigano', 182, NULL, NULL),
(3130, 'Acquaviva', 183, NULL, NULL),
(3131, 'Borgo Maggiore', 183, NULL, NULL),
(3132, 'Chiesanuova', 183, NULL, NULL),
(3133, 'Domagnano', 183, NULL, NULL),
(3134, 'Faetano', 183, NULL, NULL),
(3135, 'Fiorentino', 183, NULL, NULL),
(3136, 'Montegiardino', 183, NULL, NULL),
(3137, 'San Marino', 183, NULL, NULL),
(3138, 'Serravalle', 183, NULL, NULL),
(3139, 'Agua Grande', 184, NULL, NULL),
(3140, 'Cantagalo', 184, NULL, NULL),
(3141, 'Lemba', 184, NULL, NULL),
(3142, 'Lobata', 184, NULL, NULL),
(3143, 'Me-Zochi', 184, NULL, NULL),
(3144, 'Pague', 184, NULL, NULL),
(3145, 'Al Khobar', 185, NULL, NULL),
(3146, 'Aseer', 185, NULL, NULL),
(3147, 'Ash Sharqiyah', 185, NULL, NULL),
(3148, 'Asir', 185, NULL, NULL),
(3149, 'Central Province', 185, NULL, NULL),
(3150, 'Eastern Province', 185, NULL, NULL),
(3151, 'Hail', 185, NULL, NULL),
(3152, 'Jawf', 185, NULL, NULL),
(3153, 'Jizan', 185, NULL, NULL),
(3154, 'Makkah', 185, NULL, NULL),
(3155, 'Najran', 185, NULL, NULL),
(3156, 'Qasim', 185, NULL, NULL),
(3157, 'Tabuk', 185, NULL, NULL),
(3158, 'Western Province', 185, NULL, NULL),
(3159, 'al-Bahah', 185, NULL, NULL),
(3160, 'al-Hudud-ash-Shamaliyah', 185, NULL, NULL),
(3161, 'al-Madinah', 185, NULL, NULL),
(3162, 'ar-Riyad', 185, NULL, NULL),
(3163, 'Dakar', 186, NULL, NULL),
(3164, 'Diourbel', 186, NULL, NULL),
(3165, 'Fatick', 186, NULL, NULL),
(3166, 'Kaolack', 186, NULL, NULL),
(3167, 'Kolda', 186, NULL, NULL),
(3168, 'Louga', 186, NULL, NULL),
(3169, 'Saint-Louis', 186, NULL, NULL),
(3170, 'Tambacounda', 186, NULL, NULL),
(3171, 'Thies', 186, NULL, NULL),
(3172, 'Ziguinchor', 186, NULL, NULL),
(3173, 'Central Serbia', 386, NULL, NULL),
(3174, 'Kosovo and Metohija', 386, NULL, NULL),
(3175, 'Vojvodina', 386, NULL, NULL),
(3176, 'Anse Boileau', 187, NULL, NULL),
(3177, 'Anse Royale', 187, NULL, NULL),
(3178, 'Cascade', 187, NULL, NULL),
(3179, 'Takamaka', 187, NULL, NULL),
(3180, 'Victoria', 187, NULL, NULL),
(3181, 'Eastern', 188, NULL, NULL),
(3182, 'Northern', 188, NULL, NULL),
(3183, 'Southern', 188, NULL, NULL),
(3184, 'Western', 188, NULL, NULL),
(3185, 'Singapore', 189, NULL, NULL),
(3186, 'Banskobystricky', 190, NULL, NULL),
(3187, 'Bratislavsky', 190, NULL, NULL),
(3188, 'Kosicky', 190, NULL, NULL),
(3189, 'Nitriansky', 190, NULL, NULL),
(3190, 'Presovsky', 190, NULL, NULL),
(3191, 'Trenciansky', 190, NULL, NULL),
(3192, 'Trnavsky', 190, NULL, NULL),
(3193, 'Zilinsky', 190, NULL, NULL),
(3194, 'Benedikt', 191, NULL, NULL),
(3195, 'Gorenjska', 191, NULL, NULL),
(3196, 'Gorishka', 191, NULL, NULL),
(3197, 'Jugovzhodna Slovenija', 191, NULL, NULL),
(3198, 'Koroshka', 191, NULL, NULL),
(3199, 'Notranjsko-krashka', 191, NULL, NULL),
(3200, 'Obalno-krashka', 191, NULL, NULL),
(3201, 'Obcina Domzale', 191, NULL, NULL),
(3202, 'Obcina Vitanje', 191, NULL, NULL),
(3203, 'Osrednjeslovenska', 191, NULL, NULL),
(3204, 'Podravska', 191, NULL, NULL),
(3205, 'Pomurska', 191, NULL, NULL),
(3206, 'Savinjska', 191, NULL, NULL),
(3207, 'Slovenian Littoral', 191, NULL, NULL),
(3208, 'Spodnjeposavska', 191, NULL, NULL),
(3209, 'Zasavska', 191, NULL, NULL),
(3210, 'Pitcairn', 393, NULL, NULL),
(3211, 'Central', 192, NULL, NULL),
(3212, 'Choiseul', 192, NULL, NULL),
(3213, 'Guadalcanal', 192, NULL, NULL),
(3214, 'Isabel', 192, NULL, NULL),
(3215, 'Makira and Ulawa', 192, NULL, NULL),
(3216, 'Malaita', 192, NULL, NULL),
(3217, 'Rennell and Bellona', 192, NULL, NULL),
(3218, 'Temotu', 192, NULL, NULL),
(3219, 'Western', 192, NULL, NULL),
(3220, 'Awdal', 193, NULL, NULL),
(3221, 'Bakol', 193, NULL, NULL),
(3222, 'Banadir', 193, NULL, NULL),
(3223, 'Bari', 193, NULL, NULL),
(3224, 'Bay', 193, NULL, NULL),
(3225, 'Galgudug', 193, NULL, NULL),
(3226, 'Gedo', 193, NULL, NULL),
(3227, 'Hiran', 193, NULL, NULL),
(3228, 'Jubbada Hose', 193, NULL, NULL),
(3229, 'Jubbadha Dexe', 193, NULL, NULL),
(3230, 'Mudug', 193, NULL, NULL),
(3231, 'Nugal', 193, NULL, NULL),
(3232, 'Sanag', 193, NULL, NULL),
(3233, 'Shabellaha Dhexe', 193, NULL, NULL),
(3234, 'Shabellaha Hose', 193, NULL, NULL),
(3235, 'Togdher', 193, NULL, NULL),
(3236, 'Woqoyi Galbed', 193, NULL, NULL),
(3237, 'Eastern Cape', 194, NULL, NULL),
(3238, 'Free State', 194, NULL, NULL),
(3239, 'Gauteng', 194, NULL, NULL),
(3240, 'Kempton Park', 194, NULL, NULL),
(3241, 'Kramerville', 194, NULL, NULL),
(3242, 'KwaZulu Natal', 194, NULL, NULL),
(3243, 'Limpopo', 194, NULL, NULL),
(3244, 'Mpumalanga', 194, NULL, NULL),
(3245, 'North West', 194, NULL, NULL),
(3246, 'Northern Cape', 194, NULL, NULL),
(3247, 'Parow', 194, NULL, NULL),
(3248, 'Table View', 194, NULL, NULL),
(3249, 'Umtentweni', 194, NULL, NULL),
(3250, 'Western Cape', 194, NULL, NULL),
(3251, 'South Georgia', 195, NULL, NULL),
(3252, 'Central Equatoria', 204, NULL, NULL),
(3253, 'A Coruna', 196, NULL, NULL),
(3254, 'Alacant', 196, NULL, NULL),
(3255, 'Alava', 196, NULL, NULL),
(3256, 'Albacete', 196, NULL, NULL),
(3257, 'Almeria', 196, NULL, NULL),
(3258, 'Andalucia', 196, NULL, NULL),
(3259, 'Asturias', 196, NULL, NULL),
(3260, 'Avila', 196, NULL, NULL),
(3261, 'Badajoz', 196, NULL, NULL),
(3262, 'Balears', 196, NULL, NULL),
(3263, 'Barcelona', 196, NULL, NULL),
(3264, 'Bertamirans', 196, NULL, NULL),
(3265, 'Biscay', 196, NULL, NULL),
(3266, 'Burgos', 196, NULL, NULL),
(3267, 'Caceres', 196, NULL, NULL),
(3268, 'Cadiz', 196, NULL, NULL),
(3269, 'Cantabria', 196, NULL, NULL),
(3270, 'Castello', 196, NULL, NULL),
(3271, 'Catalunya', 196, NULL, NULL),
(3272, 'Ceuta', 196, NULL, NULL),
(3273, 'Ciudad Real', 196, NULL, NULL),
(3274, 'Comunidad Autonoma de Canarias', 196, NULL, NULL),
(3275, 'Comunidad Autonoma de Cataluna', 196, NULL, NULL),
(3276, 'Comunidad Autonoma de Galicia', 196, NULL, NULL),
(3277, 'Comunidad Autonoma de las Isla', 196, NULL, NULL),
(3278, 'Comunidad Autonoma del Princip', 196, NULL, NULL),
(3279, 'Comunidad Valenciana', 196, NULL, NULL),
(3280, 'Cordoba', 196, NULL, NULL),
(3281, 'Cuenca', 196, NULL, NULL),
(3282, 'Gipuzkoa', 196, NULL, NULL),
(3283, 'Girona', 196, NULL, NULL),
(3284, 'Granada', 196, NULL, NULL),
(3285, 'Guadalajara', 196, NULL, NULL),
(3286, 'Guipuzcoa', 196, NULL, NULL),
(3287, 'Huelva', 196, NULL, NULL),
(3288, 'Huesca', 196, NULL, NULL),
(3289, 'Jaen', 196, NULL, NULL),
(3290, 'La Rioja', 196, NULL, NULL),
(3291, 'Las Palmas', 196, NULL, NULL),
(3292, 'Leon', 196, NULL, NULL),
(3293, 'Lerida', 196, NULL, NULL),
(3294, 'Lleida', 196, NULL, NULL),
(3295, 'Lugo', 196, NULL, NULL),
(3296, 'Madrid', 196, NULL, NULL),
(3297, 'Malaga', 196, NULL, NULL),
(3298, 'Melilla', 196, NULL, NULL),
(3299, 'Murcia', 196, NULL, NULL),
(3300, 'Navarra', 196, NULL, NULL),
(3301, 'Ourense', 196, NULL, NULL),
(3302, 'Pais Vasco', 196, NULL, NULL),
(3303, 'Palencia', 196, NULL, NULL),
(3304, 'Pontevedra', 196, NULL, NULL),
(3305, 'Salamanca', 196, NULL, NULL),
(3306, 'Santa Cruz de Tenerife', 196, NULL, NULL),
(3307, 'Segovia', 196, NULL, NULL),
(3308, 'Sevilla', 196, NULL, NULL),
(3309, 'Soria', 196, NULL, NULL),
(3310, 'Tarragona', 196, NULL, NULL),
(3311, 'Tenerife', 196, NULL, NULL),
(3312, 'Teruel', 196, NULL, NULL),
(3313, 'Toledo', 196, NULL, NULL),
(3314, 'Valencia', 196, NULL, NULL),
(3315, 'Valladolid', 196, NULL, NULL),
(3316, 'Vizcaya', 196, NULL, NULL),
(3317, 'Zamora', 196, NULL, NULL),
(3318, 'Zaragoza', 196, NULL, NULL),
(3319, 'Amparai', 197, NULL, NULL),
(3320, 'Anuradhapuraya', 197, NULL, NULL),
(3321, 'Badulla', 197, NULL, NULL),
(3322, 'Boralesgamuwa', 197, NULL, NULL),
(3323, 'Colombo', 197, NULL, NULL),
(3324, 'Galla', 197, NULL, NULL),
(3325, 'Gampaha', 197, NULL, NULL),
(3326, 'Hambantota', 197, NULL, NULL),
(3327, 'Kalatura', 197, NULL, NULL),
(3328, 'Kegalla', 197, NULL, NULL),
(3329, 'Kilinochchi', 197, NULL, NULL),
(3330, 'Kurunegala', 197, NULL, NULL),
(3331, 'Madakalpuwa', 197, NULL, NULL),
(3332, 'Maha Nuwara', 197, NULL, NULL),
(3333, 'Malwana', 197, NULL, NULL),
(3334, 'Mannarama', 197, NULL, NULL),
(3335, 'Matale', 197, NULL, NULL),
(3336, 'Matara', 197, NULL, NULL),
(3337, 'Monaragala', 197, NULL, NULL),
(3338, 'Mullaitivu', 197, NULL, NULL),
(3339, 'North Eastern Province', 197, NULL, NULL),
(3340, 'North Western Province', 197, NULL, NULL),
(3341, 'Nuwara Eliya', 197, NULL, NULL),
(3342, 'Polonnaruwa', 197, NULL, NULL),
(3343, 'Puttalama', 197, NULL, NULL),
(3344, 'Ratnapuraya', 197, NULL, NULL),
(3345, 'Southern Province', 197, NULL, NULL),
(3346, 'Tirikunamalaya', 197, NULL, NULL),
(3347, 'Tuscany', 197, NULL, NULL),
(3348, 'Vavuniyawa', 197, NULL, NULL),
(3349, 'Western Province', 197, NULL, NULL),
(3350, 'Yapanaya', 197, NULL, NULL),
(3351, 'kadawatha', 197, NULL, NULL),
(3352, 'Aali-an-Nil', 200, NULL, NULL),
(3353, 'Bahr-al-Jabal', 200, NULL, NULL),
(3354, 'Central Equatoria', 200, NULL, NULL),
(3355, 'Gharb Bahr-al-Ghazal', 200, NULL, NULL),
(3356, 'Gharb Darfur', 200, NULL, NULL),
(3357, 'Gharb Kurdufan', 200, NULL, NULL),
(3358, 'Gharb-al-Istiwaiyah', 200, NULL, NULL),
(3359, 'Janub Darfur', 200, NULL, NULL),
(3360, 'Janub Kurdufan', 200, NULL, NULL),
(3361, 'Junqali', 200, NULL, NULL),
(3362, 'Kassala', 200, NULL, NULL),
(3363, 'Nahr-an-Nil', 200, NULL, NULL),
(3364, 'Shamal Bahr-al-Ghazal', 200, NULL, NULL),
(3365, 'Shamal Darfur', 200, NULL, NULL),
(3366, 'Shamal Kurdufan', 200, NULL, NULL),
(3367, 'Sharq-al-Istiwaiyah', 200, NULL, NULL),
(3368, 'Sinnar', 200, NULL, NULL),
(3369, 'Warab', 200, NULL, NULL),
(3370, 'Wilayat al Khartum', 200, NULL, NULL),
(3371, 'al-Bahr-al-Ahmar', 200, NULL, NULL),
(3372, 'al-Buhayrat', 200, NULL, NULL),
(3373, 'al-Jazirah', 200, NULL, NULL),
(3374, 'al-Khartum', 200, NULL, NULL),
(3375, 'al-Qadarif', 200, NULL, NULL),
(3376, 'al-Wahdah', 200, NULL, NULL),
(3377, 'an-Nil-al-Abyad', 200, NULL, NULL),
(3378, 'an-Nil-al-Azraq', 200, NULL, NULL),
(3379, 'ash-Shamaliyah', 200, NULL, NULL),
(3380, 'Brokopondo', 201, NULL, NULL),
(3381, 'Commewijne', 201, NULL, NULL),
(3382, 'Coronie', 201, NULL, NULL),
(3383, 'Marowijne', 201, NULL, NULL),
(3384, 'Nickerie', 201, NULL, NULL),
(3385, 'Para', 201, NULL, NULL),
(3386, 'Paramaribo', 201, NULL, NULL),
(3387, 'Saramacca', 201, NULL, NULL),
(3388, 'Wanica', 201, NULL, NULL),
(3389, 'Svalbard', 202, NULL, NULL),
(3390, 'Hhohho', 203, NULL, NULL),
(3391, 'Lubombo', 203, NULL, NULL),
(3392, 'Manzini', 203, NULL, NULL),
(3393, 'Shiselweni', 203, NULL, NULL),
(3394, 'Alvsborgs Lan', 204, NULL, NULL),
(3395, 'Angermanland', 204, NULL, NULL),
(3396, 'Blekinge', 204, NULL, NULL),
(3397, 'Bohuslan', 204, NULL, NULL),
(3398, 'Dalarna', 204, NULL, NULL),
(3399, 'Gavleborg', 204, NULL, NULL),
(3400, 'Gaza', 204, NULL, NULL),
(3401, 'Gotland', 204, NULL, NULL),
(3402, 'Halland', 204, NULL, NULL),
(3403, 'Jamtland', 204, NULL, NULL),
(3404, 'Jonkoping', 204, NULL, NULL),
(3405, 'Kalmar', 204, NULL, NULL),
(3406, 'Kristianstads', 204, NULL, NULL),
(3407, 'Kronoberg', 204, NULL, NULL),
(3408, 'Norrbotten', 204, NULL, NULL),
(3409, 'Orebro', 204, NULL, NULL),
(3410, 'Ostergotland', 204, NULL, NULL),
(3411, 'Saltsjo-Boo', 204, NULL, NULL),
(3412, 'Skane', 204, NULL, NULL),
(3413, 'Smaland', 204, NULL, NULL),
(3414, 'Sodermanland', 204, NULL, NULL),
(3415, 'Stockholm', 204, NULL, NULL),
(3416, 'Uppsala', 204, NULL, NULL),
(3417, 'Varmland', 204, NULL, NULL),
(3418, 'Vasterbotten', 204, NULL, NULL),
(3419, 'Vastergotland', 204, NULL, NULL),
(3420, 'Vasternorrland', 204, NULL, NULL),
(3421, 'Vastmanland', 204, NULL, NULL),
(3422, 'Vastra Gotaland', 204, NULL, NULL),
(3423, 'Aargau', 205, NULL, NULL),
(3424, 'Appenzell Inner-Rhoden', 205, NULL, NULL),
(3425, 'Appenzell-Ausser Rhoden', 205, NULL, NULL),
(3426, 'Basel-Landschaft', 205, NULL, NULL),
(3427, 'Basel-Stadt', 205, NULL, NULL),
(3428, 'Bern', 205, NULL, NULL),
(3429, 'Canton Ticino', 205, NULL, NULL),
(3430, 'Fribourg', 205, NULL, NULL),
(3431, 'Geneve', 205, NULL, NULL),
(3432, 'Glarus', 205, NULL, NULL),
(3433, 'Graubunden', 205, NULL, NULL),
(3434, 'Heerbrugg', 205, NULL, NULL),
(3435, 'Jura', 205, NULL, NULL),
(3436, 'Kanton Aargau', 205, NULL, NULL),
(3437, 'Luzern', 205, NULL, NULL),
(3438, 'Morbio Inferiore', 205, NULL, NULL),
(3439, 'Muhen', 205, NULL, NULL),
(3440, 'Neuchatel', 205, NULL, NULL),
(3441, 'Nidwalden', 205, NULL, NULL),
(3442, 'Obwalden', 205, NULL, NULL),
(3443, 'Sankt Gallen', 205, NULL, NULL),
(3444, 'Schaffhausen', 205, NULL, NULL),
(3445, 'Schwyz', 205, NULL, NULL),
(3446, 'Solothurn', 205, NULL, NULL),
(3447, 'Thurgau', 205, NULL, NULL),
(3448, 'Ticino', 205, NULL, NULL),
(3449, 'Uri', 205, NULL, NULL),
(3450, 'Valais', 205, NULL, NULL),
(3451, 'Vaud', 205, NULL, NULL),
(3452, 'Vauffelin', 205, NULL, NULL),
(3453, 'Zug', 205, NULL, NULL),
(3454, 'Zurich', 205, NULL, NULL),
(3455, 'Aleppo', 206, NULL, NULL),
(3456, 'Dara', 206, NULL, NULL),
(3457, 'Dayr-az-Zawr', 206, NULL, NULL),
(3458, 'Dimashq', 206, NULL, NULL),
(3459, 'Halab', 206, NULL, NULL),
(3460, 'Hamah', 206, NULL, NULL),
(3461, 'Hims', 206, NULL, NULL),
(3462, 'Idlib', 206, NULL, NULL),
(3463, 'Madinat Dimashq', 206, NULL, NULL),
(3464, 'Tartus', 206, NULL, NULL),
(3465, 'al-Hasakah', 206, NULL, NULL),
(3466, 'al-Ladhiqiyah', 206, NULL, NULL),
(3467, 'al-Qunaytirah', 206, NULL, NULL),
(3468, 'ar-Raqqah', 206, NULL, NULL),
(3469, 'as-Suwayda', 206, NULL, NULL),
(3470, 'Changhwa', 207, NULL, NULL),
(3471, 'Chiayi Hsien', 207, NULL, NULL),
(3472, 'Chiayi Shih', 207, NULL, NULL),
(3473, 'Eastern Taipei', 207, NULL, NULL),
(3474, 'Hsinchu Hsien', 207, NULL, NULL),
(3475, 'Hsinchu Shih', 207, NULL, NULL),
(3476, 'Hualien', 207, NULL, NULL),
(3477, 'Ilan', 207, NULL, NULL),
(3478, 'Kaohsiung Hsien', 207, NULL, NULL),
(3479, 'Kaohsiung Shih', 207, NULL, NULL),
(3480, 'Keelung Shih', 207, NULL, NULL),
(3481, 'Kinmen', 207, NULL, NULL),
(3482, 'Miaoli', 207, NULL, NULL),
(3483, 'Nantou', 207, NULL, NULL),
(3484, 'Northern Taiwan', 207, NULL, NULL),
(3485, 'Penghu', 207, NULL, NULL),
(3486, 'Pingtung', 207, NULL, NULL),
(3487, 'Taichung', 207, NULL, NULL),
(3488, 'Taichung Hsien', 207, NULL, NULL),
(3489, 'Taichung Shih', 207, NULL, NULL),
(3490, 'Tainan Hsien', 207, NULL, NULL),
(3491, 'Tainan Shih', 207, NULL, NULL),
(3492, 'Taipei Hsien', 207, NULL, NULL),
(3493, 'Taipei Shih / Taipei Hsien', 207, NULL, NULL),
(3494, 'Taitung', 207, NULL, NULL),
(3495, 'Taoyuan', 207, NULL, NULL),
(3496, 'Yilan', 207, NULL, NULL),
(3497, 'Yun-Lin Hsien', 207, NULL, NULL),
(3498, 'Yunlin', 207, NULL, NULL),
(3499, 'Dushanbe', 208, NULL, NULL),
(3500, 'Gorno-Badakhshan', 208, NULL, NULL),
(3501, 'Karotegin', 208, NULL, NULL),
(3502, 'Khatlon', 208, NULL, NULL),
(3503, 'Sughd', 208, NULL, NULL),
(3504, 'Arusha', 209, NULL, NULL),
(3505, 'Dar es Salaam', 209, NULL, NULL),
(3506, 'Dodoma', 209, NULL, NULL),
(3507, 'Iringa', 209, NULL, NULL),
(3508, 'Kagera', 209, NULL, NULL),
(3509, 'Kigoma', 209, NULL, NULL),
(3510, 'Kilimanjaro', 209, NULL, NULL),
(3511, 'Lindi', 209, NULL, NULL),
(3512, 'Mara', 209, NULL, NULL),
(3513, 'Mbeya', 209, NULL, NULL),
(3514, 'Morogoro', 209, NULL, NULL),
(3515, 'Mtwara', 209, NULL, NULL),
(3516, 'Mwanza', 209, NULL, NULL),
(3517, 'Pwani', 209, NULL, NULL),
(3518, 'Rukwa', 209, NULL, NULL),
(3519, 'Ruvuma', 209, NULL, NULL),
(3520, 'Shinyanga', 209, NULL, NULL),
(3521, 'Singida', 209, NULL, NULL),
(3522, 'Tabora', 209, NULL, NULL),
(3523, 'Tanga', 209, NULL, NULL),
(3524, 'Zanzibar and Pemba', 209, NULL, NULL),
(3525, 'Amnat Charoen', 210, NULL, NULL),
(3526, 'Ang Thong', 210, NULL, NULL),
(3527, 'Bangkok', 210, NULL, NULL),
(3528, 'Buri Ram', 210, NULL, NULL),
(3529, 'Chachoengsao', 210, NULL, NULL),
(3530, 'Chai Nat', 210, NULL, NULL),
(3531, 'Chaiyaphum', 210, NULL, NULL),
(3532, 'Changwat Chaiyaphum', 210, NULL, NULL),
(3533, 'Chanthaburi', 210, NULL, NULL),
(3534, 'Chiang Mai', 210, NULL, NULL),
(3535, 'Chiang Rai', 210, NULL, NULL),
(3536, 'Chon Buri', 210, NULL, NULL),
(3537, 'Chumphon', 210, NULL, NULL),
(3538, 'Kalasin', 210, NULL, NULL),
(3539, 'Kamphaeng Phet', 210, NULL, NULL),
(3540, 'Kanchanaburi', 210, NULL, NULL),
(3541, 'Khon Kaen', 210, NULL, NULL),
(3542, 'Krabi', 210, NULL, NULL),
(3543, 'Krung Thep', 210, NULL, NULL),
(3544, 'Lampang', 210, NULL, NULL),
(3545, 'Lamphun', 210, NULL, NULL),
(3546, 'Loei', 210, NULL, NULL),
(3547, 'Lop Buri', 210, NULL, NULL),
(3548, 'Mae Hong Son', 210, NULL, NULL),
(3549, 'Maha Sarakham', 210, NULL, NULL),
(3550, 'Mukdahan', 210, NULL, NULL),
(3551, 'Nakhon Nayok', 210, NULL, NULL),
(3552, 'Nakhon Pathom', 210, NULL, NULL),
(3553, 'Nakhon Phanom', 210, NULL, NULL),
(3554, 'Nakhon Ratchasima', 210, NULL, NULL),
(3555, 'Nakhon Sawan', 210, NULL, NULL),
(3556, 'Nakhon Si Thammarat', 210, NULL, NULL),
(3557, 'Nan', 210, NULL, NULL),
(3558, 'Narathiwat', 210, NULL, NULL),
(3559, 'Nong Bua Lam Phu', 210, NULL, NULL),
(3560, 'Nong Khai', 210, NULL, NULL),
(3561, 'Nonthaburi', 210, NULL, NULL),
(3562, 'Pathum Thani', 210, NULL, NULL),
(3563, 'Pattani', 210, NULL, NULL),
(3564, 'Phangnga', 210, NULL, NULL),
(3565, 'Phatthalung', 210, NULL, NULL),
(3566, 'Phayao', 210, NULL, NULL),
(3567, 'Phetchabun', 210, NULL, NULL),
(3568, 'Phetchaburi', 210, NULL, NULL),
(3569, 'Phichit', 210, NULL, NULL),
(3570, 'Phitsanulok', 210, NULL, NULL),
(3571, 'Phra Nakhon Si Ayutthaya', 210, NULL, NULL),
(3572, 'Phrae', 210, NULL, NULL),
(3573, 'Phuket', 210, NULL, NULL),
(3574, 'Prachin Buri', 210, NULL, NULL),
(3575, 'Prachuap Khiri Khan', 210, NULL, NULL),
(3576, 'Ranong', 210, NULL, NULL),
(3577, 'Ratchaburi', 210, NULL, NULL),
(3578, 'Rayong', 210, NULL, NULL),
(3579, 'Roi Et', 210, NULL, NULL),
(3580, 'Sa Kaeo', 210, NULL, NULL),
(3581, 'Sakon Nakhon', 210, NULL, NULL),
(3582, 'Samut Prakan', 210, NULL, NULL),
(3583, 'Samut Sakhon', 210, NULL, NULL),
(3584, 'Samut Songkhran', 210, NULL, NULL),
(3585, 'Saraburi', 210, NULL, NULL),
(3586, 'Satun', 210, NULL, NULL),
(3587, 'Si Sa Ket', 210, NULL, NULL),
(3588, 'Sing Buri', 210, NULL, NULL),
(3589, 'Songkhla', 210, NULL, NULL),
(3590, 'Sukhothai', 210, NULL, NULL),
(3591, 'Suphan Buri', 210, NULL, NULL),
(3592, 'Surat Thani', 210, NULL, NULL),
(3593, 'Surin', 210, NULL, NULL),
(3594, 'Tak', 210, NULL, NULL),
(3595, 'Trang', 210, NULL, NULL),
(3596, 'Trat', 210, NULL, NULL),
(3597, 'Ubon Ratchathani', 210, NULL, NULL),
(3598, 'Udon Thani', 210, NULL, NULL),
(3599, 'Uthai Thani', 210, NULL, NULL),
(3600, 'Uttaradit', 210, NULL, NULL),
(3601, 'Yala', 210, NULL, NULL),
(3602, 'Yasothon', 210, NULL, NULL),
(3603, 'Centre', 211, NULL, NULL),
(3604, 'Kara', 211, NULL, NULL),
(3605, 'Maritime', 211, NULL, NULL),
(3606, 'Plateaux', 211, NULL, NULL),
(3607, 'Savanes', 211, NULL, NULL),
(3608, 'Atafu', 212, NULL, NULL),
(3609, 'Fakaofo', 212, NULL, NULL),
(3610, 'Nukunonu', 212, NULL, NULL),
(3611, 'Eua', 213, NULL, NULL),
(3612, 'Haapai', 213, NULL, NULL),
(3613, 'Niuas', 213, NULL, NULL),
(3614, 'Tongatapu', 213, NULL, NULL),
(3615, 'Vavau', 213, NULL, NULL),
(3616, 'Arima-Tunapuna-Piarco', 214, NULL, NULL),
(3617, 'Caroni', 214, NULL, NULL),
(3618, 'Chaguanas', 214, NULL, NULL),
(3619, 'Couva-Tabaquite-Talparo', 214, NULL, NULL),
(3620, 'Diego Martin', 214, NULL, NULL),
(3621, 'Glencoe', 214, NULL, NULL),
(3622, 'Penal Debe', 214, NULL, NULL),
(3623, 'Point Fortin', 214, NULL, NULL),
(3624, 'Port of Spain', 214, NULL, NULL),
(3625, 'Princes Town', 214, NULL, NULL),
(3626, 'Saint George', 214, NULL, NULL),
(3627, 'San Fernando', 214, NULL, NULL),
(3628, 'San Juan', 214, NULL, NULL),
(3629, 'Sangre Grande', 214, NULL, NULL),
(3630, 'Siparia', 214, NULL, NULL),
(3631, 'Tobago', 214, NULL, NULL),
(3632, 'Aryanah', 215, NULL, NULL),
(3633, 'Bajah', 215, NULL, NULL),
(3634, 'Bin Arus', 215, NULL, NULL),
(3635, 'Binzart', 215, NULL, NULL),
(3636, 'Gouvernorat de Ariana', 215, NULL, NULL),
(3637, 'Gouvernorat de Nabeul', 215, NULL, NULL),
(3638, 'Gouvernorat de Sousse', 215, NULL, NULL),
(3639, 'Hammamet Yasmine', 215, NULL, NULL),
(3640, 'Jundubah', 215, NULL, NULL),
(3641, 'Madaniyin', 215, NULL, NULL),
(3642, 'Manubah', 215, NULL, NULL),
(3643, 'Monastir', 215, NULL, NULL),
(3644, 'Nabul', 215, NULL, NULL),
(3645, 'Qabis', 215, NULL, NULL),
(3646, 'Qafsah', 215, NULL, NULL),
(3647, 'Qibili', 215, NULL, NULL),
(3648, 'Safaqis', 215, NULL, NULL),
(3649, 'Sfax', 215, NULL, NULL),
(3650, 'Sidi Bu Zayd', 215, NULL, NULL),
(3651, 'Silyanah', 215, NULL, NULL),
(3652, 'Susah', 215, NULL, NULL),
(3653, 'Tatawin', 215, NULL, NULL),
(3654, 'Tawzar', 215, NULL, NULL),
(3655, 'Tunis', 215, NULL, NULL),
(3656, 'Zaghwan', 215, NULL, NULL),
(3657, 'al-Kaf', 215, NULL, NULL),
(3658, 'al-Mahdiyah', 215, NULL, NULL),
(3659, 'al-Munastir', 215, NULL, NULL),
(3660, 'al-Qasrayn', 215, NULL, NULL),
(3661, 'al-Qayrawan', 215, NULL, NULL),
(3662, 'Adana', 1, NULL, NULL),
(3663, 'Adiyaman', 1, NULL, NULL),
(3664, 'Afyon', 1, NULL, NULL),
(3665, 'Agri', 1, NULL, NULL),
(3666, 'Aksaray', 1, NULL, NULL),
(3667, 'Amasya', 1, NULL, NULL),
(3668, 'Ankara', 1, NULL, NULL),
(3669, 'Antalya', 1, NULL, NULL),
(3670, 'Ardahan', 1, NULL, NULL),
(3671, 'Artvin', 1, NULL, NULL),
(3672, 'Aydin', 1, NULL, NULL),
(3673, 'Balikesir', 1, NULL, NULL),
(3674, 'Bartin', 1, NULL, NULL),
(3675, 'Batman', 1, NULL, NULL),
(3676, 'Bayburt', 1, NULL, NULL),
(3677, 'Bilecik', 1, NULL, NULL),
(3678, 'Bingol', 1, NULL, NULL),
(3679, 'Bitlis', 1, NULL, NULL),
(3680, 'Bolu', 1, NULL, NULL),
(3681, 'Burdur', 1, NULL, NULL),
(3682, 'Bursa', 1, NULL, NULL),
(3683, 'Canakkale', 1, NULL, NULL),
(3684, 'Cankiri', 1, NULL, NULL),
(3685, 'Corum', 1, NULL, NULL),
(3686, 'Denizli', 1, NULL, NULL),
(3687, 'Diyarbakir', 1, NULL, NULL),
(3688, 'Duzce', 1, NULL, NULL),
(3689, 'Edirne', 1, NULL, NULL),
(3690, 'Elazig', 1, NULL, NULL),
(3691, 'Erzincan', 1, NULL, NULL),
(3692, 'Erzurum', 1, NULL, NULL),
(3693, 'Eskisehir', 1, NULL, NULL),
(3694, 'Gaziantep', 1, NULL, NULL),
(3695, 'Giresun', 1, NULL, NULL),
(3696, 'Gumushane', 1, NULL, NULL),
(3697, 'Hakkari', 1, NULL, NULL),
(3698, 'Hatay', 1, NULL, NULL),
(3699, 'Icel', 1, NULL, NULL),
(3700, 'Igdir', 1, NULL, NULL),
(3701, 'Isparta', 1, NULL, NULL),
(3702, 'Istanbul', 1, NULL, NULL),
(3703, 'Izmir', 1, NULL, NULL),
(3704, 'Kahramanmaras', 1, NULL, NULL),
(3705, 'Karabuk', 1, NULL, NULL),
(3706, 'Karaman', 1, NULL, NULL),
(3707, 'Kars', 1, NULL, NULL),
(3708, 'Karsiyaka', 1, NULL, NULL),
(3709, 'Kastamonu', 1, NULL, NULL),
(3710, 'Kayseri', 1, NULL, NULL),
(3711, 'Kilis', 1, NULL, NULL),
(3712, 'Kirikkale', 1, NULL, NULL),
(3713, 'Kirklareli', 1, NULL, NULL),
(3714, 'Kirsehir', 1, NULL, NULL),
(3715, 'Kocaeli', 1, NULL, NULL),
(3716, 'Konya', 1, NULL, NULL),
(3717, 'Kutahya', 1, NULL, NULL),
(3718, 'Lefkosa', 1, NULL, NULL),
(3719, 'Malatya', 1, NULL, NULL),
(3720, 'Manisa', 1, NULL, NULL),
(3721, 'Mardin', 1, NULL, NULL),
(3722, 'Mugla', 1, NULL, NULL),
(3723, 'Mus', 1, NULL, NULL),
(3724, 'Nevsehir', 1, NULL, NULL),
(3725, 'Nigde', 1, NULL, NULL),
(3726, 'Ordu', 1, NULL, NULL),
(3727, 'Osmaniye', 1, NULL, NULL),
(3728, 'Rize', 1, NULL, NULL),
(3729, 'Sakarya', 1, NULL, NULL),
(3730, 'Samsun', 1, NULL, NULL),
(3731, 'Sanliurfa', 1, NULL, NULL),
(3732, 'Siirt', 1, NULL, NULL),
(3733, 'Sinop', 1, NULL, NULL),
(3734, 'Sirnak', 1, NULL, NULL),
(3735, 'Sivas', 1, NULL, NULL),
(3736, 'Tekirdag', 1, NULL, NULL),
(3737, 'Tokat', 1, NULL, NULL),
(3738, 'Trabzon', 1, NULL, NULL),
(3739, 'Tunceli', 1, NULL, NULL),
(3740, 'Usak', 1, NULL, NULL),
(3741, 'Van', 1, NULL, NULL),
(3742, 'Yalova', 1, NULL, NULL),
(3743, 'Yozgat', 1, NULL, NULL),
(3744, 'Zonguldak', 1, NULL, NULL),
(3745, 'Ahal', 217, NULL, NULL),
(3746, 'Asgabat', 217, NULL, NULL),
(3747, 'Balkan', 217, NULL, NULL),
(3748, 'Dasoguz', 217, NULL, NULL),
(3749, 'Lebap', 217, NULL, NULL),
(3750, 'Mari', 217, NULL, NULL),
(3751, 'Grand Turk', 218, NULL, NULL),
(3752, 'South Caicos and East Caicos', 218, NULL, NULL),
(3753, 'Funafuti', 219, NULL, NULL),
(3754, 'Nanumanga', 219, NULL, NULL),
(3755, 'Nanumea', 219, NULL, NULL),
(3756, 'Niutao', 219, NULL, NULL),
(3757, 'Nui', 219, NULL, NULL),
(3758, 'Nukufetau', 219, NULL, NULL),
(3759, 'Nukulaelae', 219, NULL, NULL),
(3760, 'Vaitupu', 219, NULL, NULL),
(3761, 'Central', 220, NULL, NULL),
(3762, 'Eastern', 220, NULL, NULL),
(3763, 'Northern', 220, NULL, NULL),
(3764, 'Western', 220, NULL, NULL),
(3765, 'Cherkaska', 221, NULL, NULL),
(3766, 'Chernihivska', 221, NULL, NULL),
(3767, 'Chernivetska', 221, NULL, NULL),
(3768, 'Crimea', 221, NULL, NULL),
(3769, 'Dnipropetrovska', 221, NULL, NULL),
(3770, 'Donetska', 221, NULL, NULL),
(3771, 'Ivano-Frankivska', 221, NULL, NULL),
(3772, 'Kharkiv', 221, NULL, NULL),
(3773, 'Kharkov', 221, NULL, NULL),
(3774, 'Khersonska', 221, NULL, NULL),
(3775, 'Khmelnytska', 221, NULL, NULL),
(3776, 'Kirovohrad', 221, NULL, NULL),
(3777, 'Krym', 221, NULL, NULL),
(3778, 'Kyyiv', 221, NULL, NULL),
(3779, 'Kyyivska', 221, NULL, NULL),
(3780, 'Lvivska', 221, NULL, NULL),
(3781, 'Luhanska', 221, NULL, NULL),
(3782, 'Mykolayivska', 221, NULL, NULL),
(3783, 'Odeska', 221, NULL, NULL),
(3784, 'Odessa', 221, NULL, NULL),
(3785, 'Poltavska', 221, NULL, NULL),
(3786, 'Rivnenska', 221, NULL, NULL),
(3787, 'Sevastopol', 221, NULL, NULL),
(3788, 'Sumska', 221, NULL, NULL),
(3789, 'Ternopilska', 221, NULL, NULL),
(3790, 'Volynska', 221, NULL, NULL),
(3791, 'Vynnytska', 221, NULL, NULL),
(3792, 'Zakarpatska', 221, NULL, NULL),
(3793, 'Zaporizhia', 221, NULL, NULL),
(3794, 'Zhytomyrska', 221, NULL, NULL),
(3795, 'Abu Zabi', 222, NULL, NULL),
(3796, 'Ajman', 222, NULL, NULL),
(3797, 'Dubai', 222, NULL, NULL),
(3798, 'Ras al-Khaymah', 222, NULL, NULL),
(3799, 'Sharjah', 222, NULL, NULL),
(3800, 'Sharjha', 222, NULL, NULL),
(3801, 'Umm al Qaywayn', 222, NULL, NULL),
(3802, 'al-Fujayrah', 222, NULL, NULL),
(3803, 'ash-Shariqah', 222, NULL, NULL),
(3804, 'Aberdeen', 223, NULL, NULL),
(3805, 'Aberdeenshire', 223, NULL, NULL),
(3806, 'Argyll', 223, NULL, NULL),
(3807, 'Armagh', 223, NULL, NULL),
(3808, 'Bedfordshire', 223, NULL, NULL),
(3809, 'Belfast', 223, NULL, NULL),
(3810, 'Berkshire', 223, NULL, NULL),
(3811, 'Birmingham', 223, NULL, NULL),
(3812, 'Brechin', 223, NULL, NULL),
(3813, 'Bridgnorth', 223, NULL, NULL),
(3814, 'Bristol', 223, NULL, NULL),
(3815, 'Buckinghamshire', 223, NULL, NULL),
(3816, 'Cambridge', 223, NULL, NULL),
(3817, 'Cambridgeshire', 223, NULL, NULL),
(3818, 'Channel Islands', 223, NULL, NULL),
(3819, 'Cheshire', 223, NULL, NULL),
(3820, 'Cleveland', 223, NULL, NULL),
(3821, 'Co Fermanagh', 223, NULL, NULL),
(3822, 'Conwy', 223, NULL, NULL),
(3823, 'Cornwall', 223, NULL, NULL),
(3824, 'Coventry', 223, NULL, NULL),
(3825, 'Craven Arms', 223, NULL, NULL),
(3826, 'Cumbria', 223, NULL, NULL),
(3827, 'Denbighshire', 223, NULL, NULL),
(3828, 'Derby', 223, NULL, NULL),
(3829, 'Derbyshire', 223, NULL, NULL),
(3830, 'Devon', 223, NULL, NULL),
(3831, 'Dial Code Dungannon', 223, NULL, NULL),
(3832, 'Didcot', 223, NULL, NULL),
(3833, 'Dorset', 223, NULL, NULL),
(3834, 'Dunbartonshire', 223, NULL, NULL),
(3835, 'Durham', 223, NULL, NULL),
(3836, 'East Dunbartonshire', 223, NULL, NULL),
(3837, 'East Lothian', 223, NULL, NULL),
(3838, 'East Midlands', 223, NULL, NULL),
(3839, 'East Sussex', 223, NULL, NULL),
(3840, 'East Yorkshire', 223, NULL, NULL),
(3841, 'England', 223, NULL, NULL),
(3842, 'Essex', 223, NULL, NULL),
(3843, 'Fermanagh', 223, NULL, NULL),
(3844, 'Fife', 223, NULL, NULL),
(3845, 'Flintshire', 223, NULL, NULL),
(3846, 'Fulham', 223, NULL, NULL),
(3847, 'Gainsborough', 223, NULL, NULL),
(3848, 'Glocestershire', 223, NULL, NULL),
(3849, 'Gwent', 223, NULL, NULL),
(3850, 'Hampshire', 223, NULL, NULL),
(3851, 'Hants', 223, NULL, NULL),
(3852, 'Herefordshire', 223, NULL, NULL),
(3853, 'Hertfordshire', 223, NULL, NULL),
(3854, 'Ireland', 223, NULL, NULL),
(3855, 'Isle Of Man', 223, NULL, NULL),
(3856, 'Isle of Wight', 223, NULL, NULL),
(3857, 'Kenford', 223, NULL, NULL),
(3858, 'Kent', 223, NULL, NULL),
(3859, 'Kilmarnock', 223, NULL, NULL),
(3860, 'Lanarkshire', 223, NULL, NULL),
(3861, 'Lancashire', 223, NULL, NULL),
(3862, 'Leicestershire', 223, NULL, NULL),
(3863, 'Lincolnshire', 223, NULL, NULL),
(3864, 'Llanymynech', 223, NULL, NULL),
(3865, 'London', 223, NULL, NULL),
(3866, 'Ludlow', 223, NULL, NULL),
(3867, 'Manchester', 223, NULL, NULL),
(3868, 'Mayfair', 223, NULL, NULL),
(3869, 'Merseyside', 223, NULL, NULL),
(3870, 'Mid Glamorgan', 223, NULL, NULL),
(3871, 'Middlesex', 223, NULL, NULL),
(3872, 'Mildenhall', 223, NULL, NULL),
(3873, 'Monmouthshire', 223, NULL, NULL),
(3874, 'Newton Stewart', 223, NULL, NULL),
(3875, 'Norfolk', 223, NULL, NULL),
(3876, 'North Humberside', 223, NULL, NULL),
(3877, 'North Yorkshire', 223, NULL, NULL),
(3878, 'Northamptonshire', 223, NULL, NULL),
(3879, 'Northants', 223, NULL, NULL),
(3880, 'Northern Ireland', 223, NULL, NULL),
(3881, 'Northumberland', 223, NULL, NULL),
(3882, 'Nottinghamshire', 223, NULL, NULL),
(3883, 'Oxford', 223, NULL, NULL),
(3884, 'Powys', 223, NULL, NULL),
(3885, 'Roos-shire', 223, NULL, NULL),
(3886, 'SUSSEX', 223, NULL, NULL),
(3887, 'Sark', 223, NULL, NULL),
(3888, 'Scotland', 223, NULL, NULL),
(3889, 'Scottish Borders', 223, NULL, NULL),
(3890, 'Shropshire', 223, NULL, NULL),
(3891, 'Somerset', 223, NULL, NULL),
(3892, 'South Glamorgan', 223, NULL, NULL),
(3893, 'South Wales', 223, NULL, NULL),
(3894, 'South Yorkshire', 223, NULL, NULL),
(3895, 'Southwell', 223, NULL, NULL),
(3896, 'Staffordshire', 223, NULL, NULL),
(3897, 'Strabane', 223, NULL, NULL),
(3898, 'Suffolk', 223, NULL, NULL),
(3899, 'Surrey', 223, NULL, NULL),
(3900, 'Sussex', 223, NULL, NULL),
(3901, 'Twickenham', 223, NULL, NULL),
(3902, 'Tyne and Wear', 223, NULL, NULL),
(3903, 'Tyrone', 223, NULL, NULL),
(3904, 'Utah', 223, NULL, NULL),
(3905, 'Wales', 223, NULL, NULL),
(3906, 'Warwickshire', 223, NULL, NULL),
(3907, 'West Lothian', 223, NULL, NULL),
(3908, 'West Midlands', 223, NULL, NULL),
(3909, 'West Sussex', 223, NULL, NULL),
(3910, 'West Yorkshire', 223, NULL, NULL),
(3911, 'Whissendine', 223, NULL, NULL),
(3912, 'Wiltshire', 223, NULL, NULL),
(3913, 'Wokingham', 223, NULL, NULL),
(3914, 'Worcestershire', 223, NULL, NULL),
(3915, 'Wrexham', 223, NULL, NULL),
(3916, 'Wurttemberg', 223, NULL, NULL),
(3917, 'Yorkshire', 223, NULL, NULL),
(3918, 'Alabama', 300, NULL, NULL),
(3919, 'Alaska', 300, NULL, NULL),
(3920, 'Arizona', 300, NULL, NULL),
(3921, 'Arkansas', 300, NULL, NULL),
(3922, 'Byram', 300, NULL, NULL),
(3923, 'California', 300, NULL, NULL),
(3924, 'Cokato', 300, NULL, NULL),
(3925, 'Colorado', 300, NULL, NULL),
(3926, 'Connecticut', 300, NULL, NULL),
(3927, 'Delaware', 300, NULL, NULL),
(3928, 'District of Columbia', 300, NULL, NULL),
(3929, 'Florida', 300, NULL, NULL),
(3930, 'Georgia', 300, NULL, NULL),
(3931, 'Hawaii', 300, NULL, NULL),
(3932, 'Idaho', 300, NULL, NULL),
(3933, 'Illinois', 300, NULL, NULL),
(3934, 'Indiana', 300, NULL, NULL),
(3935, 'Iowa', 300, NULL, NULL),
(3936, 'Kansas', 300, NULL, NULL),
(3937, 'Kentucky', 300, NULL, NULL),
(3938, 'Louisiana', 300, NULL, NULL),
(3939, 'Lowa', 300, NULL, NULL),
(3940, 'Maine', 300, NULL, NULL),
(3941, 'Maryland', 300, NULL, NULL),
(3942, 'Massachusetts', 300, NULL, NULL),
(3943, 'Medfield', 300, NULL, NULL),
(3944, 'Michigan', 300, NULL, NULL),
(3945, 'Minnesota', 300, NULL, NULL),
(3946, 'Mississippi', 300, NULL, NULL),
(3947, 'Missouri', 300, NULL, NULL),
(3948, 'Montana', 300, NULL, NULL),
(3949, 'Nebraska', 300, NULL, NULL),
(3950, 'Nevada', 300, NULL, NULL),
(3951, 'New Hampshire', 300, NULL, NULL),
(3952, 'New Jersey', 300, NULL, NULL),
(3953, 'New Jersy', 300, NULL, NULL),
(3954, 'New Mexico', 300, NULL, NULL),
(3955, 'New York', 300, NULL, NULL),
(3956, 'North Carolina', 300, NULL, NULL),
(3957, 'North Dakota', 300, NULL, NULL),
(3958, 'Ohio', 300, NULL, NULL),
(3959, 'Oklahoma', 300, NULL, NULL),
(3960, 'Ontario', 300, NULL, NULL),
(3961, 'Oregon', 300, NULL, NULL),
(3962, 'Pennsylvania', 300, NULL, NULL),
(3963, 'Ramey', 300, NULL, NULL),
(3964, 'Rhode Island', 300, NULL, NULL),
(3965, 'South Carolina', 300, NULL, NULL),
(3966, 'South Dakota', 300, NULL, NULL),
(3967, 'Sublimity', 300, NULL, NULL),
(3968, 'Tennessee', 300, NULL, NULL),
(3969, 'Texas', 300, NULL, NULL),
(3970, 'Trimble', 300, NULL, NULL),
(3971, 'Utah', 300, NULL, NULL),
(3972, 'Vermont', 300, NULL, NULL),
(3973, 'Virginia', 300, NULL, NULL),
(3974, 'Washington', 300, NULL, NULL),
(3975, 'West Virginia', 300, NULL, NULL),
(3976, 'Wisconsin', 300, NULL, NULL),
(3977, 'Wyoming', 300, NULL, NULL),
(3978, 'United States Minor Outlying I', 224, NULL, NULL),
(3979, 'Artigas', 225, NULL, NULL),
(3980, 'Canelones', 225, NULL, NULL),
(3981, 'Cerro Largo', 225, NULL, NULL),
(3982, 'Colonia', 225, NULL, NULL),
(3983, 'Durazno', 225, NULL, NULL),
(3984, 'FLorida', 225, NULL, NULL),
(3985, 'Flores', 225, NULL, NULL),
(3986, 'Lavalleja', 225, NULL, NULL),
(3987, 'Maldonado', 225, NULL, NULL),
(3988, 'Montevideo', 225, NULL, NULL),
(3989, 'Paysandu', 225, NULL, NULL),
(3990, 'Rio Negro', 225, NULL, NULL),
(3991, 'Rivera', 225, NULL, NULL),
(3992, 'Rocha', 225, NULL, NULL),
(3993, 'Salto', 225, NULL, NULL),
(3994, 'San Jose', 225, NULL, NULL),
(3995, 'Soriano', 225, NULL, NULL),
(3996, 'Tacuarembo', 225, NULL, NULL),
(3997, 'Treinta y Tres', 225, NULL, NULL),
(3998, 'Andijon', 226, NULL, NULL),
(3999, 'Buhoro', 226, NULL, NULL),
(4000, 'Buxoro Viloyati', 226, NULL, NULL),
(4001, 'Cizah', 226, NULL, NULL),
(4002, 'Fargona', 226, NULL, NULL),
(4003, 'Horazm', 226, NULL, NULL),
(4004, 'Kaskadar', 226, NULL, NULL),
(4005, 'Korakalpogiston', 226, NULL, NULL),
(4006, 'Namangan', 226, NULL, NULL),
(4007, 'Navoi', 226, NULL, NULL),
(4008, 'Samarkand', 226, NULL, NULL),
(4009, 'Sirdare', 226, NULL, NULL),
(4010, 'Surhondar', 226, NULL, NULL),
(4011, 'Toskent', 226, NULL, NULL),
(4012, 'Malampa', 227, NULL, NULL),
(4013, 'Penama', 227, NULL, NULL),
(4014, 'Sanma', 227, NULL, NULL),
(4015, 'Shefa', 227, NULL, NULL),
(4016, 'Tafea', 227, NULL, NULL),
(4017, 'Torba', 227, NULL, NULL),
(4018, 'Vatican City State (Holy See)', 228, NULL, NULL),
(4019, 'Amazonas', 229, NULL, NULL),
(4020, 'Anzoategui', 229, NULL, NULL),
(4021, 'Apure', 229, NULL, NULL),
(4022, 'Aragua', 229, NULL, NULL),
(4023, 'Barinas', 229, NULL, NULL),
(4024, 'Bolivar', 229, NULL, NULL),
(4025, 'Carabobo', 229, NULL, NULL),
(4026, 'Cojedes', 229, NULL, NULL),
(4027, 'Delta Amacuro', 229, NULL, NULL),
(4028, 'Distrito Federal', 229, NULL, NULL),
(4029, 'Falcon', 229, NULL, NULL),
(4030, 'Guarico', 229, NULL, NULL),
(4031, 'Lara', 229, NULL, NULL),
(4032, 'Merida', 229, NULL, NULL),
(4033, 'Miranda', 229, NULL, NULL),
(4034, 'Monagas', 229, NULL, NULL),
(4035, 'Nueva Esparta', 229, NULL, NULL),
(4036, 'Portuguesa', 229, NULL, NULL),
(4037, 'Sucre', 229, NULL, NULL),
(4038, 'Tachira', 229, NULL, NULL),
(4039, 'Trujillo', 229, NULL, NULL),
(4040, 'Vargas', 229, NULL, NULL),
(4041, 'Yaracuy', 229, NULL, NULL),
(4042, 'Zulia', 229, NULL, NULL),
(4043, 'Bac Giang', 230, NULL, NULL),
(4044, 'Binh Dinh', 230, NULL, NULL),
(4045, 'Binh Duong', 230, NULL, NULL),
(4046, 'Da Nang', 230, NULL, NULL),
(4047, 'Dong Bang Song Cuu Long', 230, NULL, NULL),
(4048, 'Dong Bang Song Hong', 230, NULL, NULL),
(4049, 'Dong Nai', 230, NULL, NULL),
(4050, 'Dong Nam Bo', 230, NULL, NULL),
(4051, 'Duyen Hai Mien Trung', 230, NULL, NULL),
(4052, 'Hanoi', 230, NULL, NULL),
(4053, 'Hung Yen', 230, NULL, NULL),
(4054, 'Khu Bon Cu', 230, NULL, NULL),
(4055, 'Long An', 230, NULL, NULL),
(4056, 'Mien Nui Va Trung Du', 230, NULL, NULL),
(4057, 'Thai Nguyen', 230, NULL, NULL),
(4058, 'Thanh Pho Ho Chi Minh', 230, NULL, NULL),
(4059, 'Thu Do Ha Noi', 230, NULL, NULL),
(4060, 'Tinh Can Tho', 230, NULL, NULL),
(4061, 'Tinh Da Nang', 230, NULL, NULL),
(4062, 'Tinh Gia Lai', 230, NULL, NULL),
(4063, 'Anegada', 231, NULL, NULL),
(4064, 'Jost van Dyke', 231, NULL, NULL),
(4065, 'Tortola', 231, NULL, NULL),
(4066, 'Saint Croix', 232, NULL, NULL),
(4067, 'Saint John', 232, NULL, NULL),
(4068, 'Saint Thomas', 232, NULL, NULL),
(4069, 'Alo', 233, NULL, NULL),
(4070, 'Singave', 233, NULL, NULL),
(4071, 'Wallis', 233, NULL, NULL),
(4072, 'Bu Jaydur', 234, NULL, NULL),
(4073, 'Wad-adh-Dhahab', 234, NULL, NULL),
(4074, 'al-Ayun', 234, NULL, NULL),
(4075, 'as-Samarah', 235, NULL, NULL),
(4076, 'Adan', 235, NULL, NULL),
(4077, 'Abyan', 235, NULL, NULL),
(4078, 'Dhamar', 235, NULL, NULL),
(4079, 'Hadramaut', 235, NULL, NULL),
(4080, 'Hajjah', 235, NULL, NULL),
(4081, 'Hudaydah', 235, NULL, NULL),
(4082, 'Ibb', 235, NULL, NULL),
(4083, 'Lahij', 235, NULL, NULL),
(4084, 'Marib', 235, NULL, NULL),
(4085, 'Madinat Sana', 235, NULL, NULL),
(4086, 'Sadah', 235, NULL, NULL),
(4087, 'Sana', 235, NULL, NULL),
(4088, 'Shabwah', 235, NULL, NULL),
(4089, 'Ta-izz', 235, NULL, NULL),
(4090, 'al-Bayda', 235, NULL, NULL),
(4091, 'al-Hudaydah', 235, NULL, NULL),
(4092, 'al-Jawf', 235, NULL, NULL),
(4093, 'al-Mahrah', 235, NULL, NULL),
(4094, 'al-Mahwit', 235, NULL, NULL),
(4095, 'Central Serbia', 236, NULL, NULL),
(4096, 'Kosovo and Metohija', 236, NULL, NULL),
(4097, 'Montenegro', 236, NULL, NULL),
(4098, 'Republic of Serbia', 236, NULL, NULL),
(4099, 'Serbia', 236, NULL, NULL),
(4100, 'Vojvodina', 236, NULL, NULL),
(4101, 'Central', 238, NULL, NULL),
(4102, 'Copperbelt', 238, NULL, NULL),
(4103, 'Eastern', 238, NULL, NULL),
(4104, 'Luapala', 238, NULL, NULL),
(4105, 'Lusaka', 238, NULL, NULL),
(4106, 'North-Western', 238, NULL, NULL),
(4107, 'Northern', 238, NULL, NULL),
(4108, 'Southern', 238, NULL, NULL),
(4109, 'Western', 238, NULL, NULL),
(4110, 'Bulawayo', 239, NULL, NULL),
(4111, 'Harare', 239, NULL, NULL),
(4112, 'Manicaland', 239, NULL, NULL),
(4113, 'Mashonaland Central', 239, NULL, NULL),
(4114, 'Mashonaland East', 239, NULL, NULL),
(4115, 'Mashonaland West', 239, NULL, NULL),
(4116, 'Masvingo', 239, NULL, NULL),
(4117, 'Matabeleland North', 239, NULL, NULL),
(4118, 'Matabeleland South', 239, NULL, NULL),
(4119, 'Midlands', 239, NULL, NULL),
(4120, 'France, Metropolitan', 74, NULL, NULL),
(4121, 'Zaire', 237, NULL, NULL),
(4122, 'Kosovo', 340, NULL, NULL),
(4123, 'Montenegro', 343, NULL, NULL);

-- --------------------------------------------------------

--
-- Table structure for table `cms_category`
--

CREATE TABLE `cms_category` (
  `id` int(10) UNSIGNED NOT NULL,
  `site_id` int(10) UNSIGNED NOT NULL,
  `name` varchar(255) DEFAULT NULL,
  `slug` varchar(255) DEFAULT NULL,
  `locale` varchar(255) DEFAULT NULL,
  `created_at` timestamp NULL DEFAULT NULL,
  `updated_at` timestamp NULL DEFAULT NULL
) ENGINE=InnoDB DEFAULT CHARSET=utf8;

-- --------------------------------------------------------

--
-- Table structure for table `cms_content`
--

CREATE TABLE `cms_content` (
  `id` int(10) UNSIGNED NOT NULL,
  `site_id` int(10) UNSIGNED NOT NULL,
  `cms_category_id` int(10) UNSIGNED NOT NULL,
  `title` varchar(255) DEFAULT NULL,
  `slug` varchar(255) DEFAULT NULL,
  `content` longtext,
  `url` varchar(255) DEFAULT NULL,
  `status` enum('active','passive') DEFAULT NULL,
  `created_at` timestamp NULL DEFAULT NULL,
  `updated_at` timestamp NULL DEFAULT NULL
) ENGINE=InnoDB DEFAULT CHARSET=utf8;

-- --------------------------------------------------------

--
-- Table structure for table `contact`
--

CREATE TABLE `contact` (
  `id` int(10) UNSIGNED NOT NULL,
  `site_id` int(10) UNSIGNED NOT NULL,
  `main_id` int(11) NOT NULL,
  `from` int(10) UNSIGNED DEFAULT NULL,
  `to` int(10) UNSIGNED DEFAULT NULL,
  `firstname` varchar(255) DEFAULT NULL,
  `lastname` varchar(255) DEFAULT NULL,
  `email` varchar(255) DEFAULT NULL,
  `subject` varchar(255) DEFAULT NULL,
  `message` longtext,
  `is_read` enum('0','1') NOT NULL DEFAULT '0',
  `can_respond` enum('0','1') NOT NULL DEFAULT '0',
  `department` enum('general','technical','financial') NOT NULL DEFAULT 'general',
  `created_at` timestamp NULL DEFAULT NULL,
  `updated_at` timestamp NULL DEFAULT NULL
) ENGINE=InnoDB DEFAULT CHARSET=utf8;

-- --------------------------------------------------------

--
-- Table structure for table `core_user`
--

CREATE TABLE `core_user` (
  `id` int(10) UNSIGNED NOT NULL,
  `username` varchar(255) DEFAULT NULL,
  `email` varchar(255) DEFAULT NULL,
  `password` varchar(60) DEFAULT NULL,
  `firstname` varchar(255) DEFAULT NULL,
  `lastname` varchar(255) DEFAULT NULL,
  `google2fa_secret` varchar(255) DEFAULT NULL,
  `is_google_validated` tinyint(4) NOT NULL,
  `last_login` datetime DEFAULT NULL,
  `remember_token` varchar(100) DEFAULT NULL,
  `created_at` timestamp NULL DEFAULT NULL,
  `updated_at` timestamp NULL DEFAULT NULL
) ENGINE=InnoDB DEFAULT CHARSET=utf8;

--
-- Dumping data for table `core_user`
--

INSERT INTO `core_user` (`id`, `username`, `email`, `password`, `firstname`, `lastname`, `google2fa_secret`, `is_google_validated`, `last_login`, `remember_token`, `created_at`, `updated_at`) VALUES
(1, 'kaanyıldız', 'kaan@icelandplatform.com', '$2y$10$ho4RlPzVmma3wK4r81R5Xe3VRNc9WmFQnLnz3J.ujgwKEF6mnYNaq', 'Kaan', 'Yıldız', NULL, 0, NULL, NULL, '2016-10-06 13:22:49', NULL),
(2, 'ozanyıldırım', 'ozan@icelandplatform.com', '$2y$10$hvn6qxMgJjTfScdB1nIdoudG/zSD01vK3gVvAodVuhot9Iiy4Tpiy', 'Ozan', 'Yıldırım', NULL, 0, NULL, NULL, '2016-10-06 13:22:49', NULL),
(3, 'dorukkahireli', 'doruk@icelandplatform.com', '$2y$10$dtsYF/LHuKDQZb20vebVEukyRU4eAQXY3vtcfqR182BGVtiOQKq9O', 'Doruk', 'Kahireli', NULL, 0, NULL, NULL, '2016-10-06 13:22:49', NULL);

-- --------------------------------------------------------

--
-- Table structure for table `country`
--

CREATE TABLE `country` (
  `id` int(10) UNSIGNED NOT NULL,
  `name` varchar(255) DEFAULT NULL,
  `code` char(2) DEFAULT NULL,
  `code3` char(3) DEFAULT NULL,
  `phone_code` int(11) DEFAULT NULL,
  `postcode_required` tinyint(4) DEFAULT NULL,
  `isEU` tinyint(4) DEFAULT NULL,
  `created_at` timestamp NULL DEFAULT NULL,
  `updated_at` timestamp NULL DEFAULT NULL
) ENGINE=InnoDB DEFAULT CHARSET=utf8;

--
-- Dumping data for table `country`
--

INSERT INTO `country` (`id`, `name`, `code`, `code3`, `phone_code`, `postcode_required`, `isEU`, `created_at`, `updated_at`) VALUES
(1, 'Türkiye', 'TR', 'TUR', 90, 0, 0, NULL, NULL),
(2, 'Canada', 'CA', 'CAN', 1, 0, 0, NULL, NULL),
(3, 'Afghanistan', 'AF', 'AFG', 93, 0, 0, NULL, NULL),
(4, 'Albania', 'AL', 'ALB', 355, 0, 0, NULL, NULL),
(5, 'Algeria', 'DZ', 'DZA', 213, 0, 0, NULL, NULL),
(6, 'American Samoa', 'DS', 'ASM', 44, 0, 0, NULL, NULL),
(7, 'Andorra', 'AD', 'AND', 376, 0, 0, NULL, NULL),
(8, 'Angola', 'AO', 'AGO', 244, 0, 0, NULL, NULL),
(9, 'Anguilla', 'AI', 'AIA', 1264, 0, 0, NULL, NULL),
(10, 'Antarctica', 'AQ', 'ATA', 672, 0, 0, NULL, NULL),
(11, 'Antigua and Barbuda', 'AG', 'ATG', 1268, 0, 0, NULL, NULL),
(12, 'Argentina', 'AR', 'ARG', 54, 0, 0, NULL, NULL),
(13, 'Armenia', 'AM', 'ARM', 374, 0, 0, NULL, NULL),
(14, 'Aruba', 'AW', 'ABW', 297, 0, 0, NULL, NULL),
(15, 'Australia', 'AU', 'AUS', 61, 0, 0, NULL, NULL),
(16, 'Austria', 'AT', 'AUT', 43, 0, 1, NULL, NULL),
(17, 'Azerbaijan', 'AZ', 'AZE', 994, 0, 0, NULL, NULL),
(18, 'Bahamas', 'BS', 'BHS', 1242, 0, 0, NULL, NULL),
(19, 'Bahrain', 'BH', 'BHR', 973, 0, 0, NULL, NULL),
(20, 'Bangladesh', 'BD', 'BGD', 880, 0, 0, NULL, NULL),
(21, 'Barbados', 'BB', 'BRB', 1246, 0, 0, NULL, NULL),
(22, 'Belarus', 'BY', 'BLR', 375, 0, 0, NULL, NULL),
(23, 'Belgium', 'BE', 'BEL', 32, 0, 1, NULL, NULL),
(24, 'Belize', 'BZ', 'BLZ', 501, 0, 0, NULL, NULL),
(25, 'Benin', 'BJ', 'BEN', 229, 0, 0, NULL, NULL),
(26, 'Bermuda', 'BM', 'BMU', 1441, 0, 0, NULL, NULL),
(27, 'Bhutan', 'BT', 'BTN', 975, 0, 0, NULL, NULL),
(28, 'Bolivia', 'BO', 'BOL', 591, 0, 0, NULL, NULL),
(29, 'Bosnia and Herzegovina', 'BA', 'BIH', 387, 0, 0, NULL, NULL),
(30, 'Botswana', 'BW', 'BWA', 267, 0, 0, NULL, NULL),
(31, 'Bouvet Island', 'BV', '', 44, 0, 0, NULL, NULL),
(32, 'Brazil', 'BR', 'BRA', 55, 0, 0, NULL, NULL),
(33, 'British lndian Ocean Territory', 'IO', 'IOT', 0, 0, 0, NULL, NULL),
(34, 'Brunei Darussalam', 'BN', 'BRN', 673, 0, 0, NULL, NULL),
(35, 'Bulgaria', 'BG', 'BGR', 359, 0, 1, NULL, NULL),
(36, 'Burkina Faso', 'BF', 'BFA', 226, 0, 0, NULL, NULL),
(37, 'Burundi', 'BI', 'BDI', 257, 0, 0, NULL, NULL),
(38, 'Cambodia', 'KH', 'KHM', 855, 0, 0, NULL, NULL),
(39, 'Cameroon', 'CM', 'CMR', 237, 0, 0, NULL, NULL),
(40, 'Cape Verde', 'CV', 'CPV', 238, 0, 0, NULL, NULL),
(41, 'Cayman Islands', 'KY', 'CYM', 1345, 0, 0, NULL, NULL),
(42, 'Central African Republic', 'CF', 'CAF', 236, 0, 0, NULL, NULL),
(43, 'Chad', 'TD', 'TCD', 235, 0, 0, NULL, NULL),
(44, 'Chile', 'CL', 'CHL', 56, 0, 0, NULL, NULL),
(45, 'China', 'CN', 'CHN', 86, 0, 0, NULL, NULL),
(46, 'Christmas Island', 'CX', 'CXR', 61, 0, 0, NULL, NULL),
(47, 'Cocos (Keeling) Islands', 'CC', 'CCK', 61, 0, 0, NULL, NULL),
(48, 'Colombia', 'CO', 'COL', 57, 0, 0, NULL, NULL),
(49, 'Comoros', 'KM', 'COM', 269, 0, 0, NULL, NULL),
(50, 'Congo', 'CG', 'COG', 242, 0, 0, NULL, NULL),
(51, 'Cook Islands', 'CK', 'COK', 682, 0, 0, NULL, NULL),
(52, 'Costa Rica', 'CR', 'CRC', 506, 0, 0, NULL, NULL),
(53, 'Croatia', 'HR', 'HRV', 385, 0, 0, NULL, NULL),
(54, 'Cuba', 'CU', 'CUB', 53, 0, 0, NULL, NULL),
(55, 'Cyprus', 'CY', 'CYP', 357, 0, 1, NULL, NULL),
(56, 'Czech Republic', 'CZ', 'CZE', 420, 0, 1, NULL, NULL),
(57, 'Denmark', 'DK', 'DNK', 45, 0, 1, NULL, NULL),
(58, 'Djibouti', 'DJ', 'DJI', 253, 0, 0, NULL, NULL),
(59, 'Dominica', 'DM', 'DMA', 1767, 0, 0, NULL, NULL),
(60, 'Dominican Republic', 'DO', 'DOM', 1809, 0, 0, NULL, NULL),
(61, 'East Timor', 'TP', '', 44, 0, 0, NULL, NULL),
(62, 'Ecuador', 'EC', 'ECU', 593, 0, 0, NULL, NULL),
(63, 'Egypt', 'EG', 'EGY', 20, 0, 0, NULL, NULL),
(64, 'El Salvador', 'SV', 'SLV', 503, 0, 0, NULL, NULL),
(65, 'Equatorial Guinea', 'GQ', 'GNQ', 240, 0, 0, NULL, NULL),
(66, 'Eritrea', 'ER', 'ERI', 291, 0, 0, NULL, NULL),
(67, 'Estonia', 'EE', 'EST', 372, 0, 1, NULL, NULL),
(68, 'Ethiopia', 'ET', 'ETH', 251, 0, 0, NULL, NULL),
(69, 'Falkland Islands (Malvinas)', 'FK', 'FLK', 500, 0, 0, NULL, NULL),
(70, 'Faroe Islands', 'FO', 'FRO', 298, 0, 0, NULL, NULL),
(71, 'Fiji', 'FJ', 'FJI', 679, 0, 0, NULL, NULL),
(72, 'Finland', 'FI', 'FIN', 358, 0, 1, NULL, NULL),
(73, 'France', 'FR', 'FRA', 33, 0, 1, NULL, NULL),
(74, 'France, Metropolitan', 'FX', '', 44, 0, 0, NULL, NULL),
(75, 'French Guiana', 'GF', '', 44, 0, 0, NULL, NULL),
(76, 'French Polynesia', 'PF', 'PYF', 689, 0, 0, NULL, NULL),
(77, 'French Southern Territories', 'TF', '', 44, 0, 0, NULL, NULL),
(78, 'Gabon', 'GA', 'GAB', 241, 0, 0, NULL, NULL),
(79, 'Gambia', 'GM', 'GMB', 220, 0, 0, NULL, NULL),
(80, 'Georgia', 'GE', 'GEO', 995, 0, 0, NULL, NULL),
(81, 'Germany', 'DE', 'DEU', 49, 0, 1, NULL, NULL),
(82, 'Ghana', 'GH', 'GHA', 233, 0, 0, NULL, NULL),
(83, 'Gibraltar', 'GI', 'GIB', 350, 0, 0, NULL, NULL),
(84, 'Greece', 'GR', 'GRC', 30, 0, 1, NULL, NULL),
(85, 'Greenland', 'GL', 'GRL', 299, 0, 0, NULL, NULL),
(86, 'Grenada', 'GD', 'GRD', 1473, 0, 0, NULL, NULL),
(87, 'Guadeloupe', 'GP', '', 44, 0, 0, NULL, NULL),
(88, 'Guam', 'GU', 'GUM', 1671, 0, 0, NULL, NULL),
(89, 'Guatemala', 'GT', 'GTM', 502, 0, 0, NULL, NULL),
(90, 'Guinea', 'GN', 'GIN', 224, 0, 0, NULL, NULL),
(91, 'Guinea-Bissau', 'GW', 'GNB', 245, 0, 0, NULL, NULL),
(92, 'Guyana', 'GY', 'GUY', 592, 0, 0, NULL, NULL),
(93, 'Haiti', 'HT', 'HTI', 509, 0, 0, NULL, NULL),
(94, 'Heard and Mc Donald Islands', 'HM', '', 44, 0, 0, NULL, NULL),
(95, 'Honduras', 'HN', 'HND', 504, 0, 0, NULL, NULL),
(96, 'Hong Kong', 'HK', 'HKG', 852, 0, 0, NULL, NULL),
(97, 'Hungary', 'HU', 'HUN', 36, 0, 1, NULL, NULL),
(98, 'Iceland', 'IS', 'IS', 354, 0, 0, NULL, NULL),
(99, 'India', 'IN', 'IND', 91, 0, 0, NULL, NULL),
(100, 'Indonesia', 'ID', 'IDN', 62, 0, 0, NULL, NULL),
(101, 'Iran (Islamic Republic of)', 'IR', 'IRN', 98, 0, 0, NULL, NULL),
(102, 'Iraq', 'IQ', 'IRQ', 964, 0, 0, NULL, NULL),
(103, 'Ireland', 'IE', 'IRL', 353, 0, 1, NULL, NULL),
(104, 'Israel', 'IL', 'ISR', 972, 0, 0, NULL, NULL),
(105, 'Italy', 'IT', 'ITA', 39, 0, 1, NULL, NULL),
(106, 'Ivory Coast', 'CI', 'CIV', 225, 0, 0, NULL, NULL),
(107, 'Jamaica', 'JM', 'JAM', 1876, 0, 0, NULL, NULL),
(108, 'Japan', 'JP', 'JPN', 81, 0, 0, NULL, NULL),
(109, 'Jordan', 'JO', 'JOR', 962, 0, 0, NULL, NULL),
(110, 'Kazakhstan', 'KZ', 'KAZ', 7, 0, 0, NULL, NULL),
(111, 'Kenya', 'KE', 'KEN', 254, 0, 0, NULL, NULL),
(112, 'Kiribati', 'KI', 'KIR', 686, 0, 0, NULL, NULL),
(113, 'Korea, Democratic People\'s Republic of', 'KP', 'PRK', 850, 0, 0, NULL, NULL),
(114, 'South Korea', 'KR', 'KOR', 82, 0, 0, NULL, NULL),
(115, 'Kuwait', 'KW', 'KWT', 965, 0, 0, NULL, NULL),
(116, 'Kyrgyzstan', 'KG', 'KGZ', 996, 0, 0, NULL, NULL),
(117, 'Lao People\'s Democratic Republic', 'LA', 'LAO', 856, 0, 0, NULL, NULL),
(118, 'Latvia', 'LV', 'LVA', 371, 0, 1, NULL, NULL),
(119, 'Lebanon', 'LB', 'LBN', 961, 0, 0, NULL, NULL),
(120, 'Lesotho', 'LS', 'LSO', 266, 0, 0, NULL, NULL),
(121, 'Liberia', 'LR', 'LBR', 231, 0, 0, NULL, NULL),
(122, 'Libyan Arab Jamahiriya', 'LY', 'LBY', 218, 0, 0, NULL, NULL),
(123, 'Liechtenstein', 'LI', 'LIE', 423, 0, 0, NULL, NULL),
(124, 'Lithuania', 'LT', 'LTU', 370, 0, 1, NULL, NULL),
(125, 'Luxembourg', 'LU', 'LUX', 352, 0, 1, NULL, NULL),
(126, 'Macau', 'MO', 'MAC', 853, 0, 0, NULL, NULL),
(127, 'Macedonia', 'MK', 'MKD', 389, 0, 0, NULL, NULL),
(128, 'Madagascar', 'MG', 'MDG', 261, 0, 0, NULL, NULL),
(129, 'Malawi', 'MW', 'MWI', 265, 0, 0, NULL, NULL),
(130, 'Malaysia', 'MY', 'MYS', 60, 0, 0, NULL, NULL),
(131, 'Maldives', 'MV', 'MDV', 960, 0, 0, NULL, NULL),
(132, 'Mali', 'ML', 'MLI', 223, 0, 0, NULL, NULL),
(133, 'Malta', 'MT', 'MLT', 356, 0, 1, NULL, NULL),
(134, 'Marshall Islands', 'MH', 'MHL', 692, 0, 0, NULL, NULL),
(135, 'Martinique', 'MQ', '', 44, 0, 0, NULL, NULL),
(136, 'Mauritania', 'MR', 'MRT', 222, 0, 0, NULL, NULL),
(137, 'Mauritius', 'MU', 'MUS', 230, 0, 0, NULL, NULL),
(138, 'Mayotte', 'TY', 'MYT', 262, 0, 0, NULL, NULL),
(139, 'Mexico', 'MX', 'MEX', 52, 0, 0, NULL, NULL),
(140, 'Micronesia, Federated States of', 'FM', 'FSM', 691, 0, 0, NULL, NULL),
(141, 'Moldova, Republic of', 'MD', 'MDA', 373, 0, 0, NULL, NULL),
(142, 'Monaco', 'MC', 'MCO', 377, 0, 0, NULL, NULL),
(143, 'Mongolia', 'MN', 'MNG', 976, 0, 0, NULL, NULL),
(144, 'Montserrat', 'MS', 'MSR', 1664, 0, 0, NULL, NULL),
(145, 'Morocco', 'MA', 'MAR', 212, 0, 0, NULL, NULL),
(146, 'Mozambique', 'MZ', 'MOZ', 258, 0, 0, NULL, NULL),
(147, 'Myanmar', 'MM', 'MMR', 95, 0, 0, NULL, NULL),
(148, 'Namibia', 'NA', 'NAM', 264, 0, 0, NULL, NULL),
(149, 'Nauru', 'NR', 'NRU', 674, 0, 0, NULL, NULL),
(150, 'Nepal', 'NP', 'NPL', 977, 0, 0, NULL, NULL),
(151, 'Netherlands', 'NL', 'NLD', 31, 0, 1, NULL, NULL),
(152, 'Netherlands Antilles', 'AN', 'ANT', 599, 0, 0, NULL, NULL),
(153, 'New Caledonia', 'NC', 'NCL', 687, 0, 0, NULL, NULL),
(154, 'New Zealand', 'NZ', 'NZL', 64, 0, 0, NULL, NULL),
(155, 'Nicaragua', 'NI', 'NIC', 505, 0, 0, NULL, NULL),
(156, 'Niger', 'NE', 'NER', 227, 0, 0, NULL, NULL),
(157, 'Nigeria', 'NG', 'NGA', 234, 0, 0, NULL, NULL),
(158, 'Niue', 'NU', 'NIU', 683, 0, 0, NULL, NULL),
(159, 'Norfork Island', 'NF', '', 44, 0, 0, NULL, NULL),
(160, 'Northern Mariana Islands', 'MP', 'MNP', 1670, 0, 0, NULL, NULL),
(161, 'Norway', 'NO', 'NOR', 47, 0, 0, NULL, NULL),
(162, 'Oman', 'OM', 'OMN', 968, 0, 0, NULL, NULL),
(163, 'Pakistan', 'PK', 'PAK', 92, 0, 0, NULL, NULL),
(164, 'Palau', 'PW', 'PLW', 680, 0, 0, NULL, NULL),
(165, 'Panama', 'PA', 'PAN', 507, 0, 0, NULL, NULL),
(166, 'Papua New Guinea', 'PG', 'PNG', 675, 0, 0, NULL, NULL),
(167, 'Paraguay', 'PY', 'PRY', 595, 0, 0, NULL, NULL),
(168, 'Peru', 'PE', 'PER', 51, 0, 0, NULL, NULL),
(169, 'Philippines', 'PH', 'PHL', 63, 0, 0, NULL, NULL),
(170, 'Pitcairn', 'PN', 'PCN', 870, 0, 0, NULL, NULL),
(171, 'Poland', 'PL', 'POL', 48, 0, 1, NULL, NULL),
(172, 'Portugal', 'PT', 'PRT', 351, 0, 1, NULL, NULL),
(173, 'Puerto Rico', 'PR', 'PRI', 1, 0, 0, NULL, NULL),
(174, 'Qatar', 'QA', 'QAT', 974, 0, 0, NULL, NULL),
(175, 'Reunion', 'RE', '', 44, 0, 0, NULL, NULL),
(176, 'Romania', 'RO', 'ROU', 40, 0, 1, NULL, NULL),
(177, 'Russian Federation', 'RU', 'RUS', 7, 0, 0, NULL, NULL),
(178, 'Rwanda', 'RW', 'RWA', 250, 0, 0, NULL, NULL),
(179, 'Saint Kitts and Nevis', 'KN', 'KNA', 1869, 0, 0, NULL, NULL),
(180, 'Saint Lucia', 'LC', 'LCA', 1758, 0, 0, NULL, NULL),
(181, 'Saint Vincent and the Grenadines', 'VC', 'VCT', 1784, 0, 0, NULL, NULL),
(182, 'Samoa', 'WS', 'WSM', 685, 0, 0, NULL, NULL),
(183, 'San Marino', 'SM', 'SMR', 378, 0, 0, NULL, NULL),
(184, 'Sao Tome and Principe', 'ST', 'STP', 239, 0, 0, NULL, NULL),
(185, 'Saudi Arabia', 'SA', 'SAU', 966, 0, 0, NULL, NULL),
(186, 'Senegal', 'SN', 'SEN', 221, 0, 0, NULL, NULL),
(187, 'Seychelles', 'SC', 'SYC', 248, 0, 0, NULL, NULL),
(188, 'Sierra Leone', 'SL', 'SLE', 232, 0, 0, NULL, NULL),
(189, 'Singapore', 'SG', 'SGP', 65, 0, 0, NULL, NULL),
(190, 'Slovakia', 'SK', 'SVK', 421, 0, 1, NULL, NULL),
(191, 'Slovenia', 'SI', 'SVN', 386, 0, 1, NULL, NULL),
(192, 'Solomon Islands', 'SB', 'SLB', 677, 0, 0, NULL, NULL),
(193, 'Somalia', 'SO', 'SOM', 252, 0, 0, NULL, NULL),
(194, 'South Africa', 'ZA', 'ZAF', 27, 0, 0, NULL, NULL),
(195, 'South Georgia South Sandwich Islands', 'GS', '', 44, 0, 0, NULL, NULL),
(196, 'Spain', 'ES', 'ESP', 34, 0, 1, NULL, NULL),
(197, 'Sri Lanka', 'LK', 'LKA', 94, 0, 0, NULL, NULL),
(198, 'St. Helena', 'SH', 'SHN', 290, 0, 0, NULL, NULL),
(199, 'St. Pierre and Miquelon', 'PM', 'SPM', 508, 0, 0, NULL, NULL),
(200, 'Sudan', 'SD', 'SDN', 249, 0, 0, NULL, NULL),
(201, 'Suriname', 'SR', 'SUR', 597, 0, 0, NULL, NULL),
(202, 'Svalbarn and Jan Mayen Islands', 'SJ', 'SJM', 0, 0, 0, NULL, NULL),
(203, 'Swaziland', 'SZ', 'SWZ', 268, 0, 0, NULL, NULL),
(204, 'Sweden', 'SE', 'SWE', 46, 0, 1, NULL, NULL),
(205, 'Switzerland', 'CH', 'CHE', 41, 0, 0, NULL, NULL),
(206, 'Syrian Arab Republic', 'SY', 'SYR', 963, 0, 0, NULL, NULL),
(207, 'Taiwan', 'TW', 'TWN', 886, 0, 0, NULL, NULL),
(208, 'Tajikistan', 'TJ', 'TJK', 992, 0, 0, NULL, NULL),
(209, 'Tanzania, United Republic of', 'TZ', 'TZA', 255, 0, 0, NULL, NULL),
(210, 'Thailand', 'TH', 'THA', 66, 0, 0, NULL, NULL),
(211, 'Togo', 'TG', 'TGO', 228, 0, 0, NULL, NULL),
(212, 'Tokelau', 'TK', 'TKL', 690, 0, 0, NULL, NULL),
(213, 'Tonga', 'TO', 'TON', 676, 0, 0, NULL, NULL),
(214, 'Trinidad and Tobago', 'TT', 'TTO', 1868, 0, 0, NULL, NULL),
(215, 'Tunisia', 'TN', 'TUN', 216, 0, 0, NULL, NULL),
(217, 'Turkmenistan', 'TM', 'TKM', 993, 0, 0, NULL, NULL),
(218, 'Turks and Caicos Islands', 'TC', 'TCA', 1649, 0, 0, NULL, NULL),
(219, 'Tuvalu', 'TV', 'TUV', 688, 0, 0, NULL, NULL),
(220, 'Uganda', 'UG', 'UGA', 256, 0, 0, NULL, NULL),
(221, 'Ukraine', 'UA', 'UKR', 380, 0, 0, NULL, NULL),
(222, 'United Arab Emirates', 'AE', 'ARE', 971, 0, 0, NULL, NULL),
(223, 'England', 'GB', 'GBR', 44, 1, 1, NULL, NULL),
(224, 'United States minor outlying islands', 'UM', '', 44, 0, 0, NULL, NULL),
(225, 'Uruguay', 'UY', 'URY', 598, 0, 0, NULL, NULL),
(226, 'Uzbekistan', 'UZ', 'UZB', 998, 0, 0, NULL, NULL),
(227, 'Vanuatu', 'VU', 'VUT', 678, 0, 0, NULL, NULL),
(228, 'Vatican City State', 'VA', 'VAT', 39, 0, 0, NULL, NULL),
(229, 'Venezuela', 'VE', 'VEN', 58, 0, 0, NULL, NULL),
(230, 'Vietnam', 'VN', 'VNM', 84, 0, 0, NULL, NULL),
(231, 'Virgin Islands (British)', 'VG', 'VGB', 1284, 0, 0, NULL, NULL),
(232, 'Virgin Islands (U.S.)', 'VI', 'VIR', 1340, 0, 0, NULL, NULL),
(233, 'Wallis and Futuna Islands', 'WF', 'WLF', 681, 0, 0, NULL, NULL),
(234, 'Western Sahara', 'EH', 'ESH', 0, 0, 0, NULL, NULL),
(235, 'Yemen', 'YE', 'YEM', 967, 0, 0, NULL, NULL),
(236, 'Yugoslavia', 'YU', '', 44, 0, 0, NULL, NULL),
(237, 'Zaire', 'ZR', '', 44, 0, 0, NULL, NULL),
(238, 'Zambia', 'ZM', 'ZMB', 260, 0, 0, NULL, NULL),
(239, 'Zimbabwe', 'ZW', 'ZWE', 263, 0, 0, NULL, NULL),
(240, 'Kosovo', 'XK', '', 381, 0, 0, NULL, NULL),
(243, 'Montenegro', 'ME', 'MNE', 382, 0, 0, NULL, NULL),
(300, 'United States', 'US', 'USA', 1, 0, 0, NULL, NULL),
(386, 'Serbia', 'RS', 'SRB', 381, 0, 0, NULL, NULL),
(387, 'Congo The Democratic Republic Of The', 'CD', 'CD', 387, 0, 0, NULL, NULL),
(388, 'External Territories of Australia', 'XA', 'XA', 388, 0, 0, NULL, NULL),
(389, 'Guernsey and Alderney', 'XU', 'XU', 389, 0, 0, NULL, NULL),
(390, 'Jersey', 'XJ', 'XJ', 390, 0, 0, NULL, NULL),
(391, 'Man (Isle of)', 'XM', 'XM', 391, 0, 0, NULL, NULL),
(392, 'Palestinian Territory Occupied', 'PS', 'PS', 392, 0, 0, NULL, NULL),
(393, 'Smaller Territories of the UK', 'XG', 'XG', 393, 0, 0, NULL, NULL),
(394, 'South Sudan', 'SS', 'SS', 394, 0, 0, NULL, NULL);

-- --------------------------------------------------------

--
-- Table structure for table `coupon`
--

CREATE TABLE `coupon` (
  `id` int(10) UNSIGNED NOT NULL,
  `site_id` int(10) UNSIGNED NOT NULL,
  `user_id` int(10) UNSIGNED NOT NULL,
  `sbTech_reserve_id` int(10) UNSIGNED DEFAULT NULL,
  `BetID` int(11) DEFAULT NULL,
  `PurchaseBetID` int(11) DEFAULT NULL,
  `transaction_id` int(10) UNSIGNED DEFAULT NULL,
  `BetTypeID` int(11) DEFAULT NULL,
  `ComboBetNumersLines` int(11) DEFAULT NULL,
  `OldStatus` varchar(255) DEFAULT NULL,
  `NewStatus` varchar(255) DEFAULT NULL,
  `Stake` decimal(65,2) DEFAULT NULL,
  `Gain` decimal(65,2) DEFAULT NULL,
  `win_amount` decimal(65,2) NOT NULL,
  `bonus` decimal(65,2) NOT NULL,
  `total_odds` decimal(65,2) DEFAULT NULL,
  `total_old_odds` decimal(65,2) DEFAULT NULL,
  `system_size` int(11) DEFAULT NULL,
  `system_type` varchar(255) DEFAULT NULL,
  `bonus_save` enum('yes','no') NOT NULL DEFAULT 'no',
  `type` enum('iceland','sbTech') NOT NULL,
  `IsFreeBet` enum('1','0') NOT NULL,
  `device` enum('Desktop','Mobile','Tablet') NOT NULL DEFAULT 'Desktop',
  `created_at` timestamp NULL DEFAULT NULL,
  `updated_at` timestamp NULL DEFAULT NULL
) ENGINE=InnoDB DEFAULT CHARSET=utf8;

-- --------------------------------------------------------

--
-- Table structure for table `coupon_detail`
--

CREATE TABLE `coupon_detail` (
  `id` int(10) UNSIGNED NOT NULL,
  `site_id` int(10) UNSIGNED NOT NULL,
  `user_id` int(10) UNSIGNED NOT NULL,
  `coupon_id` int(10) UNSIGNED NOT NULL,
  `eventID` int(11) NOT NULL,
  `LineID` int(11) NOT NULL,
  `leagueID` int(11) NOT NULL,
  `XmlBetTypeID` int(11) NOT NULL,
  `HomeTeam` int(11) DEFAULT NULL,
  `AwayTeam` int(11) DEFAULT NULL,
  `name` varchar(255) DEFAULT NULL,
  `team` varchar(255) DEFAULT NULL,
  `Odds` decimal(65,2) NOT NULL,
  `old_odds` decimal(65,2) DEFAULT NULL,
  `Score` varchar(255) DEFAULT NULL,
  `OldStatus` varchar(255) DEFAULT NULL,
  `NewStatus` varchar(255) DEFAULT NULL,
  `YourBet` varchar(255) DEFAULT NULL,
  `event_type` enum('event','tournament') NOT NULL,
  `EventDate` datetime DEFAULT NULL,
  `isLive` enum('yes','no') NOT NULL DEFAULT 'no',
  `created_at` timestamp NULL DEFAULT NULL,
  `updated_at` timestamp NULL DEFAULT NULL
) ENGINE=InnoDB DEFAULT CHARSET=utf8;

-- --------------------------------------------------------

--
-- Table structure for table `coupon_detail_sbTech`
--

CREATE TABLE `coupon_detail_sbTech` (
  `id` int(10) UNSIGNED NOT NULL,
  `site_id` int(10) UNSIGNED NOT NULL,
  `user_id` int(10) UNSIGNED NOT NULL,
  `coupon_id` int(10) UNSIGNED NOT NULL,
  `LineID` int(11) NOT NULL,
  `LineTypeName` varchar(255) NOT NULL,
  `BranchName` varchar(255) NOT NULL,
  `LeagueName` varchar(255) DEFAULT NULL,
  `CreationDate` datetime DEFAULT NULL,
  `HomeTeam` varchar(255) DEFAULT NULL,
  `AwayTeam` varchar(255) DEFAULT NULL,
  `Stake` decimal(65,2) NOT NULL,
  `Odds` decimal(65,2) DEFAULT NULL,
  `old_odds` decimal(65,2) DEFAULT NULL,
  `Points` decimal(65,2) DEFAULT NULL,
  `Score` varchar(255) DEFAULT NULL,
  `OldStatus` varchar(255) DEFAULT NULL,
  `NewStatus` varchar(255) DEFAULT NULL,
  `YourBet` varchar(255) DEFAULT NULL,
  `LiveScore1` varchar(255) DEFAULT NULL,
  `LiveScore2` varchar(255) DEFAULT NULL,
  `EventDate` datetime DEFAULT NULL,
  `EachWaySetting` varchar(255) DEFAULT NULL,
  `Gain` decimal(65,2) DEFAULT NULL,
  `IsForEvent` tinyint(4) NOT NULL,
  `QAEventName` varchar(255) DEFAULT NULL,
  `IsLive` enum('1','0') NOT NULL,
  `EventID` int(11) NOT NULL,
  `EventTypeID` int(11) NOT NULL,
  `EventTypeName` varchar(255) NOT NULL,
  `created_at` timestamp NULL DEFAULT NULL,
  `updated_at` timestamp NULL DEFAULT NULL
) ENGINE=InnoDB DEFAULT CHARSET=utf8;

-- --------------------------------------------------------

--
-- Table structure for table `currency`
--

CREATE TABLE `currency` (
  `id` int(10) UNSIGNED NOT NULL,
  `type` varchar(255) DEFAULT NULL,
  `amount` decimal(65,2) DEFAULT NULL,
  `created_at` timestamp NULL DEFAULT NULL,
  `updated_at` timestamp NULL DEFAULT NULL
) ENGINE=InnoDB DEFAULT CHARSET=utf8;

--
-- Dumping data for table `currency`
--

INSERT INTO `currency` (`id`, `type`, `amount`, `created_at`, `updated_at`) VALUES
(1, 'TRY', '1.00', NULL, NULL),
(2, 'EUR', '3.27', NULL, NULL),
(3, 'GBP', '4.41', NULL, NULL),
(4, 'USD', '3.02', NULL, NULL),
(5, 'PLN', '0.75', NULL, NULL),
(6, 'RUB', '0.04', NULL, NULL),
(7, 'BTC', '1126.69', NULL, NULL);

-- --------------------------------------------------------

--
-- Table structure for table `eco_listener`
--

CREATE TABLE `eco_listener` (
  `id` int(10) UNSIGNED NOT NULL,
  `site_id` int(10) UNSIGNED NOT NULL,
  `user_id` int(10) UNSIGNED NOT NULL,
  `detail` longtext,
  `note` varchar(255) DEFAULT NULL,
  `created_at` timestamp NULL DEFAULT NULL,
  `updated_at` timestamp NULL DEFAULT NULL
) ENGINE=InnoDB DEFAULT CHARSET=utf8;

-- --------------------------------------------------------

--
-- Table structure for table `eventbet_profit`
--

CREATE TABLE `eventbet_profit` (
  `id` int(10) UNSIGNED NOT NULL,
  `site_id` int(10) UNSIGNED NOT NULL,
  `eventID` int(11) NOT NULL,
  `sideID` int(11) NOT NULL,
  `profit` decimal(65,2) NOT NULL DEFAULT '0.00',
  `created_at` timestamp NULL DEFAULT NULL,
  `updated_at` timestamp NULL DEFAULT NULL
) ENGINE=InnoDB DEFAULT CHARSET=utf8;

-- --------------------------------------------------------

--
-- Table structure for table `failed_jobs`
--

CREATE TABLE `failed_jobs` (
  `id` int(10) UNSIGNED NOT NULL,
  `connection` text COLLATE utf8_unicode_ci NOT NULL,
  `queue` text COLLATE utf8_unicode_ci NOT NULL,
  `payload` longtext COLLATE utf8_unicode_ci NOT NULL,
  `failed_at` timestamp NOT NULL DEFAULT CURRENT_TIMESTAMP
) ENGINE=InnoDB DEFAULT CHARSET=utf8 COLLATE=utf8_unicode_ci;

-- --------------------------------------------------------

--
-- Table structure for table `favorite_league`
--

CREATE TABLE `favorite_league` (
  `id` int(10) UNSIGNED NOT NULL,
  `site_id` int(10) UNSIGNED NOT NULL,
  `sportID` int(11) DEFAULT NULL,
  `locationID` int(11) DEFAULT NULL,
  `leagueID` int(11) DEFAULT NULL,
  `created_at` timestamp NULL DEFAULT NULL,
  `updated_at` timestamp NULL DEFAULT NULL
) ENGINE=InnoDB DEFAULT CHARSET=utf8;

-- --------------------------------------------------------

--
-- Table structure for table `favourite_game_user`
--

CREATE TABLE `favourite_game_user` (
  `id` int(10) UNSIGNED NOT NULL,
  `site_id` int(10) UNSIGNED NOT NULL,
  `user_id` int(10) UNSIGNED NOT NULL,
  `casino_game_id` int(11) NOT NULL,
  `created_at` timestamp NULL DEFAULT NULL,
  `updated_at` timestamp NULL DEFAULT NULL
) ENGINE=InnoDB DEFAULT CHARSET=utf8;

--
-- Dumping data for table `favourite_game_user`
--

INSERT INTO `favourite_game_user` (`id`, `site_id`, `user_id`, `casino_game_id`, `created_at`, `updated_at`) VALUES
(2, 9999, 11036, 2, '2016-10-08 13:11:48', '2016-10-08 13:11:48'),
(4, 9999, 11036, 1, '2016-10-08 13:12:13', '2016-10-08 13:12:13');

-- --------------------------------------------------------

--
-- Table structure for table `gaming1x2_request`
--

CREATE TABLE `gaming1x2_request` (
  `id` int(10) UNSIGNED NOT NULL,
  `user_id` int(11) DEFAULT NULL,
  `game_id` int(11) DEFAULT NULL,
  `amount` varchar(255) DEFAULT NULL,
  `remotetranid` int(11) DEFAULT NULL,
  `action` enum('balance','betwin') DEFAULT NULL,
  `md5` varchar(255) DEFAULT NULL,
  `request_url` text,
  `created_at` timestamp NULL DEFAULT NULL,
  `updated_at` timestamp NULL DEFAULT NULL
) ENGINE=InnoDB DEFAULT CHARSET=utf8;

--
-- Dumping data for table `gaming1x2_request`
--

INSERT INTO `gaming1x2_request` (`id`, `user_id`, `game_id`, `amount`, `remotetranid`, `action`, `md5`, `request_url`, `created_at`, `updated_at`) VALUES
(1, 11036, 1013, '', 0, 'balance', '27753399344448e06cf71b10f14859751223d169', 'userid=11036&gameid=1013&md5=27753399344448e06cf71b10f14859751223d169&', '2016-10-21 10:17:06', '2016-10-21 12:37:06'),
(2, 11036, 1013, '-1.0', 1516, 'betwin', '27753399344448e06cf71b10f14859751223d169', 'gameid=1013&userid=11036&md5=27753399344448e06cf71b10f14859751223d169&amount=-1.0&remotetranid=1516&', '2016-10-21 10:17:28', '2016-10-21 12:37:06'),
(3, 11036, 2018, '', 0, 'balance', '27753399344448e06cf71b10f14859751223d169', 'userid=11036&gameid=2018&md5=27753399344448e06cf71b10f14859751223d169&', '2016-10-21 10:18:06', '2016-10-21 12:37:06'),
(4, 11036, 2018, '-2.50', 1517, 'betwin', '27753399344448e06cf71b10f14859751223d169', 'gameid=2018&userid=11036&md5=27753399344448e06cf71b10f14859751223d169&amount=-2.50&remotetranid=1517&', '2016-10-21 10:18:32', '2016-10-21 12:37:06'),
(5, 11036, 2018, '0.00', 2517, 'betwin', '27753399344448e06cf71b10f14859751223d169', 'gameid=2018&userid=11036&md5=27753399344448e06cf71b10f14859751223d169&amount=0.00&remotetranid=2517&', '2016-10-21 10:18:33', '2016-10-21 12:37:06'),
(6, 11036, 2018, '-2.50', 1518, 'betwin', '27753399344448e06cf71b10f14859751223d169', 'gameid=2018&userid=11036&md5=27753399344448e06cf71b10f14859751223d169&amount=-2.50&remotetranid=1518&', '2016-10-21 10:18:37', '2016-10-21 12:37:06'),
(7, 11036, 2018, '0.00', 2518, 'betwin', '27753399344448e06cf71b10f14859751223d169', 'gameid=2018&userid=11036&md5=27753399344448e06cf71b10f14859751223d169&amount=0.00&remotetranid=2518&', '2016-10-21 10:18:37', '2016-10-21 12:37:07'),
(8, 11036, 2018, '-2.50', 1519, 'betwin', '27753399344448e06cf71b10f14859751223d169', 'gameid=2018&userid=11036&md5=27753399344448e06cf71b10f14859751223d169&amount=-2.50&remotetranid=1519&', '2016-10-21 10:18:41', '2016-10-21 12:37:07'),
(9, 11036, 2018, '0.00', 2519, 'betwin', '27753399344448e06cf71b10f14859751223d169', 'gameid=2018&userid=11036&md5=27753399344448e06cf71b10f14859751223d169&amount=0.00&remotetranid=2519&', '2016-10-21 10:18:41', '2016-10-21 12:37:07'),
(10, 11036, 2018, '-2.50', 1520, 'betwin', '27753399344448e06cf71b10f14859751223d169', 'gameid=2018&userid=11036&md5=27753399344448e06cf71b10f14859751223d169&amount=-2.50&remotetranid=1520&', '2016-10-21 10:18:45', '2016-10-21 12:37:07'),
(11, 11036, 2018, '2.00', 2520, 'betwin', '27753399344448e06cf71b10f14859751223d169', 'gameid=2018&userid=11036&md5=27753399344448e06cf71b10f14859751223d169&amount=2.00&remotetranid=2520&', '2016-10-21 10:18:45', '2016-10-21 12:37:07'),
(12, 11036, 2018, '-2.50', 1521, 'betwin', '27753399344448e06cf71b10f14859751223d169', 'gameid=2018&userid=11036&md5=27753399344448e06cf71b10f14859751223d169&amount=-2.50&remotetranid=1521&', '2016-10-21 10:18:54', '2016-10-21 12:37:07'),
(13, 11036, 2018, '1.00', 2521, 'betwin', '27753399344448e06cf71b10f14859751223d169', 'gameid=2018&userid=11036&md5=27753399344448e06cf71b10f14859751223d169&amount=1.00&remotetranid=2521&', '2016-10-21 10:18:54', '2016-10-21 12:37:07'),
(14, 11036, 2018, '-2.50', 1522, 'betwin', '27753399344448e06cf71b10f14859751223d169', 'gameid=2018&userid=11036&md5=27753399344448e06cf71b10f14859751223d169&amount=-2.50&remotetranid=1522&', '2016-10-21 10:19:00', '2016-10-21 12:37:07'),
(15, 11036, 2018, '0.00', 2522, 'betwin', '27753399344448e06cf71b10f14859751223d169', 'gameid=2018&userid=11036&md5=27753399344448e06cf71b10f14859751223d169&amount=0.00&remotetranid=2522&', '2016-10-21 10:19:01', '2016-10-21 12:37:07'),
(16, 11036, 2018, '-2.50', 1523, 'betwin', '27753399344448e06cf71b10f14859751223d169', 'gameid=2018&userid=11036&md5=27753399344448e06cf71b10f14859751223d169&amount=-2.50&remotetranid=1523&', '2016-10-21 10:19:05', '2016-10-21 12:37:07'),
(17, 11036, 2018, '0.00', 2523, 'betwin', '27753399344448e06cf71b10f14859751223d169', 'gameid=2018&userid=11036&md5=27753399344448e06cf71b10f14859751223d169&amount=0.00&remotetranid=2523&', '2016-10-21 10:19:05', '2016-10-21 12:37:07'),
(18, 11036, 2018, '-2.50', 1524, 'betwin', '27753399344448e06cf71b10f14859751223d169', 'gameid=2018&userid=11036&md5=27753399344448e06cf71b10f14859751223d169&amount=-2.50&remotetranid=1524&', '2016-10-21 10:19:09', '2016-10-21 12:37:07'),
(19, 11036, 2018, '0.00', 2524, 'betwin', '27753399344448e06cf71b10f14859751223d169', 'gameid=2018&userid=11036&md5=27753399344448e06cf71b10f14859751223d169&amount=0.00&remotetranid=2524&', '2016-10-21 10:19:09', '2016-10-21 12:37:07'),
(20, 11036, 2018, '-2.50', 1525, 'betwin', '27753399344448e06cf71b10f14859751223d169', 'gameid=2018&userid=11036&md5=27753399344448e06cf71b10f14859751223d169&amount=-2.50&remotetranid=1525&', '2016-10-21 10:19:15', '2016-10-21 12:37:07'),
(21, 11036, 2018, '0.00', 2525, 'betwin', '27753399344448e06cf71b10f14859751223d169', 'gameid=2018&userid=11036&md5=27753399344448e06cf71b10f14859751223d169&amount=0.00&remotetranid=2525&', '2016-10-21 10:19:15', '2016-10-21 12:37:07'),
(22, 11036, 1037, '', 0, 'balance', '27753399344448e06cf71b10f14859751223d169', 'userid=11036&gameid=1037&md5=27753399344448e06cf71b10f14859751223d169&', '2016-10-21 10:19:28', '2016-10-21 12:37:07'),
(23, 11036, 1037, '-0.50', 1526, 'betwin', '27753399344448e06cf71b10f14859751223d169', 'gameid=1037&userid=11036&md5=27753399344448e06cf71b10f14859751223d169&amount=-0.50&remotetranid=1526&', '2016-10-21 10:19:38', '2016-10-21 12:37:07'),
(24, 11036, 1037, '0.42', 2526, 'betwin', '27753399344448e06cf71b10f14859751223d169', 'gameid=1037&userid=11036&md5=27753399344448e06cf71b10f14859751223d169&amount=0.42&remotetranid=2526&', '2016-10-21 10:19:39', '2016-10-21 12:37:07'),
(25, 11036, 1037, '-0.50', 1527, 'betwin', '27753399344448e06cf71b10f14859751223d169', 'gameid=1037&userid=11036&md5=27753399344448e06cf71b10f14859751223d169&amount=-0.50&remotetranid=1527&', '2016-10-21 10:19:45', '2016-10-21 12:37:07'),
(26, 11036, 1037, '0.30', 2527, 'betwin', '27753399344448e06cf71b10f14859751223d169', 'gameid=1037&userid=11036&md5=27753399344448e06cf71b10f14859751223d169&amount=0.30&remotetranid=2527&', '2016-10-21 10:19:46', '2016-10-21 12:37:07'),
(27, 11036, 1037, '-0.50', 1528, 'betwin', '27753399344448e06cf71b10f14859751223d169', 'gameid=1037&userid=11036&md5=27753399344448e06cf71b10f14859751223d169&amount=-0.50&remotetranid=1528&', '2016-10-21 10:19:54', '2016-10-21 12:37:07'),
(28, 11036, 1037, '6.00', 2528, 'betwin', '27753399344448e06cf71b10f14859751223d169', 'gameid=1037&userid=11036&md5=27753399344448e06cf71b10f14859751223d169&amount=6.00&remotetranid=2528&', '2016-10-21 10:19:55', '2016-10-21 12:37:07'),
(29, 11036, 1037, '-0.50', 1529, 'betwin', '27753399344448e06cf71b10f14859751223d169', 'gameid=1037&userid=11036&md5=27753399344448e06cf71b10f14859751223d169&amount=-0.50&remotetranid=1529&', '2016-10-21 10:20:12', '2016-10-21 12:37:07'),
(30, 11036, 1037, '0.64', 2529, 'betwin', '27753399344448e06cf71b10f14859751223d169', 'gameid=1037&userid=11036&md5=27753399344448e06cf71b10f14859751223d169&amount=0.64&remotetranid=2529&', '2016-10-21 10:20:12', '2016-10-21 12:37:07'),
(31, 11036, 1037, '-0.50', 1530, 'betwin', '27753399344448e06cf71b10f14859751223d169', 'gameid=1037&userid=11036&md5=27753399344448e06cf71b10f14859751223d169&amount=-0.50&remotetranid=1530&', '2016-10-21 10:20:25', '2016-10-21 12:37:07'),
(32, 11036, 1037, '0.00', 2530, 'betwin', '27753399344448e06cf71b10f14859751223d169', 'gameid=1037&userid=11036&md5=27753399344448e06cf71b10f14859751223d169&amount=0.00&remotetranid=2530&', '2016-10-21 10:20:25', '2016-10-21 12:37:07'),
(33, 11036, 1037, '-0.50', 1531, 'betwin', '27753399344448e06cf71b10f14859751223d169', 'gameid=1037&userid=11036&md5=27753399344448e06cf71b10f14859751223d169&amount=-0.50&remotetranid=1531&', '2016-10-21 10:20:28', '2016-10-21 12:37:07'),
(34, 11036, 1037, '0.00', 2531, 'betwin', '27753399344448e06cf71b10f14859751223d169', 'gameid=1037&userid=11036&md5=27753399344448e06cf71b10f14859751223d169&amount=0.00&remotetranid=2531&', '2016-10-21 10:20:28', '2016-10-21 12:37:07'),
(35, 11036, 1037, '-0.50', 1532, 'betwin', '27753399344448e06cf71b10f14859751223d169', 'gameid=1037&userid=11036&md5=27753399344448e06cf71b10f14859751223d169&amount=-0.50&remotetranid=1532&', '2016-10-21 10:20:32', '2016-10-21 12:37:07'),
(36, 11036, 1037, '0.00', 2532, 'betwin', '27753399344448e06cf71b10f14859751223d169', 'gameid=1037&userid=11036&md5=27753399344448e06cf71b10f14859751223d169&amount=0.00&remotetranid=2532&', '2016-10-21 10:20:32', '2016-10-21 12:37:07'),
(37, 11036, 1037, '-0.50', 1533, 'betwin', '27753399344448e06cf71b10f14859751223d169', 'gameid=1037&userid=11036&md5=27753399344448e06cf71b10f14859751223d169&amount=-0.50&remotetranid=1533&', '2016-10-21 10:20:35', '2016-10-21 12:37:07'),
(38, 11036, 1037, '0.66', 2533, 'betwin', '27753399344448e06cf71b10f14859751223d169', 'gameid=1037&userid=11036&md5=27753399344448e06cf71b10f14859751223d169&amount=0.66&remotetranid=2533&', '2016-10-21 10:20:35', '2016-10-21 12:37:07'),
(39, 11036, 1037, '-0.50', 1534, 'betwin', '27753399344448e06cf71b10f14859751223d169', 'gameid=1037&userid=11036&md5=27753399344448e06cf71b10f14859751223d169&amount=-0.50&remotetranid=1534&', '2016-10-21 10:20:49', '2016-10-21 12:37:07'),
(40, 11036, 1037, '0.00', 2534, 'betwin', '27753399344448e06cf71b10f14859751223d169', 'gameid=1037&userid=11036&md5=27753399344448e06cf71b10f14859751223d169&amount=0.00&remotetranid=2534&', '2016-10-21 10:20:49', '2016-10-21 12:37:07'),
(41, 11036, 1037, '-0.50', 1535, 'betwin', '27753399344448e06cf71b10f14859751223d169', 'gameid=1037&userid=11036&md5=27753399344448e06cf71b10f14859751223d169&amount=-0.50&remotetranid=1535&', '2016-10-21 10:20:52', '2016-10-21 12:37:07'),
(42, 11036, 1037, '0.00', 2535, 'betwin', '27753399344448e06cf71b10f14859751223d169', 'gameid=1037&userid=11036&md5=27753399344448e06cf71b10f14859751223d169&amount=0.00&remotetranid=2535&', '2016-10-21 10:20:53', '2016-10-21 12:37:07'),
(43, 11036, 1037, '-0.50', 1536, 'betwin', '27753399344448e06cf71b10f14859751223d169', 'gameid=1037&userid=11036&md5=27753399344448e06cf71b10f14859751223d169&amount=-0.50&remotetranid=1536&', '2016-10-21 10:20:56', '2016-10-21 12:37:07'),
(44, 11036, 1037, '0.32', 2536, 'betwin', '27753399344448e06cf71b10f14859751223d169', 'gameid=1037&userid=11036&md5=27753399344448e06cf71b10f14859751223d169&amount=0.32&remotetranid=2536&', '2016-10-21 10:20:56', '2016-10-21 12:37:07'),
(45, 11036, 1037, '-0.50', 1537, 'betwin', '27753399344448e06cf71b10f14859751223d169', 'gameid=1037&userid=11036&md5=27753399344448e06cf71b10f14859751223d169&amount=-0.50&remotetranid=1537&', '2016-10-21 10:21:01', '2016-10-21 12:37:07'),
(46, 11036, 1037, '0.00', 2537, 'betwin', '27753399344448e06cf71b10f14859751223d169', 'gameid=1037&userid=11036&md5=27753399344448e06cf71b10f14859751223d169&amount=0.00&remotetranid=2537&', '2016-10-21 10:21:01', '2016-10-21 12:37:07'),
(47, 11036, 1037, '-0.50', 1538, 'betwin', '27753399344448e06cf71b10f14859751223d169', 'gameid=1037&userid=11036&md5=27753399344448e06cf71b10f14859751223d169&amount=-0.50&remotetranid=1538&', '2016-10-21 10:21:04', '2016-10-21 12:37:07'),
(48, 11036, 1037, '9.32', 2538, 'betwin', '27753399344448e06cf71b10f14859751223d169', 'gameid=1037&userid=11036&md5=27753399344448e06cf71b10f14859751223d169&amount=9.32&remotetranid=2538&', '2016-10-21 10:21:05', '2016-10-21 12:37:07'),
(49, 11036, 1037, '-0.50', 1539, 'betwin', '27753399344448e06cf71b10f14859751223d169', 'gameid=1037&userid=11036&md5=27753399344448e06cf71b10f14859751223d169&amount=-0.50&remotetranid=1539&', '2016-10-21 10:21:32', '2016-10-21 12:37:07'),
(50, 11036, 1037, '2.50', 2539, 'betwin', '27753399344448e06cf71b10f14859751223d169', 'gameid=1037&userid=11036&md5=27753399344448e06cf71b10f14859751223d169&amount=2.50&remotetranid=2539&', '2016-10-21 10:21:32', '2016-10-21 12:37:07'),
(51, 11036, 1037, '-0.50', 1540, 'betwin', '27753399344448e06cf71b10f14859751223d169', 'gameid=1037&userid=11036&md5=27753399344448e06cf71b10f14859751223d169&amount=-0.50&remotetranid=1540&', '2016-10-21 10:21:48', '2016-10-21 12:37:07'),
(52, 11036, 1037, '0.00', 2540, 'betwin', '27753399344448e06cf71b10f14859751223d169', 'gameid=1037&userid=11036&md5=27753399344448e06cf71b10f14859751223d169&amount=0.00&remotetranid=2540&', '2016-10-21 10:21:48', '2016-10-21 12:37:07'),
(53, 11036, 1037, '-0.50', 1541, 'betwin', '27753399344448e06cf71b10f14859751223d169', 'gameid=1037&userid=11036&md5=27753399344448e06cf71b10f14859751223d169&amount=-0.50&remotetranid=1541&', '2016-10-21 10:21:51', '2016-10-21 12:37:07'),
(54, 11036, 1037, '0.14', 2541, 'betwin', '27753399344448e06cf71b10f14859751223d169', 'gameid=1037&userid=11036&md5=27753399344448e06cf71b10f14859751223d169&amount=0.14&remotetranid=2541&', '2016-10-21 10:21:51', '2016-10-21 12:37:07'),
(55, 11036, 1037, '-0.50', 1542, 'betwin', '27753399344448e06cf71b10f14859751223d169', 'gameid=1037&userid=11036&md5=27753399344448e06cf71b10f14859751223d169&amount=-0.50&remotetranid=1542&', '2016-10-21 10:21:56', '2016-10-21 12:37:07'),
(56, 11036, 1037, '0.00', 2542, 'betwin', '27753399344448e06cf71b10f14859751223d169', 'gameid=1037&userid=11036&md5=27753399344448e06cf71b10f14859751223d169&amount=0.00&remotetranid=2542&', '2016-10-21 10:21:56', '2016-10-21 12:37:07'),
(57, 11036, 1037, '-0.50', 1543, 'betwin', '27753399344448e06cf71b10f14859751223d169', 'gameid=1037&userid=11036&md5=27753399344448e06cf71b10f14859751223d169&amount=-0.50&remotetranid=1543&', '2016-10-21 10:21:59', '2016-10-21 12:37:07'),
(58, 11036, 1037, '0.14', 2543, 'betwin', '27753399344448e06cf71b10f14859751223d169', 'gameid=1037&userid=11036&md5=27753399344448e06cf71b10f14859751223d169&amount=0.14&remotetranid=2543&', '2016-10-21 10:22:00', '2016-10-21 12:37:07'),
(59, 11036, 1037, '-0.50', 1544, 'betwin', '27753399344448e06cf71b10f14859751223d169', 'gameid=1037&userid=11036&md5=27753399344448e06cf71b10f14859751223d169&amount=-0.50&remotetranid=1544&', '2016-10-21 10:22:04', '2016-10-21 12:37:07'),
(60, 11036, 1037, '0.00', 2544, 'betwin', '27753399344448e06cf71b10f14859751223d169', 'gameid=1037&userid=11036&md5=27753399344448e06cf71b10f14859751223d169&amount=0.00&remotetranid=2544&', '2016-10-21 10:22:05', '2016-10-21 12:37:07'),
(61, 11036, 1037, '-0.50', 1545, 'betwin', '27753399344448e06cf71b10f14859751223d169', 'gameid=1037&userid=11036&md5=27753399344448e06cf71b10f14859751223d169&amount=-0.50&remotetranid=1545&', '2016-10-21 10:22:08', '2016-10-21 12:37:07'),
(62, 11036, 1037, '0.00', 2545, 'betwin', '27753399344448e06cf71b10f14859751223d169', 'gameid=1037&userid=11036&md5=27753399344448e06cf71b10f14859751223d169&amount=0.00&remotetranid=2545&', '2016-10-21 10:22:08', '2016-10-21 12:37:07'),
(63, 11036, 1037, '-0.50', 1546, 'betwin', '27753399344448e06cf71b10f14859751223d169', 'gameid=1037&userid=11036&md5=27753399344448e06cf71b10f14859751223d169&amount=-0.50&remotetranid=1546&', '2016-10-21 10:22:11', '2016-10-21 12:37:07'),
(64, 11036, 1037, '0.54', 2546, 'betwin', '27753399344448e06cf71b10f14859751223d169', 'gameid=1037&userid=11036&md5=27753399344448e06cf71b10f14859751223d169&amount=0.54&remotetranid=2546&', '2016-10-21 10:22:11', '2016-10-21 12:37:07'),
(65, 11036, 1037, '-0.50', 1547, 'betwin', '27753399344448e06cf71b10f14859751223d169', 'gameid=1037&userid=11036&md5=27753399344448e06cf71b10f14859751223d169&amount=-0.50&remotetranid=1547&', '2016-10-21 10:22:24', '2016-10-21 12:37:07'),
(66, 11036, 1037, '0.00', 2547, 'betwin', '27753399344448e06cf71b10f14859751223d169', 'gameid=1037&userid=11036&md5=27753399344448e06cf71b10f14859751223d169&amount=0.00&remotetranid=2547&', '2016-10-21 10:22:24', '2016-10-21 12:37:07'),
(67, 11036, 1037, '-0.50', 1548, 'betwin', '27753399344448e06cf71b10f14859751223d169', 'gameid=1037&userid=11036&md5=27753399344448e06cf71b10f14859751223d169&amount=-0.50&remotetranid=1548&', '2016-10-21 10:22:27', '2016-10-21 12:37:07'),
(68, 11036, 1037, '0.28', 2548, 'betwin', '27753399344448e06cf71b10f14859751223d169', 'gameid=1037&userid=11036&md5=27753399344448e06cf71b10f14859751223d169&amount=0.28&remotetranid=2548&', '2016-10-21 10:22:27', '2016-10-21 12:37:07'),
(69, 11036, 1037, '-0.50', 1549, 'betwin', '27753399344448e06cf71b10f14859751223d169', 'gameid=1037&userid=11036&md5=27753399344448e06cf71b10f14859751223d169&amount=-0.50&remotetranid=1549&', '2016-10-21 10:22:32', '2016-10-21 12:37:07'),
(70, 11036, 1037, '0.00', 2549, 'betwin', '27753399344448e06cf71b10f14859751223d169', 'gameid=1037&userid=11036&md5=27753399344448e06cf71b10f14859751223d169&amount=0.00&remotetranid=2549&', '2016-10-21 10:22:32', '2016-10-21 12:37:07'),
(71, 11036, 1037, '-0.50', 1550, 'betwin', '27753399344448e06cf71b10f14859751223d169', 'gameid=1037&userid=11036&md5=27753399344448e06cf71b10f14859751223d169&amount=-0.50&remotetranid=1550&', '2016-10-21 10:22:36', '2016-10-21 12:37:07'),
(72, 11036, 1037, '0.26', 2550, 'betwin', '27753399344448e06cf71b10f14859751223d169', 'gameid=1037&userid=11036&md5=27753399344448e06cf71b10f14859751223d169&amount=0.26&remotetranid=2550&', '2016-10-21 10:22:36', '2016-10-21 12:37:07'),
(73, 11036, 1037, '-0.50', 1551, 'betwin', '27753399344448e06cf71b10f14859751223d169', 'gameid=1037&userid=11036&md5=27753399344448e06cf71b10f14859751223d169&amount=-0.50&remotetranid=1551&', '2016-10-21 10:22:43', '2016-10-21 12:37:07'),
(74, 11036, 1037, '0.40', 2551, 'betwin', '27753399344448e06cf71b10f14859751223d169', 'gameid=1037&userid=11036&md5=27753399344448e06cf71b10f14859751223d169&amount=0.40&remotetranid=2551&', '2016-10-21 10:22:43', '2016-10-21 12:37:07'),
(75, 11036, 1037, '-0.50', 1552, 'betwin', '27753399344448e06cf71b10f14859751223d169', 'gameid=1037&userid=11036&md5=27753399344448e06cf71b10f14859751223d169&amount=-0.50&remotetranid=1552&', '2016-10-21 10:22:48', '2016-10-21 12:37:07'),
(76, 11036, 1037, '0.00', 2552, 'betwin', '27753399344448e06cf71b10f14859751223d169', 'gameid=1037&userid=11036&md5=27753399344448e06cf71b10f14859751223d169&amount=0.00&remotetranid=2552&', '2016-10-21 10:22:48', '2016-10-21 12:37:07'),
(77, 11036, 1037, '-0.50', 1553, 'betwin', '27753399344448e06cf71b10f14859751223d169', 'gameid=1037&userid=11036&md5=27753399344448e06cf71b10f14859751223d169&amount=-0.50&remotetranid=1553&', '2016-10-21 10:22:51', '2016-10-21 12:37:07'),
(78, 11036, 1037, '8.64', 2553, 'betwin', '27753399344448e06cf71b10f14859751223d169', 'gameid=1037&userid=11036&md5=27753399344448e06cf71b10f14859751223d169&amount=8.64&remotetranid=2553&', '2016-10-21 10:22:52', '2016-10-21 12:37:07'),
(79, 11036, 1037, '-0.50', 1554, 'betwin', '27753399344448e06cf71b10f14859751223d169', 'gameid=1037&userid=11036&md5=27753399344448e06cf71b10f14859751223d169&amount=-0.50&remotetranid=1554&', '2016-10-21 10:23:12', '2016-10-21 12:37:07'),
(80, 11036, 1037, '0.00', 2554, 'betwin', '27753399344448e06cf71b10f14859751223d169', 'gameid=1037&userid=11036&md5=27753399344448e06cf71b10f14859751223d169&amount=0.00&remotetranid=2554&', '2016-10-21 10:23:12', '2016-10-21 12:37:07'),
(81, 11036, 1037, '-0.50', 1555, 'betwin', '27753399344448e06cf71b10f14859751223d169', 'gameid=1037&userid=11036&md5=27753399344448e06cf71b10f14859751223d169&amount=-0.50&remotetranid=1555&', '2016-10-21 10:23:15', '2016-10-21 12:37:07'),
(82, 11036, 1037, '0.14', 2555, 'betwin', '27753399344448e06cf71b10f14859751223d169', 'gameid=1037&userid=11036&md5=27753399344448e06cf71b10f14859751223d169&amount=0.14&remotetranid=2555&', '2016-10-21 10:23:16', '2016-10-21 12:37:07'),
(83, 11036, 1037, '-0.50', 1556, 'betwin', '27753399344448e06cf71b10f14859751223d169', 'gameid=1037&userid=11036&md5=27753399344448e06cf71b10f14859751223d169&amount=-0.50&remotetranid=1556&', '2016-10-21 10:23:20', '2016-10-21 12:37:07'),
(84, 11036, 1037, '0.30', 2556, 'betwin', '27753399344448e06cf71b10f14859751223d169', 'gameid=1037&userid=11036&md5=27753399344448e06cf71b10f14859751223d169&amount=0.30&remotetranid=2556&', '2016-10-21 10:23:21', '2016-10-21 12:37:07'),
(85, 11036, 1037, '-0.50', 1557, 'betwin', '27753399344448e06cf71b10f14859751223d169', 'gameid=1037&userid=11036&md5=27753399344448e06cf71b10f14859751223d169&amount=-0.50&remotetranid=1557&', '2016-10-21 10:23:30', '2016-10-21 12:37:07'),
(86, 11036, 1037, '0.16', 2557, 'betwin', '27753399344448e06cf71b10f14859751223d169', 'gameid=1037&userid=11036&md5=27753399344448e06cf71b10f14859751223d169&amount=0.16&remotetranid=2557&', '2016-10-21 10:23:30', '2016-10-21 12:37:07'),
(87, 11036, 1037, '-0.50', 1558, 'betwin', '27753399344448e06cf71b10f14859751223d169', 'gameid=1037&userid=11036&md5=27753399344448e06cf71b10f14859751223d169&amount=-0.50&remotetranid=1558&', '2016-10-21 10:23:35', '2016-10-21 12:37:07'),
(88, 11036, 1037, '0.00', 2558, 'betwin', '27753399344448e06cf71b10f14859751223d169', 'gameid=1037&userid=11036&md5=27753399344448e06cf71b10f14859751223d169&amount=0.00&remotetranid=2558&', '2016-10-21 10:23:35', '2016-10-21 12:37:07'),
(89, 11036, 1037, '-0.50', 1559, 'betwin', '27753399344448e06cf71b10f14859751223d169', 'gameid=1037&userid=11036&md5=27753399344448e06cf71b10f14859751223d169&amount=-0.50&remotetranid=1559&', '2016-10-21 10:23:38', '2016-10-21 12:37:07'),
(90, 11036, 1037, '0.14', 2559, 'betwin', '27753399344448e06cf71b10f14859751223d169', 'gameid=1037&userid=11036&md5=27753399344448e06cf71b10f14859751223d169&amount=0.14&remotetranid=2559&', '2016-10-21 10:23:38', '2016-10-21 12:37:07'),
(91, 11036, 1037, '-0.50', 1560, 'betwin', '27753399344448e06cf71b10f14859751223d169', 'gameid=1037&userid=11036&md5=27753399344448e06cf71b10f14859751223d169&amount=-0.50&remotetranid=1560&', '2016-10-21 10:23:43', '2016-10-21 12:37:07'),
(92, 11036, 1037, '0.00', 2560, 'betwin', '27753399344448e06cf71b10f14859751223d169', 'gameid=1037&userid=11036&md5=27753399344448e06cf71b10f14859751223d169&amount=0.00&remotetranid=2560&', '2016-10-21 10:23:44', '2016-10-21 12:37:07'),
(93, 11036, 1037, '-0.50', 1561, 'betwin', '27753399344448e06cf71b10f14859751223d169', 'gameid=1037&userid=11036&md5=27753399344448e06cf71b10f14859751223d169&amount=-0.50&remotetranid=1561&', '2016-10-21 10:23:47', '2016-10-21 12:37:07'),
(94, 11036, 1037, '0.24', 2561, 'betwin', '27753399344448e06cf71b10f14859751223d169', 'gameid=1037&userid=11036&md5=27753399344448e06cf71b10f14859751223d169&amount=0.24&remotetranid=2561&', '2016-10-21 10:23:47', '2016-10-21 12:37:07'),
(95, 11036, 1037, '-0.50', 1562, 'betwin', '27753399344448e06cf71b10f14859751223d169', 'gameid=1037&userid=11036&md5=27753399344448e06cf71b10f14859751223d169&amount=-0.50&remotetranid=1562&', '2016-10-21 10:23:52', '2016-10-21 12:37:07'),
(96, 11036, 1037, '4.00', 2562, 'betwin', '27753399344448e06cf71b10f14859751223d169', 'gameid=1037&userid=11036&md5=27753399344448e06cf71b10f14859751223d169&amount=4.00&remotetranid=2562&', '2016-10-21 10:23:53', '2016-10-21 12:37:07'),
(97, 11036, 1037, '-0.50', 1563, 'betwin', '27753399344448e06cf71b10f14859751223d169', 'gameid=1037&userid=11036&md5=27753399344448e06cf71b10f14859751223d169&amount=-0.50&remotetranid=1563&', '2016-10-21 10:24:21', '2016-10-21 12:37:07'),
(98, 11036, 1037, '0.00', 2563, 'betwin', '27753399344448e06cf71b10f14859751223d169', 'gameid=1037&userid=11036&md5=27753399344448e06cf71b10f14859751223d169&amount=0.00&remotetranid=2563&', '2016-10-21 10:24:21', '2016-10-21 12:37:07'),
(99, 11036, 1037, '-0.50', 1564, 'betwin', '27753399344448e06cf71b10f14859751223d169', 'gameid=1037&userid=11036&md5=27753399344448e06cf71b10f14859751223d169&amount=-0.50&remotetranid=1564&', '2016-10-21 10:24:24', '2016-10-21 12:37:07'),
(100, 11036, 1037, '0.68', 2564, 'betwin', '27753399344448e06cf71b10f14859751223d169', 'gameid=1037&userid=11036&md5=27753399344448e06cf71b10f14859751223d169&amount=0.68&remotetranid=2564&', '2016-10-21 10:24:24', '2016-10-21 12:37:07'),
(101, 11036, 1037, '-0.50', 1565, 'betwin', '27753399344448e06cf71b10f14859751223d169', 'gameid=1037&userid=11036&md5=27753399344448e06cf71b10f14859751223d169&amount=-0.50&remotetranid=1565&', '2016-10-21 10:24:38', '2016-10-21 12:37:07'),
(102, 11036, 1037, '1.32', 2565, 'betwin', '27753399344448e06cf71b10f14859751223d169', 'gameid=1037&userid=11036&md5=27753399344448e06cf71b10f14859751223d169&amount=1.32&remotetranid=2565&', '2016-10-21 10:24:38', '2016-10-21 12:37:07'),
(103, 11036, 1037, '-0.50', 1566, 'betwin', '27753399344448e06cf71b10f14859751223d169', 'gameid=1037&userid=11036&md5=27753399344448e06cf71b10f14859751223d169&amount=-0.50&remotetranid=1566&', '2016-10-21 10:24:50', '2016-10-21 12:37:07'),
(104, 11036, 1037, '0.28', 2566, 'betwin', '27753399344448e06cf71b10f14859751223d169', 'gameid=1037&userid=11036&md5=27753399344448e06cf71b10f14859751223d169&amount=0.28&remotetranid=2566&', '2016-10-21 10:24:51', '2016-10-21 12:37:07'),
(105, 11036, 1037, '-0.50', 1567, 'betwin', '27753399344448e06cf71b10f14859751223d169', 'gameid=1037&userid=11036&md5=27753399344448e06cf71b10f14859751223d169&amount=-0.50&remotetranid=1567&', '2016-10-21 10:24:57', '2016-10-21 12:37:07'),
(106, 11036, 1037, '1.22', 2567, 'betwin', '27753399344448e06cf71b10f14859751223d169', 'gameid=1037&userid=11036&md5=27753399344448e06cf71b10f14859751223d169&amount=1.22&remotetranid=2567&', '2016-10-21 10:24:58', '2016-10-21 12:37:07'),
(107, 11036, 1037, '-0.50', 1568, 'betwin', '27753399344448e06cf71b10f14859751223d169', 'gameid=1037&userid=11036&md5=27753399344448e06cf71b10f14859751223d169&amount=-0.50&remotetranid=1568&', '2016-10-21 10:25:06', '2016-10-21 12:37:07'),
(108, 11036, 1037, '0.78', 2568, 'betwin', '27753399344448e06cf71b10f14859751223d169', 'gameid=1037&userid=11036&md5=27753399344448e06cf71b10f14859751223d169&amount=0.78&remotetranid=2568&', '2016-10-21 10:25:07', '2016-10-21 12:37:07'),
(109, 11036, 1037, '-0.50', 1569, 'betwin', '27753399344448e06cf71b10f14859751223d169', 'gameid=1037&userid=11036&md5=27753399344448e06cf71b10f14859751223d169&amount=-0.50&remotetranid=1569&', '2016-10-21 10:25:23', '2016-10-21 12:37:07'),
(110, 11036, 1037, '0.30', 2569, 'betwin', '27753399344448e06cf71b10f14859751223d169', 'gameid=1037&userid=11036&md5=27753399344448e06cf71b10f14859751223d169&amount=0.30&remotetranid=2569&', '2016-10-21 10:25:23', '2016-10-21 12:37:07'),
(111, 11036, 1037, '-0.50', 1570, 'betwin', '27753399344448e06cf71b10f14859751223d169', 'gameid=1037&userid=11036&md5=27753399344448e06cf71b10f14859751223d169&amount=-0.50&remotetranid=1570&', '2016-10-21 10:25:31', '2016-10-21 12:37:07'),
(112, 11036, 1037, '0.48', 2570, 'betwin', '27753399344448e06cf71b10f14859751223d169', 'gameid=1037&userid=11036&md5=27753399344448e06cf71b10f14859751223d169&amount=0.48&remotetranid=2570&', '2016-10-21 10:25:32', '2016-10-21 12:37:07'),
(113, 11036, 1037, '-0.50', 1571, 'betwin', '27753399344448e06cf71b10f14859751223d169', 'gameid=1037&userid=11036&md5=27753399344448e06cf71b10f14859751223d169&amount=-0.50&remotetranid=1571&', '2016-10-21 10:25:42', '2016-10-21 12:37:07'),
(114, 11036, 1037, '0.56', 2571, 'betwin', '27753399344448e06cf71b10f14859751223d169', 'gameid=1037&userid=11036&md5=27753399344448e06cf71b10f14859751223d169&amount=0.56&remotetranid=2571&', '2016-10-21 10:25:42', '2016-10-21 12:37:07'),
(115, 11036, 1037, '-0.50', 1572, 'betwin', '27753399344448e06cf71b10f14859751223d169', 'gameid=1037&userid=11036&md5=27753399344448e06cf71b10f14859751223d169&amount=-0.50&remotetranid=1572&', '2016-10-21 10:25:51', '2016-10-21 12:37:07'),
(116, 11036, 1037, '0.00', 2572, 'betwin', '27753399344448e06cf71b10f14859751223d169', 'gameid=1037&userid=11036&md5=27753399344448e06cf71b10f14859751223d169&amount=0.00&remotetranid=2572&', '2016-10-21 10:25:51', '2016-10-21 12:37:07'),
(117, 11036, 1037, '-0.50', 1573, 'betwin', '27753399344448e06cf71b10f14859751223d169', 'gameid=1037&userid=11036&md5=27753399344448e06cf71b10f14859751223d169&amount=-0.50&remotetranid=1573&', '2016-10-21 10:25:54', '2016-10-21 12:37:07'),
(118, 11036, 1037, '0.14', 2573, 'betwin', '27753399344448e06cf71b10f14859751223d169', 'gameid=1037&userid=11036&md5=27753399344448e06cf71b10f14859751223d169&amount=0.14&remotetranid=2573&', '2016-10-21 10:25:55', '2016-10-21 12:37:07'),
(119, 11036, 1037, '-0.50', 1574, 'betwin', '27753399344448e06cf71b10f14859751223d169', 'gameid=1037&userid=11036&md5=27753399344448e06cf71b10f14859751223d169&amount=-0.50&remotetranid=1574&', '2016-10-21 10:25:59', '2016-10-21 12:37:07'),
(120, 11036, 1037, '0.00', 2574, 'betwin', '27753399344448e06cf71b10f14859751223d169', 'gameid=1037&userid=11036&md5=27753399344448e06cf71b10f14859751223d169&amount=0.00&remotetranid=2574&', '2016-10-21 10:26:00', '2016-10-21 12:37:07'),
(121, 11036, 1037, '-0.50', 1575, 'betwin', '27753399344448e06cf71b10f14859751223d169', 'gameid=1037&userid=11036&md5=27753399344448e06cf71b10f14859751223d169&amount=-0.50&remotetranid=1575&', '2016-10-21 10:26:03', '2016-10-21 12:37:07'),
(122, 11036, 1037, '0.00', 2575, 'betwin', '27753399344448e06cf71b10f14859751223d169', 'gameid=1037&userid=11036&md5=27753399344448e06cf71b10f14859751223d169&amount=0.00&remotetranid=2575&', '2016-10-21 10:26:03', '2016-10-21 12:37:07'),
(123, 11036, 1037, '-0.50', 1576, 'betwin', '27753399344448e06cf71b10f14859751223d169', 'gameid=1037&userid=11036&md5=27753399344448e06cf71b10f14859751223d169&amount=-0.50&remotetranid=1576&', '2016-10-21 10:26:06', '2016-10-21 12:37:07'),
(124, 11036, 1037, '0.36', 2576, 'betwin', '27753399344448e06cf71b10f14859751223d169', 'gameid=1037&userid=11036&md5=27753399344448e06cf71b10f14859751223d169&amount=0.36&remotetranid=2576&', '2016-10-21 10:26:06', '2016-10-21 12:37:07'),
(125, 11036, 1037, '-0.50', 1577, 'betwin', '27753399344448e06cf71b10f14859751223d169', 'gameid=1037&userid=11036&md5=27753399344448e06cf71b10f14859751223d169&amount=-0.50&remotetranid=1577&', '2016-10-21 10:26:15', '2016-10-21 12:37:07'),
(126, 11036, 1037, '0.00', 2577, 'betwin', '27753399344448e06cf71b10f14859751223d169', 'gameid=1037&userid=11036&md5=27753399344448e06cf71b10f14859751223d169&amount=0.00&remotetranid=2577&', '2016-10-21 10:26:15', '2016-10-21 12:37:07'),
(127, 11036, 1037, '-0.50', 1578, 'betwin', '27753399344448e06cf71b10f14859751223d169', 'gameid=1037&userid=11036&md5=27753399344448e06cf71b10f14859751223d169&amount=-0.50&remotetranid=1578&', '2016-10-21 10:26:18', '2016-10-21 12:37:07'),
(128, 11036, 1037, '0.00', 2578, 'betwin', '27753399344448e06cf71b10f14859751223d169', 'gameid=1037&userid=11036&md5=27753399344448e06cf71b10f14859751223d169&amount=0.00&remotetranid=2578&', '2016-10-21 10:26:18', '2016-10-21 12:37:07'),
(129, 11036, 1037, '-0.50', 1579, 'betwin', '27753399344448e06cf71b10f14859751223d169', 'gameid=1037&userid=11036&md5=27753399344448e06cf71b10f14859751223d169&amount=-0.50&remotetranid=1579&', '2016-10-21 10:26:21', '2016-10-21 12:37:07'),
(130, 11036, 1037, '0.66', 2579, 'betwin', '27753399344448e06cf71b10f14859751223d169', 'gameid=1037&userid=11036&md5=27753399344448e06cf71b10f14859751223d169&amount=0.66&remotetranid=2579&', '2016-10-21 10:26:22', '2016-10-21 12:37:07'),
(131, 11036, 1037, '-0.50', 1580, 'betwin', '27753399344448e06cf71b10f14859751223d169', 'gameid=1037&userid=11036&md5=27753399344448e06cf71b10f14859751223d169&amount=-0.50&remotetranid=1580&', '2016-10-21 10:26:36', '2016-10-21 12:37:07'),
(132, 11036, 1037, '1.36', 2580, 'betwin', '27753399344448e06cf71b10f14859751223d169', 'gameid=1037&userid=11036&md5=27753399344448e06cf71b10f14859751223d169&amount=1.36&remotetranid=2580&', '2016-10-21 10:26:36', '2016-10-21 12:37:07'),
(133, 11036, 1037, '-0.50', 1581, 'betwin', '27753399344448e06cf71b10f14859751223d169', 'gameid=1037&userid=11036&md5=27753399344448e06cf71b10f14859751223d169&amount=-0.50&remotetranid=1581&', '2016-10-21 10:26:46', '2016-10-21 12:37:07'),
(134, 11036, 1037, '0.14', 2581, 'betwin', '27753399344448e06cf71b10f14859751223d169', 'gameid=1037&userid=11036&md5=27753399344448e06cf71b10f14859751223d169&amount=0.14&remotetranid=2581&', '2016-10-21 10:26:47', '2016-10-21 12:37:07'),
(135, 11036, 1037, '-0.50', 1582, 'betwin', '27753399344448e06cf71b10f14859751223d169', 'gameid=1037&userid=11036&md5=27753399344448e06cf71b10f14859751223d169&amount=-0.50&remotetranid=1582&', '2016-10-21 10:26:51', '2016-10-21 12:37:07'),
(136, 11036, 1037, '0.44', 2582, 'betwin', '27753399344448e06cf71b10f14859751223d169', 'gameid=1037&userid=11036&md5=27753399344448e06cf71b10f14859751223d169&amount=0.44&remotetranid=2582&', '2016-10-21 10:26:52', '2016-10-21 12:37:07'),
(137, 11036, 1037, '-0.50', 1583, 'betwin', '27753399344448e06cf71b10f14859751223d169', 'gameid=1037&userid=11036&md5=27753399344448e06cf71b10f14859751223d169&amount=-0.50&remotetranid=1583&', '2016-10-21 10:27:02', '2016-10-21 12:37:07'),
(138, 11036, 1037, '0.88', 2583, 'betwin', '27753399344448e06cf71b10f14859751223d169', 'gameid=1037&userid=11036&md5=27753399344448e06cf71b10f14859751223d169&amount=0.88&remotetranid=2583&', '2016-10-21 10:27:02', '2016-10-21 12:37:07'),
(139, 11036, 1037, '-0.50', 1584, 'betwin', '27753399344448e06cf71b10f14859751223d169', 'gameid=1037&userid=11036&md5=27753399344448e06cf71b10f14859751223d169&amount=-0.50&remotetranid=1584&', '2016-10-21 10:27:14', '2016-10-21 12:37:07'),
(140, 11036, 1037, '0.00', 2584, 'betwin', '27753399344448e06cf71b10f14859751223d169', 'gameid=1037&userid=11036&md5=27753399344448e06cf71b10f14859751223d169&amount=0.00&remotetranid=2584&', '2016-10-21 10:27:14', '2016-10-21 12:37:07'),
(141, 11036, 1037, '-0.50', 1585, 'betwin', '27753399344448e06cf71b10f14859751223d169', 'gameid=1037&userid=11036&md5=27753399344448e06cf71b10f14859751223d169&amount=-0.50&remotetranid=1585&', '2016-10-21 10:27:18', '2016-10-21 12:37:07'),
(142, 11036, 1037, '0.00', 2585, 'betwin', '27753399344448e06cf71b10f14859751223d169', 'gameid=1037&userid=11036&md5=27753399344448e06cf71b10f14859751223d169&amount=0.00&remotetranid=2585&', '2016-10-21 10:27:18', '2016-10-21 12:37:07'),
(143, 11036, 1037, '-0.50', 1586, 'betwin', '27753399344448e06cf71b10f14859751223d169', 'gameid=1037&userid=11036&md5=27753399344448e06cf71b10f14859751223d169&amount=-0.50&remotetranid=1586&', '2016-10-21 10:27:21', '2016-10-21 12:37:07'),
(144, 11036, 1037, '0.16', 2586, 'betwin', '27753399344448e06cf71b10f14859751223d169', 'gameid=1037&userid=11036&md5=27753399344448e06cf71b10f14859751223d169&amount=0.16&remotetranid=2586&', '2016-10-21 10:27:21', '2016-10-21 12:37:07'),
(145, 11036, 1037, '-0.50', 1587, 'betwin', '27753399344448e06cf71b10f14859751223d169', 'gameid=1037&userid=11036&md5=27753399344448e06cf71b10f14859751223d169&amount=-0.50&remotetranid=1587&', '2016-10-21 10:27:26', '2016-10-21 12:37:07'),
(146, 11036, 1037, '6.78', 2587, 'betwin', '27753399344448e06cf71b10f14859751223d169', 'gameid=1037&userid=11036&md5=27753399344448e06cf71b10f14859751223d169&amount=6.78&remotetranid=2587&', '2016-10-21 10:27:27', '2016-10-21 12:37:07'),
(147, 11036, 1037, '-0.50', 1588, 'betwin', '27753399344448e06cf71b10f14859751223d169', 'gameid=1037&userid=11036&md5=27753399344448e06cf71b10f14859751223d169&amount=-0.50&remotetranid=1588&', '2016-10-21 10:34:24', '2016-10-21 12:37:07'),
(148, 11036, 1037, '0.32', 2588, 'betwin', '27753399344448e06cf71b10f14859751223d169', 'gameid=1037&userid=11036&md5=27753399344448e06cf71b10f14859751223d169&amount=0.32&remotetranid=2588&', '2016-10-21 10:34:25', '2016-10-21 12:37:07'),
(149, 11036, 1037, '-0.50', 1589, 'betwin', '27753399344448e06cf71b10f14859751223d169', 'gameid=1037&userid=11036&md5=27753399344448e06cf71b10f14859751223d169&amount=-0.50&remotetranid=1589&', '2016-10-21 10:34:30', '2016-10-21 12:37:07'),
(150, 11036, 1037, '0.00', 2589, 'betwin', '27753399344448e06cf71b10f14859751223d169', 'gameid=1037&userid=11036&md5=27753399344448e06cf71b10f14859751223d169&amount=0.00&remotetranid=2589&', '2016-10-21 10:34:30', '2016-10-21 12:37:07'),
(151, 11036, 1037, '-0.50', 1590, 'betwin', '27753399344448e06cf71b10f14859751223d169', 'gameid=1037&userid=11036&md5=27753399344448e06cf71b10f14859751223d169&amount=-0.50&remotetranid=1590&', '2016-10-21 10:34:33', '2016-10-21 12:37:07'),
(152, 11036, 1037, '0.64', 2590, 'betwin', '27753399344448e06cf71b10f14859751223d169', 'gameid=1037&userid=11036&md5=27753399344448e06cf71b10f14859751223d169&amount=0.64&remotetranid=2590&', '2016-10-21 10:34:33', '2016-10-21 12:37:07'),
(153, 11036, 1037, '-0.50', 1591, 'betwin', '27753399344448e06cf71b10f14859751223d169', 'gameid=1037&userid=11036&md5=27753399344448e06cf71b10f14859751223d169&amount=-0.50&remotetranid=1591&', '2016-10-21 10:34:40', '2016-10-21 12:37:07'),
(154, 11036, 1037, '0.00', 2591, 'betwin', '27753399344448e06cf71b10f14859751223d169', 'gameid=1037&userid=11036&md5=27753399344448e06cf71b10f14859751223d169&amount=0.00&remotetranid=2591&', '2016-10-21 10:34:40', '2016-10-21 12:37:07'),
(155, 11036, 1037, '-0.50', 1592, 'betwin', '27753399344448e06cf71b10f14859751223d169', 'gameid=1037&userid=11036&md5=27753399344448e06cf71b10f14859751223d169&amount=-0.50&remotetranid=1592&', '2016-10-21 10:34:43', '2016-10-21 12:37:07'),
(156, 11036, 1037, '0.28', 2592, 'betwin', '27753399344448e06cf71b10f14859751223d169', 'gameid=1037&userid=11036&md5=27753399344448e06cf71b10f14859751223d169&amount=0.28&remotetranid=2592&', '2016-10-21 10:34:44', '2016-10-21 12:37:07'),
(157, 11036, 1037, '-0.50', 1593, 'betwin', '27753399344448e06cf71b10f14859751223d169', 'gameid=1037&userid=11036&md5=27753399344448e06cf71b10f14859751223d169&amount=-0.50&remotetranid=1593&', '2016-10-21 10:34:48', '2016-10-21 12:37:07'),
(158, 11036, 1037, '0.00', 2593, 'betwin', '27753399344448e06cf71b10f14859751223d169', 'gameid=1037&userid=11036&md5=27753399344448e06cf71b10f14859751223d169&amount=0.00&remotetranid=2593&', '2016-10-21 10:34:48', '2016-10-21 12:37:07'),
(159, 11036, 1037, '-0.50', 1594, 'betwin', '27753399344448e06cf71b10f14859751223d169', 'gameid=1037&userid=11036&md5=27753399344448e06cf71b10f14859751223d169&amount=-0.50&remotetranid=1594&', '2016-10-21 10:34:51', '2016-10-21 12:37:07'),
(160, 11036, 1037, '0.14', 2594, 'betwin', '27753399344448e06cf71b10f14859751223d169', 'gameid=1037&userid=11036&md5=27753399344448e06cf71b10f14859751223d169&amount=0.14&remotetranid=2594&', '2016-10-21 10:34:51', '2016-10-21 12:37:07'),
(161, 11036, 1037, '-0.50', 1595, 'betwin', '27753399344448e06cf71b10f14859751223d169', 'gameid=1037&userid=11036&md5=27753399344448e06cf71b10f14859751223d169&amount=-0.50&remotetranid=1595&', '2016-10-21 10:34:56', '2016-10-21 12:37:07'),
(162, 11036, 1037, '0.00', 2595, 'betwin', '27753399344448e06cf71b10f14859751223d169', 'gameid=1037&userid=11036&md5=27753399344448e06cf71b10f14859751223d169&amount=0.00&remotetranid=2595&', '2016-10-21 10:34:56', '2016-10-21 12:37:07'),
(163, 11036, 1037, '-0.50', 1596, 'betwin', '27753399344448e06cf71b10f14859751223d169', 'gameid=1037&userid=11036&md5=27753399344448e06cf71b10f14859751223d169&amount=-0.50&remotetranid=1596&', '2016-10-21 10:35:00', '2016-10-21 12:37:07'),
(164, 11036, 1037, '0.00', 2596, 'betwin', '27753399344448e06cf71b10f14859751223d169', 'gameid=1037&userid=11036&md5=27753399344448e06cf71b10f14859751223d169&amount=0.00&remotetranid=2596&', '2016-10-21 10:35:00', '2016-10-21 12:37:07'),
(165, 11036, 1037, '-0.50', 1597, 'betwin', '27753399344448e06cf71b10f14859751223d169', 'gameid=1037&userid=11036&md5=27753399344448e06cf71b10f14859751223d169&amount=-0.50&remotetranid=1597&', '2016-10-21 10:35:03', '2016-10-21 12:37:07'),
(166, 11036, 1037, '0.00', 2597, 'betwin', '27753399344448e06cf71b10f14859751223d169', 'gameid=1037&userid=11036&md5=27753399344448e06cf71b10f14859751223d169&amount=0.00&remotetranid=2597&', '2016-10-21 10:35:04', '2016-10-21 12:37:07'),
(167, 11036, 1037, '-0.50', 1598, 'betwin', '27753399344448e06cf71b10f14859751223d169', 'gameid=1037&userid=11036&md5=27753399344448e06cf71b10f14859751223d169&amount=-0.50&remotetranid=1598&', '2016-10-21 10:35:07', '2016-10-21 12:37:07'),
(168, 11036, 1037, '5.50', 2598, 'betwin', '27753399344448e06cf71b10f14859751223d169', 'gameid=1037&userid=11036&md5=27753399344448e06cf71b10f14859751223d169&amount=5.50&remotetranid=2598&', '2016-10-21 10:35:07', '2016-10-21 12:37:07'),
(169, 11036, 2007, '', 0, 'balance', '27753399344448e06cf71b10f14859751223d169', 'userid=11036&gameid=2007&md5=27753399344448e06cf71b10f14859751223d169&', '2016-10-21 10:35:28', '2016-10-21 12:37:07'),
(170, 11036, 2007, '-2.50', 1599, 'betwin', '27753399344448e06cf71b10f14859751223d169', 'gameid=2007&userid=11036&md5=27753399344448e06cf71b10f14859751223d169&amount=-2.50&remotetranid=1599&', '2016-10-21 10:35:34', '2016-10-21 12:37:07'),
(171, 11036, 2007, '0.50', 2599, 'betwin', '27753399344448e06cf71b10f14859751223d169', 'gameid=2007&userid=11036&md5=27753399344448e06cf71b10f14859751223d169&amount=0.50&remotetranid=2599&', '2016-10-21 10:35:34', '2016-10-21 12:37:07'),
(172, 11036, 2007, '-2.50', 1600, 'betwin', '27753399344448e06cf71b10f14859751223d169', 'gameid=2007&userid=11036&md5=27753399344448e06cf71b10f14859751223d169&amount=-2.50&remotetranid=1600&', '2016-10-21 10:35:39', '2016-10-21 12:37:07'),
(173, 11036, 2007, '3.30', 2600, 'betwin', '27753399344448e06cf71b10f14859751223d169', 'gameid=2007&userid=11036&md5=27753399344448e06cf71b10f14859751223d169&amount=3.30&remotetranid=2600&', '2016-10-21 10:35:39', '2016-10-21 12:37:07'),
(174, 11036, 2007, '-2.50', 1601, 'betwin', '27753399344448e06cf71b10f14859751223d169', 'gameid=2007&userid=11036&md5=27753399344448e06cf71b10f14859751223d169&amount=-2.50&remotetranid=1601&', '2016-10-21 10:35:50', '2016-10-21 12:37:07'),
(175, 11036, 2007, '0.50', 2601, 'betwin', '27753399344448e06cf71b10f14859751223d169', 'gameid=2007&userid=11036&md5=27753399344448e06cf71b10f14859751223d169&amount=0.50&remotetranid=2601&', '2016-10-21 10:35:50', '2016-10-21 12:37:07'),
(176, 11036, 2007, '-2.50', 1602, 'betwin', '27753399344448e06cf71b10f14859751223d169', 'gameid=2007&userid=11036&md5=27753399344448e06cf71b10f14859751223d169&amount=-2.50&remotetranid=1602&', '2016-10-21 10:35:55', '2016-10-21 12:37:07'),
(177, 11036, 2007, '5.00', 2602, 'betwin', '27753399344448e06cf71b10f14859751223d169', 'gameid=2007&userid=11036&md5=27753399344448e06cf71b10f14859751223d169&amount=5.00&remotetranid=2602&', '2016-10-21 10:35:55', '2016-10-21 12:37:07'),
(178, 11036, 2007, '-2.50', 1603, 'betwin', '27753399344448e06cf71b10f14859751223d169', 'gameid=2007&userid=11036&md5=27753399344448e06cf71b10f14859751223d169&amount=-2.50&remotetranid=1603&', '2016-10-21 10:36:05', '2016-10-21 12:37:07'),
(179, 11036, 2007, '0.80', 2603, 'betwin', '27753399344448e06cf71b10f14859751223d169', 'gameid=2007&userid=11036&md5=27753399344448e06cf71b10f14859751223d169&amount=0.80&remotetranid=2603&', '2016-10-21 10:36:06', '2016-10-21 12:37:07'),
(180, 11036, 2007, '-2.50', 1604, 'betwin', '27753399344448e06cf71b10f14859751223d169', 'gameid=2007&userid=11036&md5=27753399344448e06cf71b10f14859751223d169&amount=-2.50&remotetranid=1604&', '2016-10-21 10:36:11', '2016-10-21 12:37:07'),
(181, 11036, 2007, '0.00', 2604, 'betwin', '27753399344448e06cf71b10f14859751223d169', 'gameid=2007&userid=11036&md5=27753399344448e06cf71b10f14859751223d169&amount=0.00&remotetranid=2604&', '2016-10-21 10:36:11', '2016-10-21 12:37:07'),
(182, 11036, 2007, '-2.50', 1605, 'betwin', '27753399344448e06cf71b10f14859751223d169', 'gameid=2007&userid=11036&md5=27753399344448e06cf71b10f14859751223d169&amount=-2.50&remotetranid=1605&', '2016-10-21 10:36:14', '2016-10-21 12:37:07'),
(183, 11036, 2007, '0.00', 2605, 'betwin', '27753399344448e06cf71b10f14859751223d169', 'gameid=2007&userid=11036&md5=27753399344448e06cf71b10f14859751223d169&amount=0.00&remotetranid=2605&', '2016-10-21 10:36:15', '2016-10-21 12:37:07'),
(184, 11036, 2007, '-2.50', 1606, 'betwin', '27753399344448e06cf71b10f14859751223d169', 'gameid=2007&userid=11036&md5=27753399344448e06cf71b10f14859751223d169&amount=-2.50&remotetranid=1606&', '2016-10-21 10:36:18', '2016-10-21 12:37:07'),
(185, 11036, 2007, '1.50', 2606, 'betwin', '27753399344448e06cf71b10f14859751223d169', 'gameid=2007&userid=11036&md5=27753399344448e06cf71b10f14859751223d169&amount=1.50&remotetranid=2606&', '2016-10-21 10:36:18', '2016-10-21 12:37:07'),
(186, 11036, 2007, '-2.50', 1607, 'betwin', '27753399344448e06cf71b10f14859751223d169', 'gameid=2007&userid=11036&md5=27753399344448e06cf71b10f14859751223d169&amount=-2.50&remotetranid=1607&', '2016-10-21 10:36:27', '2016-10-21 12:37:07'),
(187, 11036, 2007, '0.00', 2607, 'betwin', '27753399344448e06cf71b10f14859751223d169', 'gameid=2007&userid=11036&md5=27753399344448e06cf71b10f14859751223d169&amount=0.00&remotetranid=2607&', '2016-10-21 10:36:27', '2016-10-21 12:37:07'),
(188, 11036, 2007, '-2.50', 1608, 'betwin', '27753399344448e06cf71b10f14859751223d169', 'gameid=2007&userid=11036&md5=27753399344448e06cf71b10f14859751223d169&amount=-2.50&remotetranid=1608&', '2016-10-21 10:36:30', '2016-10-21 12:37:07'),
(189, 11036, 2007, '17.80', 2608, 'betwin', '27753399344448e06cf71b10f14859751223d169', 'gameid=2007&userid=11036&md5=27753399344448e06cf71b10f14859751223d169&amount=17.80&remotetranid=2608&', '2016-10-21 10:36:30', '2016-10-21 12:37:07'),
(190, 11036, 2007, '-2.50', 1609, 'betwin', '27753399344448e06cf71b10f14859751223d169', 'gameid=2007&userid=11036&md5=27753399344448e06cf71b10f14859751223d169&amount=-2.50&remotetranid=1609&', '2016-10-21 10:37:27', '2016-10-21 12:37:07'),
(191, 11036, 2007, '1.30', 2609, 'betwin', '27753399344448e06cf71b10f14859751223d169', 'gameid=2007&userid=11036&md5=27753399344448e06cf71b10f14859751223d169&amount=1.30&remotetranid=2609&', '2016-10-21 10:37:27', '2016-10-21 12:37:07'),
(192, 11036, 2007, '-2.50', 1610, 'betwin', '27753399344448e06cf71b10f14859751223d169', 'gameid=2007&userid=11036&md5=27753399344448e06cf71b10f14859751223d169&amount=-2.50&remotetranid=1610&', '2016-10-21 10:37:34', '2016-10-21 12:37:07'),
(193, 11036, 2007, '0.00', 2610, 'betwin', '27753399344448e06cf71b10f14859751223d169', 'gameid=2007&userid=11036&md5=27753399344448e06cf71b10f14859751223d169&amount=0.00&remotetranid=2610&', '2016-10-21 10:37:35', '2016-10-21 12:37:07'),
(194, 11036, 2007, '-2.50', 1611, 'betwin', '27753399344448e06cf71b10f14859751223d169', 'gameid=2007&userid=11036&md5=27753399344448e06cf71b10f14859751223d169&amount=-2.50&remotetranid=1611&', '2016-10-21 10:37:38', '2016-10-21 12:37:07'),
(195, 11036, 2007, '30.50', 2611, 'betwin', '27753399344448e06cf71b10f14859751223d169', 'gameid=2007&userid=11036&md5=27753399344448e06cf71b10f14859751223d169&amount=30.50&remotetranid=2611&', '2016-10-21 10:37:38', '2016-10-21 12:37:07'),
(196, 11036, 2007, '-2.50', 1612, 'betwin', '27753399344448e06cf71b10f14859751223d169', 'gameid=2007&userid=11036&md5=27753399344448e06cf71b10f14859751223d169&amount=-2.50&remotetranid=1612&', '2016-10-21 10:43:43', '2016-10-21 12:37:07'),
(197, 11036, 2007, '0.00', 2612, 'betwin', '27753399344448e06cf71b10f14859751223d169', 'gameid=2007&userid=11036&md5=27753399344448e06cf71b10f14859751223d169&amount=0.00&remotetranid=2612&', '2016-10-21 10:43:43', '2016-10-21 12:37:07'),
(198, 11036, 2007, '-2.50', 1613, 'betwin', '27753399344448e06cf71b10f14859751223d169', 'gameid=2007&userid=11036&md5=27753399344448e06cf71b10f14859751223d169&amount=-2.50&remotetranid=1613&', '2016-10-21 10:43:46', '2016-10-21 12:37:07'),
(199, 11036, 2007, '0.00', 2613, 'betwin', '27753399344448e06cf71b10f14859751223d169', 'gameid=2007&userid=11036&md5=27753399344448e06cf71b10f14859751223d169&amount=0.00&remotetranid=2613&', '2016-10-21 10:43:47', '2016-10-21 12:37:07'),
(200, 11036, 2007, '-2.50', 1614, 'betwin', '27753399344448e06cf71b10f14859751223d169', 'gameid=2007&userid=11036&md5=27753399344448e06cf71b10f14859751223d169&amount=-2.50&remotetranid=1614&', '2016-10-21 10:43:50', '2016-10-21 12:37:07'),
(201, 11036, 2007, '0.00', 2614, 'betwin', '27753399344448e06cf71b10f14859751223d169', 'gameid=2007&userid=11036&md5=27753399344448e06cf71b10f14859751223d169&amount=0.00&remotetranid=2614&', '2016-10-21 10:43:50', '2016-10-21 12:37:07'),
(202, 11036, 2007, '-2.50', 1615, 'betwin', '27753399344448e06cf71b10f14859751223d169', 'gameid=2007&userid=11036&md5=27753399344448e06cf71b10f14859751223d169&amount=-2.50&remotetranid=1615&', '2016-10-21 10:43:53', '2016-10-21 12:37:07'),
(203, 11036, 2007, '10.10', 2615, 'betwin', '27753399344448e06cf71b10f14859751223d169', 'gameid=2007&userid=11036&md5=27753399344448e06cf71b10f14859751223d169&amount=10.10&remotetranid=2615&', '2016-10-21 10:43:53', '2016-10-21 12:37:07'),
(204, 11036, 2007, '-2.50', 1616, 'betwin', '27753399344448e06cf71b10f14859751223d169', 'gameid=2007&userid=11036&md5=27753399344448e06cf71b10f14859751223d169&amount=-2.50&remotetranid=1616&', '2016-10-21 10:44:22', '2016-10-21 12:37:07'),
(205, 11036, 2007, '18.40', 2616, 'betwin', '27753399344448e06cf71b10f14859751223d169', 'gameid=2007&userid=11036&md5=27753399344448e06cf71b10f14859751223d169&amount=18.40&remotetranid=2616&', '2016-10-21 10:44:22', '2016-10-21 12:37:07'),
(206, 11036, 2007, '-2.50', 1617, 'betwin', '27753399344448e06cf71b10f14859751223d169', 'gameid=2007&userid=11036&md5=27753399344448e06cf71b10f14859751223d169&amount=-2.50&remotetranid=1617&', '2016-10-21 10:44:52', '2016-10-21 12:37:07'),
(207, 11036, 2007, '0.00', 2617, 'betwin', '27753399344448e06cf71b10f14859751223d169', 'gameid=2007&userid=11036&md5=27753399344448e06cf71b10f14859751223d169&amount=0.00&remotetranid=2617&', '2016-10-21 10:44:53', '2016-10-21 12:37:07'),
(208, 11036, 2007, '-2.50', 1618, 'betwin', '27753399344448e06cf71b10f14859751223d169', 'gameid=2007&userid=11036&md5=27753399344448e06cf71b10f14859751223d169&amount=-2.50&remotetranid=1618&', '2016-10-21 10:45:03', '2016-10-21 12:37:07'),
(209, 11036, 2007, '1.00', 2618, 'betwin', '27753399344448e06cf71b10f14859751223d169', 'gameid=2007&userid=11036&md5=27753399344448e06cf71b10f14859751223d169&amount=1.00&remotetranid=2618&', '2016-10-21 10:45:03', '2016-10-21 12:37:07'),
(210, 11036, 2007, '-2.50', 1619, 'betwin', '27753399344448e06cf71b10f14859751223d169', 'gameid=2007&userid=11036&md5=27753399344448e06cf71b10f14859751223d169&amount=-2.50&remotetranid=1619&', '2016-10-21 10:45:10', '2016-10-21 12:37:07'),
(211, 11036, 2007, '0.00', 2619, 'betwin', '27753399344448e06cf71b10f14859751223d169', 'gameid=2007&userid=11036&md5=27753399344448e06cf71b10f14859751223d169&amount=0.00&remotetranid=2619&', '2016-10-21 10:45:10', '2016-10-21 12:37:07');
INSERT INTO `gaming1x2_request` (`id`, `user_id`, `game_id`, `amount`, `remotetranid`, `action`, `md5`, `request_url`, `created_at`, `updated_at`) VALUES
(212, 11036, 2007, '-2.50', 1620, 'betwin', '27753399344448e06cf71b10f14859751223d169', 'gameid=2007&userid=11036&md5=27753399344448e06cf71b10f14859751223d169&amount=-2.50&remotetranid=1620&', '2016-10-21 10:45:13', '2016-10-21 12:37:07'),
(213, 11036, 2007, '32.50', 2620, 'betwin', '27753399344448e06cf71b10f14859751223d169', 'gameid=2007&userid=11036&md5=27753399344448e06cf71b10f14859751223d169&amount=32.50&remotetranid=2620&', '2016-10-21 10:45:14', '2016-10-21 12:37:07'),
(214, 11036, 2007, '-2.50', 1621, 'betwin', '27753399344448e06cf71b10f14859751223d169', 'gameid=2007&userid=11036&md5=27753399344448e06cf71b10f14859751223d169&amount=-2.50&remotetranid=1621&', '2016-10-21 10:45:37', '2016-10-21 12:37:07'),
(215, 11036, 2007, '5.00', 2621, 'betwin', '27753399344448e06cf71b10f14859751223d169', 'gameid=2007&userid=11036&md5=27753399344448e06cf71b10f14859751223d169&amount=5.00&remotetranid=2621&', '2016-10-21 10:45:37', '2016-10-21 12:37:07'),
(216, 11036, 2007, '-2.50', 1622, 'betwin', '27753399344448e06cf71b10f14859751223d169', 'gameid=2007&userid=11036&md5=27753399344448e06cf71b10f14859751223d169&amount=-2.50&remotetranid=1622&', '2016-10-21 10:45:44', '2016-10-21 12:37:07'),
(217, 11036, 2007, '0.00', 2622, 'betwin', '27753399344448e06cf71b10f14859751223d169', 'gameid=2007&userid=11036&md5=27753399344448e06cf71b10f14859751223d169&amount=0.00&remotetranid=2622&', '2016-10-21 10:45:44', '2016-10-21 12:37:07'),
(218, 11036, 2007, '-2.50', 1623, 'betwin', '27753399344448e06cf71b10f14859751223d169', 'gameid=2007&userid=11036&md5=27753399344448e06cf71b10f14859751223d169&amount=-2.50&remotetranid=1623&', '2016-10-21 10:45:47', '2016-10-21 12:37:07'),
(219, 11036, 2007, '3.50', 2623, 'betwin', '27753399344448e06cf71b10f14859751223d169', 'gameid=2007&userid=11036&md5=27753399344448e06cf71b10f14859751223d169&amount=3.50&remotetranid=2623&', '2016-10-21 10:45:47', '2016-10-21 12:37:07'),
(220, 11036, 2007, '-2.50', 1624, 'betwin', '27753399344448e06cf71b10f14859751223d169', 'gameid=2007&userid=11036&md5=27753399344448e06cf71b10f14859751223d169&amount=-2.50&remotetranid=1624&', '2016-10-21 10:46:03', '2016-10-21 12:37:07'),
(221, 11036, 2007, '0.00', 2624, 'betwin', '27753399344448e06cf71b10f14859751223d169', 'gameid=2007&userid=11036&md5=27753399344448e06cf71b10f14859751223d169&amount=0.00&remotetranid=2624&', '2016-10-21 10:46:04', '2016-10-21 12:37:07'),
(222, 11036, 2007, '-2.50', 1625, 'betwin', '27753399344448e06cf71b10f14859751223d169', 'gameid=2007&userid=11036&md5=27753399344448e06cf71b10f14859751223d169&amount=-2.50&remotetranid=1625&', '2016-10-21 10:46:07', '2016-10-21 12:37:07'),
(223, 11036, 2007, '0.00', 2625, 'betwin', '27753399344448e06cf71b10f14859751223d169', 'gameid=2007&userid=11036&md5=27753399344448e06cf71b10f14859751223d169&amount=0.00&remotetranid=2625&', '2016-10-21 10:46:07', '2016-10-21 12:37:07'),
(224, 11036, 2007, '-2.50', 1626, 'betwin', '27753399344448e06cf71b10f14859751223d169', 'gameid=2007&userid=11036&md5=27753399344448e06cf71b10f14859751223d169&amount=-2.50&remotetranid=1626&', '2016-10-21 10:46:10', '2016-10-21 12:37:07'),
(225, 11036, 2007, '0.80', 2626, 'betwin', '27753399344448e06cf71b10f14859751223d169', 'gameid=2007&userid=11036&md5=27753399344448e06cf71b10f14859751223d169&amount=0.80&remotetranid=2626&', '2016-10-21 10:46:10', '2016-10-21 12:37:07'),
(226, 11036, 2007, '-2.50', 1627, 'betwin', '27753399344448e06cf71b10f14859751223d169', 'gameid=2007&userid=11036&md5=27753399344448e06cf71b10f14859751223d169&amount=-2.50&remotetranid=1627&', '2016-10-21 10:46:15', '2016-10-21 12:37:07'),
(227, 11036, 2007, '1.50', 2627, 'betwin', '27753399344448e06cf71b10f14859751223d169', 'gameid=2007&userid=11036&md5=27753399344448e06cf71b10f14859751223d169&amount=1.50&remotetranid=2627&', '2016-10-21 10:46:16', '2016-10-21 12:37:07'),
(228, 11036, 2007, '-2.50', 1628, 'betwin', '27753399344448e06cf71b10f14859751223d169', 'gameid=2007&userid=11036&md5=27753399344448e06cf71b10f14859751223d169&amount=-2.50&remotetranid=1628&', '2016-10-21 10:46:21', '2016-10-21 12:37:07'),
(229, 11036, 2007, '12.00', 2628, 'betwin', '27753399344448e06cf71b10f14859751223d169', 'gameid=2007&userid=11036&md5=27753399344448e06cf71b10f14859751223d169&amount=12.00&remotetranid=2628&', '2016-10-21 10:46:21', '2016-10-21 12:37:07'),
(230, 11036, 2007, '-2.50', 1629, 'betwin', '27753399344448e06cf71b10f14859751223d169', 'gameid=2007&userid=11036&md5=27753399344448e06cf71b10f14859751223d169&amount=-2.50&remotetranid=1629&', '2016-10-21 10:46:26', '2016-10-21 12:37:07'),
(231, 11036, 2007, '0.50', 2629, 'betwin', '27753399344448e06cf71b10f14859751223d169', 'gameid=2007&userid=11036&md5=27753399344448e06cf71b10f14859751223d169&amount=0.50&remotetranid=2629&', '2016-10-21 10:46:26', '2016-10-21 12:37:07'),
(232, 11036, 2007, '-2.50', 1630, 'betwin', '27753399344448e06cf71b10f14859751223d169', 'gameid=2007&userid=11036&md5=27753399344448e06cf71b10f14859751223d169&amount=-2.50&remotetranid=1630&', '2016-10-21 10:46:31', '2016-10-21 12:37:07'),
(233, 11036, 2007, '0.00', 2630, 'betwin', '27753399344448e06cf71b10f14859751223d169', 'gameid=2007&userid=11036&md5=27753399344448e06cf71b10f14859751223d169&amount=0.00&remotetranid=2630&', '2016-10-21 10:46:31', '2016-10-21 12:37:07'),
(234, 11036, 2007, '-2.50', 1631, 'betwin', '27753399344448e06cf71b10f14859751223d169', 'gameid=2007&userid=11036&md5=27753399344448e06cf71b10f14859751223d169&amount=-2.50&remotetranid=1631&', '2016-10-21 10:46:34', '2016-10-21 12:37:07'),
(235, 11036, 2007, '2.00', 2631, 'betwin', '27753399344448e06cf71b10f14859751223d169', 'gameid=2007&userid=11036&md5=27753399344448e06cf71b10f14859751223d169&amount=2.00&remotetranid=2631&', '2016-10-21 10:46:34', '2016-10-21 12:37:07'),
(236, 11036, 2007, '-2.50', 1632, 'betwin', '27753399344448e06cf71b10f14859751223d169', 'gameid=2007&userid=11036&md5=27753399344448e06cf71b10f14859751223d169&amount=-2.50&remotetranid=1632&', '2016-10-21 10:46:41', '2016-10-21 12:37:07'),
(237, 11036, 2007, '0.00', 2632, 'betwin', '27753399344448e06cf71b10f14859751223d169', 'gameid=2007&userid=11036&md5=27753399344448e06cf71b10f14859751223d169&amount=0.00&remotetranid=2632&', '2016-10-21 10:46:41', '2016-10-21 12:37:07'),
(238, 11036, 2007, '-2.50', 1633, 'betwin', '27753399344448e06cf71b10f14859751223d169', 'gameid=2007&userid=11036&md5=27753399344448e06cf71b10f14859751223d169&amount=-2.50&remotetranid=1633&', '2016-10-21 10:46:48', '2016-10-21 12:37:07'),
(239, 11036, 2007, '0.00', 2633, 'betwin', '27753399344448e06cf71b10f14859751223d169', 'gameid=2007&userid=11036&md5=27753399344448e06cf71b10f14859751223d169&amount=0.00&remotetranid=2633&', '2016-10-21 10:46:49', '2016-10-21 12:37:07'),
(240, 11036, 2007, '-2.50', 1634, 'betwin', '27753399344448e06cf71b10f14859751223d169', 'gameid=2007&userid=11036&md5=27753399344448e06cf71b10f14859751223d169&amount=-2.50&remotetranid=1634&', '2016-10-21 10:46:52', '2016-10-21 12:37:07'),
(241, 11036, 2007, '0.00', 2634, 'betwin', '27753399344448e06cf71b10f14859751223d169', 'gameid=2007&userid=11036&md5=27753399344448e06cf71b10f14859751223d169&amount=0.00&remotetranid=2634&', '2016-10-21 10:46:52', '2016-10-21 12:37:07'),
(242, 11036, 2007, '-2.50', 1635, 'betwin', '27753399344448e06cf71b10f14859751223d169', 'gameid=2007&userid=11036&md5=27753399344448e06cf71b10f14859751223d169&amount=-2.50&remotetranid=1635&', '2016-10-21 10:46:55', '2016-10-21 12:37:07'),
(243, 11036, 2007, '2.00', 2635, 'betwin', '27753399344448e06cf71b10f14859751223d169', 'gameid=2007&userid=11036&md5=27753399344448e06cf71b10f14859751223d169&amount=2.00&remotetranid=2635&', '2016-10-21 10:46:56', '2016-10-21 12:37:07'),
(244, 11036, 2007, '-2.50', 1636, 'betwin', '27753399344448e06cf71b10f14859751223d169', 'gameid=2007&userid=11036&md5=27753399344448e06cf71b10f14859751223d169&amount=-2.50&remotetranid=1636&', '2016-10-21 10:47:02', '2016-10-21 12:37:07'),
(245, 11036, 2007, '2.20', 2636, 'betwin', '27753399344448e06cf71b10f14859751223d169', 'gameid=2007&userid=11036&md5=27753399344448e06cf71b10f14859751223d169&amount=2.20&remotetranid=2636&', '2016-10-21 10:47:03', '2016-10-21 12:37:07'),
(246, 11036, 2007, '-2.50', 1637, 'betwin', '27753399344448e06cf71b10f14859751223d169', 'gameid=2007&userid=11036&md5=27753399344448e06cf71b10f14859751223d169&amount=-2.50&remotetranid=1637&', '2016-10-21 10:47:07', '2016-10-21 12:37:07'),
(247, 11036, 2007, '0.00', 2637, 'betwin', '27753399344448e06cf71b10f14859751223d169', 'gameid=2007&userid=11036&md5=27753399344448e06cf71b10f14859751223d169&amount=0.00&remotetranid=2637&', '2016-10-21 10:47:08', '2016-10-21 12:37:07'),
(248, 11036, 2007, '-2.50', 1638, 'betwin', '27753399344448e06cf71b10f14859751223d169', 'gameid=2007&userid=11036&md5=27753399344448e06cf71b10f14859751223d169&amount=-2.50&remotetranid=1638&', '2016-10-21 10:47:14', '2016-10-21 12:37:07'),
(249, 11036, 2007, '0.00', 2638, 'betwin', '27753399344448e06cf71b10f14859751223d169', 'gameid=2007&userid=11036&md5=27753399344448e06cf71b10f14859751223d169&amount=0.00&remotetranid=2638&', '2016-10-21 10:47:15', '2016-10-21 12:37:07'),
(250, 11036, 2007, '-2.50', 1639, 'betwin', '27753399344448e06cf71b10f14859751223d169', 'gameid=2007&userid=11036&md5=27753399344448e06cf71b10f14859751223d169&amount=-2.50&remotetranid=1639&', '2016-10-21 10:47:22', '2016-10-21 12:37:07'),
(251, 11036, 2007, '1.30', 2639, 'betwin', '27753399344448e06cf71b10f14859751223d169', 'gameid=2007&userid=11036&md5=27753399344448e06cf71b10f14859751223d169&amount=1.30&remotetranid=2639&', '2016-10-21 10:47:22', '2016-10-21 12:37:07'),
(252, 11036, 2007, '-2.50', 1640, 'betwin', '27753399344448e06cf71b10f14859751223d169', 'gameid=2007&userid=11036&md5=27753399344448e06cf71b10f14859751223d169&amount=-2.50&remotetranid=1640&', '2016-10-21 10:47:32', '2016-10-21 12:37:07'),
(253, 11036, 2007, '0.50', 2640, 'betwin', '27753399344448e06cf71b10f14859751223d169', 'gameid=2007&userid=11036&md5=27753399344448e06cf71b10f14859751223d169&amount=0.50&remotetranid=2640&', '2016-10-21 10:47:32', '2016-10-21 12:37:07'),
(254, 11036, 2007, '-2.50', 1641, 'betwin', '27753399344448e06cf71b10f14859751223d169', 'gameid=2007&userid=11036&md5=27753399344448e06cf71b10f14859751223d169&amount=-2.50&remotetranid=1641&', '2016-10-21 10:47:37', '2016-10-21 12:37:07'),
(255, 11036, 2007, '0.50', 2641, 'betwin', '27753399344448e06cf71b10f14859751223d169', 'gameid=2007&userid=11036&md5=27753399344448e06cf71b10f14859751223d169&amount=0.50&remotetranid=2641&', '2016-10-21 10:47:38', '2016-10-21 12:37:07'),
(256, 11036, 2007, '-2.50', 1642, 'betwin', '27753399344448e06cf71b10f14859751223d169', 'gameid=2007&userid=11036&md5=27753399344448e06cf71b10f14859751223d169&amount=-2.50&remotetranid=1642&', '2016-10-21 10:47:46', '2016-10-21 12:37:07'),
(257, 11036, 2007, '0.50', 2642, 'betwin', '27753399344448e06cf71b10f14859751223d169', 'gameid=2007&userid=11036&md5=27753399344448e06cf71b10f14859751223d169&amount=0.50&remotetranid=2642&', '2016-10-21 10:47:47', '2016-10-21 12:37:07'),
(258, 11036, 2007, '-2.50', 1643, 'betwin', '27753399344448e06cf71b10f14859751223d169', 'gameid=2007&userid=11036&md5=27753399344448e06cf71b10f14859751223d169&amount=-2.50&remotetranid=1643&', '2016-10-21 10:47:52', '2016-10-21 12:37:07'),
(259, 11036, 2007, '2.00', 2643, 'betwin', '27753399344448e06cf71b10f14859751223d169', 'gameid=2007&userid=11036&md5=27753399344448e06cf71b10f14859751223d169&amount=2.00&remotetranid=2643&', '2016-10-21 10:47:52', '2016-10-21 12:37:07'),
(260, 11036, 2007, '-2.50', 1644, 'betwin', '27753399344448e06cf71b10f14859751223d169', 'gameid=2007&userid=11036&md5=27753399344448e06cf71b10f14859751223d169&amount=-2.50&remotetranid=1644&', '2016-10-21 10:48:02', '2016-10-21 12:37:07'),
(261, 11036, 2007, '0.00', 2644, 'betwin', '27753399344448e06cf71b10f14859751223d169', 'gameid=2007&userid=11036&md5=27753399344448e06cf71b10f14859751223d169&amount=0.00&remotetranid=2644&', '2016-10-21 10:48:02', '2016-10-21 12:37:07'),
(262, 11036, 2007, '-2.50', 1645, 'betwin', '27753399344448e06cf71b10f14859751223d169', 'gameid=2007&userid=11036&md5=27753399344448e06cf71b10f14859751223d169&amount=-2.50&remotetranid=1645&', '2016-10-21 10:48:06', '2016-10-21 12:37:07'),
(263, 11036, 2007, '0.00', 2645, 'betwin', '27753399344448e06cf71b10f14859751223d169', 'gameid=2007&userid=11036&md5=27753399344448e06cf71b10f14859751223d169&amount=0.00&remotetranid=2645&', '2016-10-21 10:48:06', '2016-10-21 12:37:07'),
(264, 11036, 2007, '-2.50', 1646, 'betwin', '27753399344448e06cf71b10f14859751223d169', 'gameid=2007&userid=11036&md5=27753399344448e06cf71b10f14859751223d169&amount=-2.50&remotetranid=1646&', '2016-10-21 10:48:13', '2016-10-21 12:37:07'),
(265, 11036, 2007, '0.50', 2646, 'betwin', '27753399344448e06cf71b10f14859751223d169', 'gameid=2007&userid=11036&md5=27753399344448e06cf71b10f14859751223d169&amount=0.50&remotetranid=2646&', '2016-10-21 10:48:13', '2016-10-21 12:37:07'),
(266, 11036, 2007, '-2.50', 1647, 'betwin', '27753399344448e06cf71b10f14859751223d169', 'gameid=2007&userid=11036&md5=27753399344448e06cf71b10f14859751223d169&amount=-2.50&remotetranid=1647&', '2016-10-21 10:48:18', '2016-10-21 12:37:07'),
(267, 11036, 2007, '1.50', 2647, 'betwin', '27753399344448e06cf71b10f14859751223d169', 'gameid=2007&userid=11036&md5=27753399344448e06cf71b10f14859751223d169&amount=1.50&remotetranid=2647&', '2016-10-21 10:48:18', '2016-10-21 12:37:07'),
(268, 11036, 2007, '-2.50', 1648, 'betwin', '27753399344448e06cf71b10f14859751223d169', 'gameid=2007&userid=11036&md5=27753399344448e06cf71b10f14859751223d169&amount=-2.50&remotetranid=1648&', '2016-10-21 10:48:31', '2016-10-21 12:37:07'),
(269, 11036, 2007, '0.00', 2648, 'betwin', '27753399344448e06cf71b10f14859751223d169', 'gameid=2007&userid=11036&md5=27753399344448e06cf71b10f14859751223d169&amount=0.00&remotetranid=2648&', '2016-10-21 10:48:31', '2016-10-21 12:37:07'),
(270, 11036, 2007, '-2.50', 1649, 'betwin', '27753399344448e06cf71b10f14859751223d169', 'gameid=2007&userid=11036&md5=27753399344448e06cf71b10f14859751223d169&amount=-2.50&remotetranid=1649&', '2016-10-21 10:48:34', '2016-10-21 12:37:07'),
(271, 11036, 2007, '0.00', 2649, 'betwin', '27753399344448e06cf71b10f14859751223d169', 'gameid=2007&userid=11036&md5=27753399344448e06cf71b10f14859751223d169&amount=0.00&remotetranid=2649&', '2016-10-21 10:48:34', '2016-10-21 12:37:07'),
(272, 11036, 2007, '-2.50', 1650, 'betwin', '27753399344448e06cf71b10f14859751223d169', 'gameid=2007&userid=11036&md5=27753399344448e06cf71b10f14859751223d169&amount=-2.50&remotetranid=1650&', '2016-10-21 10:48:37', '2016-10-21 12:37:07'),
(273, 11036, 2007, '0.00', 2650, 'betwin', '27753399344448e06cf71b10f14859751223d169', 'gameid=2007&userid=11036&md5=27753399344448e06cf71b10f14859751223d169&amount=0.00&remotetranid=2650&', '2016-10-21 10:48:38', '2016-10-21 12:37:07'),
(274, 11036, 2007, '-2.50', 1651, 'betwin', '27753399344448e06cf71b10f14859751223d169', 'gameid=2007&userid=11036&md5=27753399344448e06cf71b10f14859751223d169&amount=-2.50&remotetranid=1651&', '2016-10-21 10:48:41', '2016-10-21 12:37:07'),
(275, 11036, 2007, '0.00', 2651, 'betwin', '27753399344448e06cf71b10f14859751223d169', 'gameid=2007&userid=11036&md5=27753399344448e06cf71b10f14859751223d169&amount=0.00&remotetranid=2651&', '2016-10-21 10:48:41', '2016-10-21 12:37:07'),
(276, 11036, 2007, '-2.50', 1652, 'betwin', '27753399344448e06cf71b10f14859751223d169', 'gameid=2007&userid=11036&md5=27753399344448e06cf71b10f14859751223d169&amount=-2.50&remotetranid=1652&', '2016-10-21 10:48:45', '2016-10-21 12:37:07'),
(277, 11036, 2007, '2.40', 2652, 'betwin', '27753399344448e06cf71b10f14859751223d169', 'gameid=2007&userid=11036&md5=27753399344448e06cf71b10f14859751223d169&amount=2.40&remotetranid=2652&', '2016-10-21 10:48:45', '2016-10-21 12:37:07'),
(278, 11036, 2007, '-2.50', 1653, 'betwin', '27753399344448e06cf71b10f14859751223d169', 'gameid=2007&userid=11036&md5=27753399344448e06cf71b10f14859751223d169&amount=-2.50&remotetranid=1653&', '2016-10-21 10:48:50', '2016-10-21 12:37:07'),
(279, 11036, 2007, '0.00', 2653, 'betwin', '27753399344448e06cf71b10f14859751223d169', 'gameid=2007&userid=11036&md5=27753399344448e06cf71b10f14859751223d169&amount=0.00&remotetranid=2653&', '2016-10-21 10:48:50', '2016-10-21 12:37:07'),
(280, 11036, 2007, '-2.50', 1654, 'betwin', '27753399344448e06cf71b10f14859751223d169', 'gameid=2007&userid=11036&md5=27753399344448e06cf71b10f14859751223d169&amount=-2.50&remotetranid=1654&', '2016-10-21 10:48:53', '2016-10-21 12:37:07'),
(281, 11036, 2007, '1.00', 2654, 'betwin', '27753399344448e06cf71b10f14859751223d169', 'gameid=2007&userid=11036&md5=27753399344448e06cf71b10f14859751223d169&amount=1.00&remotetranid=2654&', '2016-10-21 10:48:53', '2016-10-21 12:37:07'),
(282, 11036, 2007, '-2.50', 1655, 'betwin', '27753399344448e06cf71b10f14859751223d169', 'gameid=2007&userid=11036&md5=27753399344448e06cf71b10f14859751223d169&amount=-2.50&remotetranid=1655&', '2016-10-21 10:49:00', '2016-10-21 12:37:07'),
(283, 11036, 2007, '0.80', 2655, 'betwin', '27753399344448e06cf71b10f14859751223d169', 'gameid=2007&userid=11036&md5=27753399344448e06cf71b10f14859751223d169&amount=0.80&remotetranid=2655&', '2016-10-21 10:49:01', '2016-10-21 12:37:07'),
(284, 11036, 2007, '-2.50', 1656, 'betwin', '27753399344448e06cf71b10f14859751223d169', 'gameid=2007&userid=11036&md5=27753399344448e06cf71b10f14859751223d169&amount=-2.50&remotetranid=1656&', '2016-10-21 10:49:06', '2016-10-21 12:37:07'),
(285, 11036, 2007, '0.00', 2656, 'betwin', '27753399344448e06cf71b10f14859751223d169', 'gameid=2007&userid=11036&md5=27753399344448e06cf71b10f14859751223d169&amount=0.00&remotetranid=2656&', '2016-10-21 10:49:06', '2016-10-21 12:37:07'),
(286, 11036, 2007, '-2.50', 1657, 'betwin', '27753399344448e06cf71b10f14859751223d169', 'gameid=2007&userid=11036&md5=27753399344448e06cf71b10f14859751223d169&amount=-2.50&remotetranid=1657&', '2016-10-21 10:49:09', '2016-10-21 12:37:07'),
(287, 11036, 2007, '0.00', 2657, 'betwin', '27753399344448e06cf71b10f14859751223d169', 'gameid=2007&userid=11036&md5=27753399344448e06cf71b10f14859751223d169&amount=0.00&remotetranid=2657&', '2016-10-21 10:49:10', '2016-10-21 12:37:07'),
(288, 11036, 2007, '-2.50', 1658, 'betwin', '27753399344448e06cf71b10f14859751223d169', 'gameid=2007&userid=11036&md5=27753399344448e06cf71b10f14859751223d169&amount=-2.50&remotetranid=1658&', '2016-10-21 10:49:13', '2016-10-21 12:37:07'),
(289, 11036, 2007, '1.00', 2658, 'betwin', '27753399344448e06cf71b10f14859751223d169', 'gameid=2007&userid=11036&md5=27753399344448e06cf71b10f14859751223d169&amount=1.00&remotetranid=2658&', '2016-10-21 10:49:13', '2016-10-21 12:37:07'),
(290, 11036, 2007, '-2.50', 1659, 'betwin', '27753399344448e06cf71b10f14859751223d169', 'gameid=2007&userid=11036&md5=27753399344448e06cf71b10f14859751223d169&amount=-2.50&remotetranid=1659&', '2016-10-21 10:49:24', '2016-10-21 12:37:07'),
(291, 11036, 2007, '0.00', 2659, 'betwin', '27753399344448e06cf71b10f14859751223d169', 'gameid=2007&userid=11036&md5=27753399344448e06cf71b10f14859751223d169&amount=0.00&remotetranid=2659&', '2016-10-21 10:49:24', '2016-10-21 12:37:07'),
(292, 11036, 2007, '-2.50', 1660, 'betwin', '27753399344448e06cf71b10f14859751223d169', 'gameid=2007&userid=11036&md5=27753399344448e06cf71b10f14859751223d169&amount=-2.50&remotetranid=1660&', '2016-10-21 10:49:31', '2016-10-21 12:37:07'),
(293, 11036, 2007, '2.40', 2660, 'betwin', '27753399344448e06cf71b10f14859751223d169', 'gameid=2007&userid=11036&md5=27753399344448e06cf71b10f14859751223d169&amount=2.40&remotetranid=2660&', '2016-10-21 10:49:31', '2016-10-21 12:37:07'),
(294, 11036, 2007, '-2.50', 1661, 'betwin', '27753399344448e06cf71b10f14859751223d169', 'gameid=2007&userid=11036&md5=27753399344448e06cf71b10f14859751223d169&amount=-2.50&remotetranid=1661&', '2016-10-21 10:49:36', '2016-10-21 12:37:07'),
(295, 11036, 2007, '0.00', 2661, 'betwin', '27753399344448e06cf71b10f14859751223d169', 'gameid=2007&userid=11036&md5=27753399344448e06cf71b10f14859751223d169&amount=0.00&remotetranid=2661&', '2016-10-21 10:49:36', '2016-10-21 12:37:07'),
(296, 11036, 2007, '-2.50', 1662, 'betwin', '27753399344448e06cf71b10f14859751223d169', 'gameid=2007&userid=11036&md5=27753399344448e06cf71b10f14859751223d169&amount=-2.50&remotetranid=1662&', '2016-10-21 10:49:40', '2016-10-21 12:37:07'),
(297, 11036, 2007, '2.90', 2662, 'betwin', '27753399344448e06cf71b10f14859751223d169', 'gameid=2007&userid=11036&md5=27753399344448e06cf71b10f14859751223d169&amount=2.90&remotetranid=2662&', '2016-10-21 10:49:40', '2016-10-21 12:37:07'),
(298, 11036, 2007, '-2.50', 1663, 'betwin', '27753399344448e06cf71b10f14859751223d169', 'gameid=2007&userid=11036&md5=27753399344448e06cf71b10f14859751223d169&amount=-2.50&remotetranid=1663&', '2016-10-21 10:49:47', '2016-10-21 12:37:07'),
(299, 11036, 2007, '0.50', 2663, 'betwin', '27753399344448e06cf71b10f14859751223d169', 'gameid=2007&userid=11036&md5=27753399344448e06cf71b10f14859751223d169&amount=0.50&remotetranid=2663&', '2016-10-21 10:49:47', '2016-10-21 12:37:07'),
(300, 11036, 2007, '-2.50', 1664, 'betwin', '27753399344448e06cf71b10f14859751223d169', 'gameid=2007&userid=11036&md5=27753399344448e06cf71b10f14859751223d169&amount=-2.50&remotetranid=1664&', '2016-10-21 10:49:52', '2016-10-21 12:37:07'),
(301, 11036, 2007, '2.50', 2664, 'betwin', '27753399344448e06cf71b10f14859751223d169', 'gameid=2007&userid=11036&md5=27753399344448e06cf71b10f14859751223d169&amount=2.50&remotetranid=2664&', '2016-10-21 10:49:53', '2016-10-21 12:37:07'),
(302, 11036, 2007, '-2.50', 1665, 'betwin', '27753399344448e06cf71b10f14859751223d169', 'gameid=2007&userid=11036&md5=27753399344448e06cf71b10f14859751223d169&amount=-2.50&remotetranid=1665&', '2016-10-21 10:50:01', '2016-10-21 12:37:07'),
(303, 11036, 2007, '4.90', 2665, 'betwin', '27753399344448e06cf71b10f14859751223d169', 'gameid=2007&userid=11036&md5=27753399344448e06cf71b10f14859751223d169&amount=4.90&remotetranid=2665&', '2016-10-21 10:50:02', '2016-10-21 12:37:08'),
(304, 11036, 2007, '-2.50', 1666, 'betwin', '27753399344448e06cf71b10f14859751223d169', 'gameid=2007&userid=11036&md5=27753399344448e06cf71b10f14859751223d169&amount=-2.50&remotetranid=1666&', '2016-10-21 10:50:09', '2016-10-21 12:37:08'),
(305, 11036, 2007, '0.00', 2666, 'betwin', '27753399344448e06cf71b10f14859751223d169', 'gameid=2007&userid=11036&md5=27753399344448e06cf71b10f14859751223d169&amount=0.00&remotetranid=2666&', '2016-10-21 10:50:09', '2016-10-21 12:37:08'),
(306, 11036, 2007, '-2.50', 1667, 'betwin', '27753399344448e06cf71b10f14859751223d169', 'gameid=2007&userid=11036&md5=27753399344448e06cf71b10f14859751223d169&amount=-2.50&remotetranid=1667&', '2016-10-21 10:50:12', '2016-10-21 12:37:08'),
(307, 11036, 2007, '1.00', 2667, 'betwin', '27753399344448e06cf71b10f14859751223d169', 'gameid=2007&userid=11036&md5=27753399344448e06cf71b10f14859751223d169&amount=1.00&remotetranid=2667&', '2016-10-21 10:50:13', '2016-10-21 12:37:08'),
(308, 11036, 2007, '-2.50', 1668, 'betwin', '27753399344448e06cf71b10f14859751223d169', 'gameid=2007&userid=11036&md5=27753399344448e06cf71b10f14859751223d169&amount=-2.50&remotetranid=1668&', '2016-10-21 10:50:20', '2016-10-21 12:37:08'),
(309, 11036, 2007, '0.00', 2668, 'betwin', '27753399344448e06cf71b10f14859751223d169', 'gameid=2007&userid=11036&md5=27753399344448e06cf71b10f14859751223d169&amount=0.00&remotetranid=2668&', '2016-10-21 10:50:20', '2016-10-21 12:37:08'),
(310, 11036, 2007, '-2.50', 1669, 'betwin', '27753399344448e06cf71b10f14859751223d169', 'gameid=2007&userid=11036&md5=27753399344448e06cf71b10f14859751223d169&amount=-2.50&remotetranid=1669&', '2016-10-21 10:50:23', '2016-10-21 12:37:08'),
(311, 11036, 2007, '1.00', 2669, 'betwin', '27753399344448e06cf71b10f14859751223d169', 'gameid=2007&userid=11036&md5=27753399344448e06cf71b10f14859751223d169&amount=1.00&remotetranid=2669&', '2016-10-21 10:50:24', '2016-10-21 12:37:08'),
(312, 11036, 2007, '-2.50', 1670, 'betwin', '27753399344448e06cf71b10f14859751223d169', 'gameid=2007&userid=11036&md5=27753399344448e06cf71b10f14859751223d169&amount=-2.50&remotetranid=1670&', '2016-10-21 10:50:31', '2016-10-21 12:37:08'),
(313, 11036, 2007, '0.00', 2670, 'betwin', '27753399344448e06cf71b10f14859751223d169', 'gameid=2007&userid=11036&md5=27753399344448e06cf71b10f14859751223d169&amount=0.00&remotetranid=2670&', '2016-10-21 10:50:31', '2016-10-21 12:37:08'),
(314, 11036, 2007, '-2.50', 1671, 'betwin', '27753399344448e06cf71b10f14859751223d169', 'gameid=2007&userid=11036&md5=27753399344448e06cf71b10f14859751223d169&amount=-2.50&remotetranid=1671&', '2016-10-21 10:50:34', '2016-10-21 12:37:08'),
(315, 11036, 2007, '0.00', 2671, 'betwin', '27753399344448e06cf71b10f14859751223d169', 'gameid=2007&userid=11036&md5=27753399344448e06cf71b10f14859751223d169&amount=0.00&remotetranid=2671&', '2016-10-21 10:50:35', '2016-10-21 12:37:08'),
(316, 11036, 2007, '-2.50', 1672, 'betwin', '27753399344448e06cf71b10f14859751223d169', 'gameid=2007&userid=11036&md5=27753399344448e06cf71b10f14859751223d169&amount=-2.50&remotetranid=1672&', '2016-10-21 10:50:38', '2016-10-21 12:37:08'),
(317, 11036, 2007, '14.20', 2672, 'betwin', '27753399344448e06cf71b10f14859751223d169', 'gameid=2007&userid=11036&md5=27753399344448e06cf71b10f14859751223d169&amount=14.20&remotetranid=2672&', '2016-10-21 10:50:38', '2016-10-21 12:37:08'),
(318, 11036, 2007, '-2.50', 1673, 'betwin', '27753399344448e06cf71b10f14859751223d169', 'gameid=2007&userid=11036&md5=27753399344448e06cf71b10f14859751223d169&amount=-2.50&remotetranid=1673&', '2016-10-21 10:51:39', '2016-10-21 12:37:08'),
(319, 11036, 2007, '0.00', 2673, 'betwin', '27753399344448e06cf71b10f14859751223d169', 'gameid=2007&userid=11036&md5=27753399344448e06cf71b10f14859751223d169&amount=0.00&remotetranid=2673&', '2016-10-21 10:51:40', '2016-10-21 12:37:08'),
(320, 11036, 2007, '-2.50', 1674, 'betwin', '27753399344448e06cf71b10f14859751223d169', 'gameid=2007&userid=11036&md5=27753399344448e06cf71b10f14859751223d169&amount=-2.50&remotetranid=1674&', '2016-10-21 10:51:43', '2016-10-21 12:37:08'),
(321, 11036, 2007, '0.00', 2674, 'betwin', '27753399344448e06cf71b10f14859751223d169', 'gameid=2007&userid=11036&md5=27753399344448e06cf71b10f14859751223d169&amount=0.00&remotetranid=2674&', '2016-10-21 10:51:43', '2016-10-21 12:37:08'),
(322, 11036, 2007, '-2.50', 1675, 'betwin', '27753399344448e06cf71b10f14859751223d169', 'gameid=2007&userid=11036&md5=27753399344448e06cf71b10f14859751223d169&amount=-2.50&remotetranid=1675&', '2016-10-21 10:51:50', '2016-10-21 12:37:08'),
(323, 11036, 2007, '0.00', 2675, 'betwin', '27753399344448e06cf71b10f14859751223d169', 'gameid=2007&userid=11036&md5=27753399344448e06cf71b10f14859751223d169&amount=0.00&remotetranid=2675&', '2016-10-21 10:51:50', '2016-10-21 12:37:08'),
(324, 11036, 2007, '-2.50', 1676, 'betwin', '27753399344448e06cf71b10f14859751223d169', 'gameid=2007&userid=11036&md5=27753399344448e06cf71b10f14859751223d169&amount=-2.50&remotetranid=1676&', '2016-10-21 10:51:54', '2016-10-21 12:37:08'),
(325, 11036, 2007, '0.50', 2676, 'betwin', '27753399344448e06cf71b10f14859751223d169', 'gameid=2007&userid=11036&md5=27753399344448e06cf71b10f14859751223d169&amount=0.50&remotetranid=2676&', '2016-10-21 10:51:54', '2016-10-21 12:37:08'),
(326, 11036, 2007, '-2.50', 1677, 'betwin', '27753399344448e06cf71b10f14859751223d169', 'gameid=2007&userid=11036&md5=27753399344448e06cf71b10f14859751223d169&amount=-2.50&remotetranid=1677&', '2016-10-21 10:51:59', '2016-10-21 12:37:08'),
(327, 11036, 2007, '0.00', 2677, 'betwin', '27753399344448e06cf71b10f14859751223d169', 'gameid=2007&userid=11036&md5=27753399344448e06cf71b10f14859751223d169&amount=0.00&remotetranid=2677&', '2016-10-21 10:52:00', '2016-10-21 12:37:08'),
(328, 11036, 2007, '-2.50', 1678, 'betwin', '27753399344448e06cf71b10f14859751223d169', 'gameid=2007&userid=11036&md5=27753399344448e06cf71b10f14859751223d169&amount=-2.50&remotetranid=1678&', '2016-10-21 10:52:07', '2016-10-21 12:37:08'),
(329, 11036, 2007, '0.00', 2678, 'betwin', '27753399344448e06cf71b10f14859751223d169', 'gameid=2007&userid=11036&md5=27753399344448e06cf71b10f14859751223d169&amount=0.00&remotetranid=2678&', '2016-10-21 10:52:07', '2016-10-21 12:37:08'),
(330, 11036, 2007, '-2.50', 1679, 'betwin', '27753399344448e06cf71b10f14859751223d169', 'gameid=2007&userid=11036&md5=27753399344448e06cf71b10f14859751223d169&amount=-2.50&remotetranid=1679&', '2016-10-21 10:52:10', '2016-10-21 12:37:08'),
(331, 11036, 2007, '0.50', 2679, 'betwin', '27753399344448e06cf71b10f14859751223d169', 'gameid=2007&userid=11036&md5=27753399344448e06cf71b10f14859751223d169&amount=0.50&remotetranid=2679&', '2016-10-21 10:52:10', '2016-10-21 12:37:08'),
(332, 11036, 2007, '-2.50', 1680, 'betwin', '27753399344448e06cf71b10f14859751223d169', 'gameid=2007&userid=11036&md5=27753399344448e06cf71b10f14859751223d169&amount=-2.50&remotetranid=1680&', '2016-10-21 10:52:16', '2016-10-21 12:37:08'),
(333, 11036, 2007, '0.00', 2680, 'betwin', '27753399344448e06cf71b10f14859751223d169', 'gameid=2007&userid=11036&md5=27753399344448e06cf71b10f14859751223d169&amount=0.00&remotetranid=2680&', '2016-10-21 10:52:16', '2016-10-21 12:37:08'),
(334, 11036, 2007, '-2.50', 1681, 'betwin', '27753399344448e06cf71b10f14859751223d169', 'gameid=2007&userid=11036&md5=27753399344448e06cf71b10f14859751223d169&amount=-2.50&remotetranid=1681&', '2016-10-21 10:52:19', '2016-10-21 12:37:08'),
(335, 11036, 2007, '1.50', 2681, 'betwin', '27753399344448e06cf71b10f14859751223d169', 'gameid=2007&userid=11036&md5=27753399344448e06cf71b10f14859751223d169&amount=1.50&remotetranid=2681&', '2016-10-21 10:52:20', '2016-10-21 12:37:08'),
(336, 11036, 2007, '-2.50', 1682, 'betwin', '27753399344448e06cf71b10f14859751223d169', 'gameid=2007&userid=11036&md5=27753399344448e06cf71b10f14859751223d169&amount=-2.50&remotetranid=1682&', '2016-10-21 10:52:25', '2016-10-21 12:37:08'),
(337, 11036, 2007, '0.00', 2682, 'betwin', '27753399344448e06cf71b10f14859751223d169', 'gameid=2007&userid=11036&md5=27753399344448e06cf71b10f14859751223d169&amount=0.00&remotetranid=2682&', '2016-10-21 10:52:25', '2016-10-21 12:37:08'),
(338, 11036, 2007, '-2.50', 1683, 'betwin', '27753399344448e06cf71b10f14859751223d169', 'gameid=2007&userid=11036&md5=27753399344448e06cf71b10f14859751223d169&amount=-2.50&remotetranid=1683&', '2016-10-21 10:52:29', '2016-10-21 12:37:08'),
(339, 11036, 2007, '0.00', 2683, 'betwin', '27753399344448e06cf71b10f14859751223d169', 'gameid=2007&userid=11036&md5=27753399344448e06cf71b10f14859751223d169&amount=0.00&remotetranid=2683&', '2016-10-21 10:52:29', '2016-10-21 12:37:08'),
(340, 11036, 2007, '-2.50', 1684, 'betwin', '27753399344448e06cf71b10f14859751223d169', 'gameid=2007&userid=11036&md5=27753399344448e06cf71b10f14859751223d169&amount=-2.50&remotetranid=1684&', '2016-10-21 10:52:32', '2016-10-21 12:37:08'),
(341, 11036, 2007, '1.00', 2684, 'betwin', '27753399344448e06cf71b10f14859751223d169', 'gameid=2007&userid=11036&md5=27753399344448e06cf71b10f14859751223d169&amount=1.00&remotetranid=2684&', '2016-10-21 10:52:33', '2016-10-21 12:37:08'),
(342, 11036, 2007, '-2.50', 1685, 'betwin', '27753399344448e06cf71b10f14859751223d169', 'gameid=2007&userid=11036&md5=27753399344448e06cf71b10f14859751223d169&amount=-2.50&remotetranid=1685&', '2016-10-21 10:52:40', '2016-10-21 12:37:08'),
(343, 11036, 2007, '0.00', 2685, 'betwin', '27753399344448e06cf71b10f14859751223d169', 'gameid=2007&userid=11036&md5=27753399344448e06cf71b10f14859751223d169&amount=0.00&remotetranid=2685&', '2016-10-21 10:52:40', '2016-10-21 12:37:08'),
(344, 11036, 2007, '-2.50', 1686, 'betwin', '27753399344448e06cf71b10f14859751223d169', 'gameid=2007&userid=11036&md5=27753399344448e06cf71b10f14859751223d169&amount=-2.50&remotetranid=1686&', '2016-10-21 10:52:44', '2016-10-21 12:37:08'),
(345, 11036, 2007, '40.00', 2686, 'betwin', '27753399344448e06cf71b10f14859751223d169', 'gameid=2007&userid=11036&md5=27753399344448e06cf71b10f14859751223d169&amount=40.00&remotetranid=2686&', '2016-10-21 10:52:44', '2016-10-21 12:37:08'),
(346, 11036, 2007, '-2.50', 1687, 'betwin', '27753399344448e06cf71b10f14859751223d169', 'gameid=2007&userid=11036&md5=27753399344448e06cf71b10f14859751223d169&amount=-2.50&remotetranid=1687&', '2016-10-21 10:56:45', '2016-10-21 12:37:08'),
(347, 11036, 2007, '0.00', 2687, 'betwin', '27753399344448e06cf71b10f14859751223d169', 'gameid=2007&userid=11036&md5=27753399344448e06cf71b10f14859751223d169&amount=0.00&remotetranid=2687&', '2016-10-21 10:56:45', '2016-10-21 12:37:08'),
(348, 11036, 2007, '-2.50', 1688, 'betwin', '27753399344448e06cf71b10f14859751223d169', 'gameid=2007&userid=11036&md5=27753399344448e06cf71b10f14859751223d169&amount=-2.50&remotetranid=1688&', '2016-10-21 10:56:48', '2016-10-21 12:37:08'),
(349, 11036, 2007, '0.00', 2688, 'betwin', '27753399344448e06cf71b10f14859751223d169', 'gameid=2007&userid=11036&md5=27753399344448e06cf71b10f14859751223d169&amount=0.00&remotetranid=2688&', '2016-10-21 10:56:48', '2016-10-21 12:37:08'),
(350, 11036, 2007, '-2.50', 1689, 'betwin', '27753399344448e06cf71b10f14859751223d169', 'gameid=2007&userid=11036&md5=27753399344448e06cf71b10f14859751223d169&amount=-2.50&remotetranid=1689&', '2016-10-21 10:56:52', '2016-10-21 12:37:08'),
(351, 11036, 2007, '0.00', 2689, 'betwin', '27753399344448e06cf71b10f14859751223d169', 'gameid=2007&userid=11036&md5=27753399344448e06cf71b10f14859751223d169&amount=0.00&remotetranid=2689&', '2016-10-21 10:56:52', '2016-10-21 12:37:08'),
(352, 11036, 2007, '-2.50', 1690, 'betwin', '27753399344448e06cf71b10f14859751223d169', 'gameid=2007&userid=11036&md5=27753399344448e06cf71b10f14859751223d169&amount=-2.50&remotetranid=1690&', '2016-10-21 10:56:55', '2016-10-21 12:37:08'),
(353, 11036, 2007, '14.60', 2690, 'betwin', '27753399344448e06cf71b10f14859751223d169', 'gameid=2007&userid=11036&md5=27753399344448e06cf71b10f14859751223d169&amount=14.60&remotetranid=2690&', '2016-10-21 10:56:55', '2016-10-21 12:37:08'),
(354, 11036, 2007, '-2.50', 1691, 'betwin', '27753399344448e06cf71b10f14859751223d169', 'gameid=2007&userid=11036&md5=27753399344448e06cf71b10f14859751223d169&amount=-2.50&remotetranid=1691&', '2016-10-21 10:57:22', '2016-10-21 12:37:08'),
(355, 11036, 2007, '8.20', 2691, 'betwin', '27753399344448e06cf71b10f14859751223d169', 'gameid=2007&userid=11036&md5=27753399344448e06cf71b10f14859751223d169&amount=8.20&remotetranid=2691&', '2016-10-21 10:57:22', '2016-10-21 12:37:08'),
(356, 11036, 2007, '-2.50', 1692, 'betwin', '27753399344448e06cf71b10f14859751223d169', 'gameid=2007&userid=11036&md5=27753399344448e06cf71b10f14859751223d169&amount=-2.50&remotetranid=1692&', '2016-10-21 10:57:36', '2016-10-21 12:37:08'),
(357, 11036, 2007, '0.50', 2692, 'betwin', '27753399344448e06cf71b10f14859751223d169', 'gameid=2007&userid=11036&md5=27753399344448e06cf71b10f14859751223d169&amount=0.50&remotetranid=2692&', '2016-10-21 10:57:36', '2016-10-21 12:37:08'),
(358, 11036, 2007, '-2.50', 1693, 'betwin', '27753399344448e06cf71b10f14859751223d169', 'gameid=2007&userid=11036&md5=27753399344448e06cf71b10f14859751223d169&amount=-2.50&remotetranid=1693&', '2016-10-21 10:57:41', '2016-10-21 12:37:08'),
(359, 11036, 2007, '0.00', 2693, 'betwin', '27753399344448e06cf71b10f14859751223d169', 'gameid=2007&userid=11036&md5=27753399344448e06cf71b10f14859751223d169&amount=0.00&remotetranid=2693&', '2016-10-21 10:57:42', '2016-10-21 12:37:08'),
(360, 11036, 2007, '-2.50', 1694, 'betwin', '27753399344448e06cf71b10f14859751223d169', 'gameid=2007&userid=11036&md5=27753399344448e06cf71b10f14859751223d169&amount=-2.50&remotetranid=1694&', '2016-10-21 10:57:45', '2016-10-21 12:37:08'),
(361, 11036, 2007, '1.50', 2694, 'betwin', '27753399344448e06cf71b10f14859751223d169', 'gameid=2007&userid=11036&md5=27753399344448e06cf71b10f14859751223d169&amount=1.50&remotetranid=2694&', '2016-10-21 10:57:45', '2016-10-21 12:37:08'),
(362, 11036, 2007, '-2.50', 1695, 'betwin', '27753399344448e06cf71b10f14859751223d169', 'gameid=2007&userid=11036&md5=27753399344448e06cf71b10f14859751223d169&amount=-2.50&remotetranid=1695&', '2016-10-21 10:57:50', '2016-10-21 12:37:08'),
(363, 11036, 2007, '0.00', 2695, 'betwin', '27753399344448e06cf71b10f14859751223d169', 'gameid=2007&userid=11036&md5=27753399344448e06cf71b10f14859751223d169&amount=0.00&remotetranid=2695&', '2016-10-21 10:57:50', '2016-10-21 12:37:08'),
(364, 11036, 2007, '-2.50', 1696, 'betwin', '27753399344448e06cf71b10f14859751223d169', 'gameid=2007&userid=11036&md5=27753399344448e06cf71b10f14859751223d169&amount=-2.50&remotetranid=1696&', '2016-10-21 10:57:57', '2016-10-21 12:37:08'),
(365, 11036, 2007, '0.00', 2696, 'betwin', '27753399344448e06cf71b10f14859751223d169', 'gameid=2007&userid=11036&md5=27753399344448e06cf71b10f14859751223d169&amount=0.00&remotetranid=2696&', '2016-10-21 10:57:57', '2016-10-21 12:37:08'),
(366, 11036, 2007, '-2.50', 1697, 'betwin', '27753399344448e06cf71b10f14859751223d169', 'gameid=2007&userid=11036&md5=27753399344448e06cf71b10f14859751223d169&amount=-2.50&remotetranid=1697&', '2016-10-21 10:58:01', '2016-10-21 12:37:08'),
(367, 11036, 2007, '0.50', 2697, 'betwin', '27753399344448e06cf71b10f14859751223d169', 'gameid=2007&userid=11036&md5=27753399344448e06cf71b10f14859751223d169&amount=0.50&remotetranid=2697&', '2016-10-21 10:58:01', '2016-10-21 12:37:08'),
(368, 11036, 2007, '-2.50', 1698, 'betwin', '27753399344448e06cf71b10f14859751223d169', 'gameid=2007&userid=11036&md5=27753399344448e06cf71b10f14859751223d169&amount=-2.50&remotetranid=1698&', '2016-10-21 10:58:06', '2016-10-21 12:37:08'),
(369, 11036, 2007, '0.00', 2698, 'betwin', '27753399344448e06cf71b10f14859751223d169', 'gameid=2007&userid=11036&md5=27753399344448e06cf71b10f14859751223d169&amount=0.00&remotetranid=2698&', '2016-10-21 10:58:06', '2016-10-21 12:37:08'),
(370, 11036, 1036, '', 0, 'balance', '27753399344448e06cf71b10f14859751223d169', 'userid=11036&gameid=1036&md5=27753399344448e06cf71b10f14859751223d169&', '2016-10-21 11:00:09', '2016-10-21 12:37:08'),
(371, 11036, 1036, '-0.50', 1699, 'betwin', '27753399344448e06cf71b10f14859751223d169', 'gameid=1036&userid=11036&md5=27753399344448e06cf71b10f14859751223d169&amount=-0.50&remotetranid=1699&', '2016-10-21 11:00:16', '2016-10-21 12:37:08'),
(372, 11036, 1036, '1.40', 2699, 'betwin', '27753399344448e06cf71b10f14859751223d169', 'gameid=1036&userid=11036&md5=27753399344448e06cf71b10f14859751223d169&amount=1.40&remotetranid=2699&', '2016-10-21 11:00:16', '2016-10-21 12:37:08'),
(373, 11036, 1036, '-0.50', 1700, 'betwin', '27753399344448e06cf71b10f14859751223d169', 'gameid=1036&userid=11036&md5=27753399344448e06cf71b10f14859751223d169&amount=-0.50&remotetranid=1700&', '2016-10-21 11:00:19', '2016-10-21 12:37:08'),
(374, 11036, 1036, '0.00', 2700, 'betwin', '27753399344448e06cf71b10f14859751223d169', 'gameid=1036&userid=11036&md5=27753399344448e06cf71b10f14859751223d169&amount=0.00&remotetranid=2700&', '2016-10-21 11:00:20', '2016-10-21 12:37:08'),
(375, 11036, 1036, '-0.50', 1701, 'betwin', '27753399344448e06cf71b10f14859751223d169', 'gameid=1036&userid=11036&md5=27753399344448e06cf71b10f14859751223d169&amount=-0.50&remotetranid=1701&', '2016-10-21 11:00:23', '2016-10-21 12:37:08'),
(376, 11036, 1036, '0.50', 2701, 'betwin', '27753399344448e06cf71b10f14859751223d169', 'gameid=1036&userid=11036&md5=27753399344448e06cf71b10f14859751223d169&amount=0.50&remotetranid=2701&', '2016-10-21 11:00:23', '2016-10-21 12:37:08'),
(377, 11036, 1036, '-0.50', 1702, 'betwin', '27753399344448e06cf71b10f14859751223d169', 'gameid=1036&userid=11036&md5=27753399344448e06cf71b10f14859751223d169&amount=-0.50&remotetranid=1702&', '2016-10-21 11:00:34', '2016-10-21 12:37:08'),
(378, 11036, 1036, '0.30', 2702, 'betwin', '27753399344448e06cf71b10f14859751223d169', 'gameid=1036&userid=11036&md5=27753399344448e06cf71b10f14859751223d169&amount=0.30&remotetranid=2702&', '2016-10-21 11:00:35', '2016-10-21 12:37:08'),
(379, 11036, 1036, '-0.50', 1703, 'betwin', '27753399344448e06cf71b10f14859751223d169', 'gameid=1036&userid=11036&md5=27753399344448e06cf71b10f14859751223d169&amount=-0.50&remotetranid=1703&', '2016-10-21 11:00:39', '2016-10-21 12:37:08'),
(380, 11036, 1036, '0.20', 2703, 'betwin', '27753399344448e06cf71b10f14859751223d169', 'gameid=1036&userid=11036&md5=27753399344448e06cf71b10f14859751223d169&amount=0.20&remotetranid=2703&', '2016-10-21 11:00:39', '2016-10-21 12:37:08'),
(381, 11036, 1036, '-0.50', 1704, 'betwin', '27753399344448e06cf71b10f14859751223d169', 'gameid=1036&userid=11036&md5=27753399344448e06cf71b10f14859751223d169&amount=-0.50&remotetranid=1704&', '2016-10-21 11:00:42', '2016-10-21 12:37:08'),
(382, 11036, 1036, '2.40', 2704, 'betwin', '27753399344448e06cf71b10f14859751223d169', 'gameid=1036&userid=11036&md5=27753399344448e06cf71b10f14859751223d169&amount=2.40&remotetranid=2704&', '2016-10-21 11:00:42', '2016-10-21 12:37:08'),
(383, 11036, 1036, '-0.50', 1705, 'betwin', '27753399344448e06cf71b10f14859751223d169', 'gameid=1036&userid=11036&md5=27753399344448e06cf71b10f14859751223d169&amount=-0.50&remotetranid=1705&', '2016-10-21 11:00:45', '2016-10-21 12:37:08'),
(384, 11036, 1036, '0.00', 2705, 'betwin', '27753399344448e06cf71b10f14859751223d169', 'gameid=1036&userid=11036&md5=27753399344448e06cf71b10f14859751223d169&amount=0.00&remotetranid=2705&', '2016-10-21 11:00:46', '2016-10-21 12:37:08'),
(385, 11036, 1044, '', 0, 'balance', '27753399344448e06cf71b10f14859751223d169', 'userid=11036&gameid=1044&md5=27753399344448e06cf71b10f14859751223d169&', '2016-10-21 11:00:56', '2016-10-21 12:37:08'),
(386, 11036, 1044, '-1.00', 1706, 'betwin', '27753399344448e06cf71b10f14859751223d169', 'gameid=1044&userid=11036&md5=27753399344448e06cf71b10f14859751223d169&amount=-1.00&remotetranid=1706&', '2016-10-21 11:01:02', '2016-10-21 12:37:08'),
(387, 11036, 1044, '-1.00', 1707, 'betwin', '27753399344448e06cf71b10f14859751223d169', 'gameid=1044&userid=11036&md5=27753399344448e06cf71b10f14859751223d169&amount=-1.00&remotetranid=1707&', '2016-10-21 11:01:02', '2016-10-21 12:37:08'),
(388, 11036, 1044, '-1.00', 1708, 'betwin', '27753399344448e06cf71b10f14859751223d169', 'gameid=1044&userid=11036&md5=27753399344448e06cf71b10f14859751223d169&amount=-1.00&remotetranid=1708&', '2016-10-21 11:01:10', '2016-10-21 12:37:08'),
(389, 11036, 1044, '-2.00', 1709, 'betwin', '27753399344448e06cf71b10f14859751223d169', 'gameid=1044&userid=11036&md5=27753399344448e06cf71b10f14859751223d169&amount=-2.00&remotetranid=1709&', '2016-10-21 11:01:20', '2016-10-21 12:37:08'),
(390, 11036, 1044, '-2.00', 1710, 'betwin', '27753399344448e06cf71b10f14859751223d169', 'gameid=1044&userid=11036&md5=27753399344448e06cf71b10f14859751223d169&amount=-2.00&remotetranid=1710&', '2016-10-21 11:01:21', '2016-10-21 12:37:08'),
(391, 11036, 1044, '-4.00', 1711, 'betwin', '27753399344448e06cf71b10f14859751223d169', 'gameid=1044&userid=11036&md5=27753399344448e06cf71b10f14859751223d169&amount=-4.00&remotetranid=1711&', '2016-10-21 11:01:38', '2016-10-21 12:37:08'),
(392, 11036, 1044, '-4.00', 1712, 'betwin', '27753399344448e06cf71b10f14859751223d169', 'gameid=1044&userid=11036&md5=27753399344448e06cf71b10f14859751223d169&amount=-4.00&remotetranid=1712&', '2016-10-21 11:01:38', '2016-10-21 12:37:08'),
(393, 11036, 1044, '20.00', 2712, 'betwin', '27753399344448e06cf71b10f14859751223d169', 'gameid=1044&userid=11036&md5=27753399344448e06cf71b10f14859751223d169&amount=20.00&remotetranid=2712&', '2016-10-21 11:01:39', '2016-10-21 12:37:08'),
(394, 11036, 1044, '-4.00', 1713, 'betwin', '27753399344448e06cf71b10f14859751223d169', 'gameid=1044&userid=11036&md5=27753399344448e06cf71b10f14859751223d169&amount=-4.00&remotetranid=1713&', '2016-10-21 11:01:47', '2016-10-21 12:37:08'),
(395, 11036, 1044, '8.00', 2713, 'betwin', '27753399344448e06cf71b10f14859751223d169', 'gameid=1044&userid=11036&md5=27753399344448e06cf71b10f14859751223d169&amount=8.00&remotetranid=2713&', '2016-10-21 11:01:47', '2016-10-21 12:37:08'),
(396, 11036, 1044, '8.00', 2711, 'betwin', '27753399344448e06cf71b10f14859751223d169', 'gameid=1044&userid=11036&md5=27753399344448e06cf71b10f14859751223d169&amount=8.00&remotetranid=2711&', '2016-10-21 11:01:47', '2016-10-21 12:37:08'),
(397, 11036, 1044, '-8.00', 1714, 'betwin', '27753399344448e06cf71b10f14859751223d169', 'gameid=1044&userid=11036&md5=27753399344448e06cf71b10f14859751223d169&amount=-8.00&remotetranid=1714&', '2016-10-21 11:01:58', '2016-10-21 12:37:08'),
(398, 11036, 1044, '-8.00', 1715, 'betwin', '27753399344448e06cf71b10f14859751223d169', 'gameid=1044&userid=11036&md5=27753399344448e06cf71b10f14859751223d169&amount=-8.00&remotetranid=1715&', '2016-10-21 11:01:58', '2016-10-21 12:37:08'),
(399, 11036, 1044, '56.00', 2715, 'betwin', '27753399344448e06cf71b10f14859751223d169', 'gameid=1044&userid=11036&md5=27753399344448e06cf71b10f14859751223d169&amount=56.00&remotetranid=2715&', '2016-10-21 11:01:58', '2016-10-21 12:37:08'),
(400, 11036, 1044, '-8.00', 1716, 'betwin', '27753399344448e06cf71b10f14859751223d169', 'gameid=1044&userid=11036&md5=27753399344448e06cf71b10f14859751223d169&amount=-8.00&remotetranid=1716&', '2016-10-21 11:02:06', '2016-10-21 12:37:08'),
(401, 11036, 1044, '16.00', 2716, 'betwin', '27753399344448e06cf71b10f14859751223d169', 'gameid=1044&userid=11036&md5=27753399344448e06cf71b10f14859751223d169&amount=16.00&remotetranid=2716&', '2016-10-21 11:02:07', '2016-10-21 12:37:08'),
(402, 11036, 1044, '24.00', 2714, 'betwin', '27753399344448e06cf71b10f14859751223d169', 'gameid=1044&userid=11036&md5=27753399344448e06cf71b10f14859751223d169&amount=24.00&remotetranid=2714&', '2016-10-21 11:02:07', '2016-10-21 12:37:08'),
(403, 11036, 1044, '-16.00', 1717, 'betwin', '27753399344448e06cf71b10f14859751223d169', 'gameid=1044&userid=11036&md5=27753399344448e06cf71b10f14859751223d169&amount=-16.00&remotetranid=1717&', '2016-10-21 11:02:17', '2016-10-21 12:37:08'),
(404, 11036, 1044, '-16.00', 1718, 'betwin', '27753399344448e06cf71b10f14859751223d169', 'gameid=1044&userid=11036&md5=27753399344448e06cf71b10f14859751223d169&amount=-16.00&remotetranid=1718&', '2016-10-21 11:02:17', '2016-10-21 12:37:08'),
(405, 11036, 1044, '-16.00', 1719, 'betwin', '27753399344448e06cf71b10f14859751223d169', 'gameid=1044&userid=11036&md5=27753399344448e06cf71b10f14859751223d169&amount=-16.00&remotetranid=1719&', '2016-10-21 11:02:26', '2016-10-21 12:37:08'),
(406, 11036, 1044, '-16.00', 1720, 'betwin', '27753399344448e06cf71b10f14859751223d169', 'gameid=1044&userid=11036&md5=27753399344448e06cf71b10f14859751223d169&amount=-16.00&remotetranid=1720&', '2016-10-21 11:02:49', '2016-10-21 12:37:08'),
(407, 11036, 1044, '-16.00', 1721, 'betwin', '27753399344448e06cf71b10f14859751223d169', 'gameid=1044&userid=11036&md5=27753399344448e06cf71b10f14859751223d169&amount=-16.00&remotetranid=1721&', '2016-10-21 11:02:49', '2016-10-21 12:37:08'),
(408, 11036, 1045, '', 0, 'balance', '27753399344448e06cf71b10f14859751223d169', 'userid=11036&gameid=1045&md5=27753399344448e06cf71b10f14859751223d169&', '2016-10-21 11:03:01', '2016-10-21 12:37:08'),
(409, 11036, 1045, '-1.00', 1722, 'betwin', '27753399344448e06cf71b10f14859751223d169', 'gameid=1045&userid=11036&md5=27753399344448e06cf71b10f14859751223d169&amount=-1.00&remotetranid=1722&', '2016-10-21 11:04:26', '2016-10-21 12:37:08'),
(410, 11036, 1045, '-2.00', 1723, 'betwin', '27753399344448e06cf71b10f14859751223d169', 'gameid=1045&userid=11036&md5=27753399344448e06cf71b10f14859751223d169&amount=-2.00&remotetranid=1723&', '2016-10-21 11:04:35', '2016-10-21 12:37:08'),
(411, 11036, 1045, '-2.00', 1724, 'betwin', '27753399344448e06cf71b10f14859751223d169', 'gameid=1045&userid=11036&md5=27753399344448e06cf71b10f14859751223d169&amount=-2.00&remotetranid=1724&', '2016-10-21 11:09:04', '2016-10-21 12:37:08'),
(412, 11036, 1045, '-4.00', 1725, 'betwin', '27753399344448e06cf71b10f14859751223d169', 'gameid=1045&userid=11036&md5=27753399344448e06cf71b10f14859751223d169&amount=-4.00&remotetranid=1725&', '2016-10-21 11:09:13', '2016-10-21 12:37:08'),
(413, 11036, 1045, '12.00', 2725, 'betwin', '27753399344448e06cf71b10f14859751223d169', 'gameid=1045&userid=11036&md5=27753399344448e06cf71b10f14859751223d169&amount=12.00&remotetranid=2725&', '2016-10-21 11:09:14', '2016-10-21 12:37:08'),
(414, 11036, 1045, '4.00', 2724, 'betwin', '27753399344448e06cf71b10f14859751223d169', 'gameid=1045&userid=11036&md5=27753399344448e06cf71b10f14859751223d169&amount=4.00&remotetranid=2724&', '2016-10-21 11:09:14', '2016-10-21 12:37:08'),
(415, 11036, 1045, '-4.00', 1726, 'betwin', '27753399344448e06cf71b10f14859751223d169', 'gameid=1045&userid=11036&md5=27753399344448e06cf71b10f14859751223d169&amount=-4.00&remotetranid=1726&', '2016-10-21 11:09:26', '2016-10-21 12:37:08'),
(416, 11036, 1028, '', 0, 'balance', '27753399344448e06cf71b10f14859751223d169', 'userid=11036&gameid=1028&md5=27753399344448e06cf71b10f14859751223d169&', '2016-10-21 11:09:40', '2016-10-21 12:37:08'),
(417, 11036, 1028, '-17.00', 1727, 'betwin', '27753399344448e06cf71b10f14859751223d169', 'gameid=1028&userid=11036&md5=27753399344448e06cf71b10f14859751223d169&amount=-17.00&remotetranid=1727&', '2016-10-21 11:10:24', '2016-10-21 12:37:08'),
(418, 11036, 1028, '36.00', 2727, 'betwin', '27753399344448e06cf71b10f14859751223d169', 'gameid=1028&userid=11036&md5=27753399344448e06cf71b10f14859751223d169&amount=36.00&remotetranid=2727&', '2016-10-21 11:10:24', '2016-10-21 12:37:08'),
(419, 11036, 1028, '-17.00', 1728, 'betwin', '27753399344448e06cf71b10f14859751223d169', 'gameid=1028&userid=11036&md5=27753399344448e06cf71b10f14859751223d169&amount=-17.00&remotetranid=1728&', '2016-10-21 11:10:43', '2016-10-21 12:37:08'),
(420, 11036, 1028, '36.00', 2728, 'betwin', '27753399344448e06cf71b10f14859751223d169', 'gameid=1028&userid=11036&md5=27753399344448e06cf71b10f14859751223d169&amount=36.00&remotetranid=2728&', '2016-10-21 11:10:43', '2016-10-21 12:37:08'),
(421, 11036, 1028, '-17.00', 1729, 'betwin', '27753399344448e06cf71b10f14859751223d169', 'gameid=1028&userid=11036&md5=27753399344448e06cf71b10f14859751223d169&amount=-17.00&remotetranid=1729&', '2016-10-21 11:11:06', '2016-10-21 12:37:08');
INSERT INTO `gaming1x2_request` (`id`, `user_id`, `game_id`, `amount`, `remotetranid`, `action`, `md5`, `request_url`, `created_at`, `updated_at`) VALUES
(422, 11036, 1028, '-17.00', 1730, 'betwin', '27753399344448e06cf71b10f14859751223d169', 'gameid=1028&userid=11036&md5=27753399344448e06cf71b10f14859751223d169&amount=-17.00&remotetranid=1730&', '2016-10-21 11:11:21', '2016-10-21 12:37:08'),
(423, 11036, 1028, '-17.00', 1731, 'betwin', '27753399344448e06cf71b10f14859751223d169', 'gameid=1028&userid=11036&md5=27753399344448e06cf71b10f14859751223d169&amount=-17.00&remotetranid=1731&', '2016-10-21 11:11:40', '2016-10-21 12:37:08'),
(424, 11036, 1028, '-17.00', 1732, 'betwin', '27753399344448e06cf71b10f14859751223d169', 'gameid=1028&userid=11036&md5=27753399344448e06cf71b10f14859751223d169&amount=-17.00&remotetranid=1732&', '2016-10-21 11:11:54', '2016-10-21 12:37:08'),
(425, 11036, 1028, '36.00', 2732, 'betwin', '27753399344448e06cf71b10f14859751223d169', 'gameid=1028&userid=11036&md5=27753399344448e06cf71b10f14859751223d169&amount=36.00&remotetranid=2732&', '2016-10-21 11:11:55', '2016-10-21 12:37:08'),
(426, 11036, 1028, '-17.00', 1733, 'betwin', '27753399344448e06cf71b10f14859751223d169', 'gameid=1028&userid=11036&md5=27753399344448e06cf71b10f14859751223d169&amount=-17.00&remotetranid=1733&', '2016-10-21 11:12:10', '2016-10-21 12:37:08'),
(427, 11036, 1028, '-17.00', 1734, 'betwin', '27753399344448e06cf71b10f14859751223d169', 'gameid=1028&userid=11036&md5=27753399344448e06cf71b10f14859751223d169&amount=-17.00&remotetranid=1734&', '2016-10-21 11:12:24', '2016-10-21 12:37:08'),
(428, 11036, 1028, '36.00', 2734, 'betwin', '27753399344448e06cf71b10f14859751223d169', 'gameid=1028&userid=11036&md5=27753399344448e06cf71b10f14859751223d169&amount=36.00&remotetranid=2734&', '2016-10-21 11:12:24', '2016-10-21 12:37:08'),
(429, 11036, 1028, '-17.00', 1735, 'betwin', '27753399344448e06cf71b10f14859751223d169', 'gameid=1028&userid=11036&md5=27753399344448e06cf71b10f14859751223d169&amount=-17.00&remotetranid=1735&', '2016-10-21 11:12:40', '2016-10-21 12:37:08'),
(430, 11036, 1028, '-17.00', 1736, 'betwin', '27753399344448e06cf71b10f14859751223d169', 'gameid=1028&userid=11036&md5=27753399344448e06cf71b10f14859751223d169&amount=-17.00&remotetranid=1736&', '2016-10-21 11:12:54', '2016-10-21 12:37:08'),
(431, 11036, 1028, '36.00', 2736, 'betwin', '27753399344448e06cf71b10f14859751223d169', 'gameid=1028&userid=11036&md5=27753399344448e06cf71b10f14859751223d169&amount=36.00&remotetranid=2736&', '2016-10-21 11:12:54', '2016-10-21 12:37:08'),
(432, 11036, 1028, '-22.00', 1737, 'betwin', '27753399344448e06cf71b10f14859751223d169', 'gameid=1028&userid=11036&md5=27753399344448e06cf71b10f14859751223d169&amount=-22.00&remotetranid=1737&', '2016-10-21 11:13:17', '2016-10-21 12:37:08'),
(433, 11036, 1028, '36.00', 2737, 'betwin', '27753399344448e06cf71b10f14859751223d169', 'gameid=1028&userid=11036&md5=27753399344448e06cf71b10f14859751223d169&amount=36.00&remotetranid=2737&', '2016-10-21 11:13:17', '2016-10-21 12:37:08'),
(434, 11036, 1028, '-22.00', 1738, 'betwin', '27753399344448e06cf71b10f14859751223d169', 'gameid=1028&userid=11036&md5=27753399344448e06cf71b10f14859751223d169&amount=-22.00&remotetranid=1738&', '2016-10-21 11:13:33', '2016-10-21 12:37:08'),
(435, 11036, 1028, '-22.00', 1739, 'betwin', '27753399344448e06cf71b10f14859751223d169', 'gameid=1028&userid=11036&md5=27753399344448e06cf71b10f14859751223d169&amount=-22.00&remotetranid=1739&', '2016-10-21 11:13:47', '2016-10-21 12:37:08'),
(436, 11036, 1028, '-22.00', 1740, 'betwin', '27753399344448e06cf71b10f14859751223d169', 'gameid=1028&userid=11036&md5=27753399344448e06cf71b10f14859751223d169&amount=-22.00&remotetranid=1740&', '2016-10-21 11:14:09', '2016-10-21 12:37:08'),
(437, 11036, 2030, '', 0, 'balance', '27753399344448e06cf71b10f14859751223d169', 'userid=11036&gameid=2030&md5=27753399344448e06cf71b10f14859751223d169&', '2016-10-21 11:14:22', '2016-10-21 12:37:08'),
(438, 11036, 1013, '', 0, 'balance', '27753399344448e06cf71b10f14859751223d169', 'userid=11036&gameid=1013&md5=27753399344448e06cf71b10f14859751223d169&', '2016-10-21 11:14:39', '2016-10-21 12:37:08'),
(439, 11036, 1013, '-1.0', 1741, 'betwin', '27753399344448e06cf71b10f14859751223d169', 'gameid=1013&userid=11036&md5=27753399344448e06cf71b10f14859751223d169&amount=-1.0&remotetranid=1741&', '2016-10-21 11:18:16', '2016-10-21 12:37:08'),
(440, 11036, 1013, '-1.0', 1742, 'betwin', '27753399344448e06cf71b10f14859751223d169', 'gameid=1013&userid=11036&md5=27753399344448e06cf71b10f14859751223d169&amount=-1.0&remotetranid=1742&', '2016-10-21 11:18:26', '2016-10-21 12:37:08'),
(441, 11036, 1013, '-1.0', 1743, 'betwin', '27753399344448e06cf71b10f14859751223d169', 'gameid=1013&userid=11036&md5=27753399344448e06cf71b10f14859751223d169&amount=-1.0&remotetranid=1743&', '2016-10-21 11:18:26', '2016-10-21 12:37:08'),
(442, 11036, 1013, '-1.0', 1744, 'betwin', '27753399344448e06cf71b10f14859751223d169', 'gameid=1013&userid=11036&md5=27753399344448e06cf71b10f14859751223d169&amount=-1.0&remotetranid=1744&', '2016-10-21 11:18:26', '2016-10-21 12:37:08'),
(443, 11036, 1013, '-1.0', 1745, 'betwin', '27753399344448e06cf71b10f14859751223d169', 'gameid=1013&userid=11036&md5=27753399344448e06cf71b10f14859751223d169&amount=-1.0&remotetranid=1745&', '2016-10-21 11:18:26', '2016-10-21 12:37:08'),
(444, 11036, 1013, '-1.0', 1746, 'betwin', '27753399344448e06cf71b10f14859751223d169', 'gameid=1013&userid=11036&md5=27753399344448e06cf71b10f14859751223d169&amount=-1.0&remotetranid=1746&', '2016-10-21 11:18:27', '2016-10-21 12:37:08'),
(445, 11036, 1013, '-1.0', 1747, 'betwin', '27753399344448e06cf71b10f14859751223d169', 'gameid=1013&userid=11036&md5=27753399344448e06cf71b10f14859751223d169&amount=-1.0&remotetranid=1747&', '2016-10-21 11:18:27', '2016-10-21 12:37:08'),
(446, 11036, 1013, '-1.0', 1748, 'betwin', '27753399344448e06cf71b10f14859751223d169', 'gameid=1013&userid=11036&md5=27753399344448e06cf71b10f14859751223d169&amount=-1.0&remotetranid=1748&', '2016-10-21 11:18:27', '2016-10-21 12:37:08'),
(447, 11036, 1013, '-1.0', 1749, 'betwin', '27753399344448e06cf71b10f14859751223d169', 'gameid=1013&userid=11036&md5=27753399344448e06cf71b10f14859751223d169&amount=-1.0&remotetranid=1749&', '2016-10-21 11:18:34', '2016-10-21 12:37:08'),
(448, 11036, 2030, '', 0, 'balance', '27753399344448e06cf71b10f14859751223d169', 'userid=11036&gameid=2030&md5=27753399344448e06cf71b10f14859751223d169&', '2016-10-21 11:18:40', '2016-10-21 12:37:08'),
(449, 11036, 2030, '-1.0', 1750, 'betwin', '27753399344448e06cf71b10f14859751223d169', 'gameid=2030&userid=11036&md5=27753399344448e06cf71b10f14859751223d169&amount=-1.0&remotetranid=1750&', '2016-10-21 11:18:46', '2016-10-21 12:37:08'),
(450, 11036, 2030, '-1.0', 1751, 'betwin', '27753399344448e06cf71b10f14859751223d169', 'gameid=2030&userid=11036&md5=27753399344448e06cf71b10f14859751223d169&amount=-1.0&remotetranid=1751&', '2016-10-21 11:18:52', '2016-10-21 12:37:08'),
(451, 11036, 2030, '-1.0', 1752, 'betwin', '27753399344448e06cf71b10f14859751223d169', 'gameid=2030&userid=11036&md5=27753399344448e06cf71b10f14859751223d169&amount=-1.0&remotetranid=1752&', '2016-10-21 11:19:03', '2016-10-21 12:37:08'),
(452, 11036, 1016, '', 0, 'balance', '27753399344448e06cf71b10f14859751223d169', 'userid=11036&gameid=1016&md5=27753399344448e06cf71b10f14859751223d169&', '2016-10-21 11:19:15', '2016-10-21 12:37:08'),
(453, 11036, 1016, '-1.00', 1753, 'betwin', '27753399344448e06cf71b10f14859751223d169', 'gameid=1016&userid=11036&md5=27753399344448e06cf71b10f14859751223d169&amount=-1.00&remotetranid=1753&', '2016-10-21 11:19:18', '2016-10-21 12:37:08'),
(454, 11036, 1016, '2.00', 2753, 'betwin', '27753399344448e06cf71b10f14859751223d169', 'gameid=1016&userid=11036&md5=27753399344448e06cf71b10f14859751223d169&amount=2.00&remotetranid=2753&', '2016-10-21 11:19:18', '2016-10-21 12:37:08'),
(455, 11036, 1013, '2.0', 2748, 'betwin', '27753399344448e06cf71b10f14859751223d169', 'gameid=1013&userid=11036&md5=27753399344448e06cf71b10f14859751223d169&amount=2.0&remotetranid=2748&', '2016-10-21 11:19:33', '2016-10-21 12:37:08'),
(456, 11036, 1013, '1.73', 2742, 'betwin', '27753399344448e06cf71b10f14859751223d169', 'gameid=1013&userid=11036&md5=27753399344448e06cf71b10f14859751223d169&amount=1.73&remotetranid=2742&', '2016-10-21 11:19:33', '2016-10-21 12:37:08'),
(457, 11036, 1013, '1.73', 2745, 'betwin', '27753399344448e06cf71b10f14859751223d169', 'gameid=1013&userid=11036&md5=27753399344448e06cf71b10f14859751223d169&amount=1.73&remotetranid=2745&', '2016-10-21 11:19:33', '2016-10-21 12:37:08'),
(458, 11036, 1016, '-1.00', 1754, 'betwin', '27753399344448e06cf71b10f14859751223d169', 'gameid=1016&userid=11036&md5=27753399344448e06cf71b10f14859751223d169&amount=-1.00&remotetranid=1754&', '2016-10-21 11:19:34', '2016-10-21 12:37:08'),
(459, 11036, 1016, '2.00', 2754, 'betwin', '27753399344448e06cf71b10f14859751223d169', 'gameid=1016&userid=11036&md5=27753399344448e06cf71b10f14859751223d169&amount=2.00&remotetranid=2754&', '2016-10-21 11:19:35', '2016-10-21 12:37:08'),
(460, 11036, 1016, '-1.00', 1755, 'betwin', '27753399344448e06cf71b10f14859751223d169', 'gameid=1016&userid=11036&md5=27753399344448e06cf71b10f14859751223d169&amount=-1.00&remotetranid=1755&', '2016-10-21 11:19:51', '2016-10-21 12:37:08'),
(461, 11036, 1004, '', 0, 'balance', '27753399344448e06cf71b10f14859751223d169', 'userid=11036&gameid=1004&md5=27753399344448e06cf71b10f14859751223d169&', '2016-10-21 11:20:08', '2016-10-21 12:37:08'),
(462, 11036, 1004, '-1.00', 1756, 'betwin', '27753399344448e06cf71b10f14859751223d169', 'gameid=1004&userid=11036&md5=27753399344448e06cf71b10f14859751223d169&amount=-1.00&remotetranid=1756&', '2016-10-21 11:20:14', '2016-10-21 12:37:08'),
(463, 11036, 1004, '2.00', 2756, 'betwin', '27753399344448e06cf71b10f14859751223d169', 'gameid=1004&userid=11036&md5=27753399344448e06cf71b10f14859751223d169&amount=2.00&remotetranid=2756&', '2016-10-21 11:20:14', '2016-10-21 12:37:08'),
(464, 11036, 1004, '-1.00', 1757, 'betwin', '27753399344448e06cf71b10f14859751223d169', 'gameid=1004&userid=11036&md5=27753399344448e06cf71b10f14859751223d169&amount=-1.00&remotetranid=1757&', '2016-10-21 11:20:21', '2016-10-21 12:37:08'),
(465, 11036, 1004, '0.50', 2757, 'betwin', '27753399344448e06cf71b10f14859751223d169', 'gameid=1004&userid=11036&md5=27753399344448e06cf71b10f14859751223d169&amount=0.50&remotetranid=2757&', '2016-10-21 11:20:21', '2016-10-21 12:37:08'),
(466, 11036, 1048, '', 0, 'balance', '27753399344448e06cf71b10f14859751223d169', 'userid=11036&gameid=1048&md5=27753399344448e06cf71b10f14859751223d169&', '2016-10-21 11:20:28', '2016-10-21 12:37:08'),
(467, 11036, 1048, '-1.00', 1758, 'betwin', '27753399344448e06cf71b10f14859751223d169', 'gameid=1048&userid=11036&md5=27753399344448e06cf71b10f14859751223d169&amount=-1.00&remotetranid=1758&', '2016-10-21 11:20:34', '2016-10-21 12:37:08'),
(468, 11036, 1048, '-1.00', 1759, 'betwin', '27753399344448e06cf71b10f14859751223d169', 'gameid=1048&userid=11036&md5=27753399344448e06cf71b10f14859751223d169&amount=-1.00&remotetranid=1759&', '2016-10-21 11:20:35', '2016-10-21 12:37:08'),
(469, 11036, 1048, '-1.00', 1760, 'betwin', '27753399344448e06cf71b10f14859751223d169', 'gameid=1048&userid=11036&md5=27753399344448e06cf71b10f14859751223d169&amount=-1.00&remotetranid=1760&', '2016-10-21 11:20:35', '2016-10-21 12:37:08'),
(470, 11036, 1048, '-1.00', 1761, 'betwin', '27753399344448e06cf71b10f14859751223d169', 'gameid=1048&userid=11036&md5=27753399344448e06cf71b10f14859751223d169&amount=-1.00&remotetranid=1761&', '2016-10-21 11:20:46', '2016-10-21 12:37:08'),
(471, 11036, 1048, '-1.00', 1762, 'betwin', '27753399344448e06cf71b10f14859751223d169', 'gameid=1048&userid=11036&md5=27753399344448e06cf71b10f14859751223d169&amount=-1.00&remotetranid=1762&', '2016-10-21 11:20:46', '2016-10-21 12:37:08'),
(472, 11036, 1048, '-1.00', 1763, 'betwin', '27753399344448e06cf71b10f14859751223d169', 'gameid=1048&userid=11036&md5=27753399344448e06cf71b10f14859751223d169&amount=-1.00&remotetranid=1763&', '2016-10-21 11:20:47', '2016-10-21 12:37:08'),
(473, 11036, 1048, '-1.00', 1764, 'betwin', '27753399344448e06cf71b10f14859751223d169', 'gameid=1048&userid=11036&md5=27753399344448e06cf71b10f14859751223d169&amount=-1.00&remotetranid=1764&', '2016-10-21 11:20:52', '2016-10-21 12:37:08'),
(474, 11036, 1048, '-1.00', 1765, 'betwin', '27753399344448e06cf71b10f14859751223d169', 'gameid=1048&userid=11036&md5=27753399344448e06cf71b10f14859751223d169&amount=-1.00&remotetranid=1765&', '2016-10-21 11:21:00', '2016-10-21 12:37:08'),
(475, 11036, 1048, '2.00', 2761, 'betwin', '27753399344448e06cf71b10f14859751223d169', 'gameid=1048&userid=11036&md5=27753399344448e06cf71b10f14859751223d169&amount=2.00&remotetranid=2761&', '2016-10-21 11:21:07', '2016-10-21 12:37:08'),
(476, 11036, 1048, '2.00', 2762, 'betwin', '27753399344448e06cf71b10f14859751223d169', 'gameid=1048&userid=11036&md5=27753399344448e06cf71b10f14859751223d169&amount=2.00&remotetranid=2762&', '2016-10-21 11:21:07', '2016-10-21 12:37:08'),
(477, 11036, 1048, '2.00', 2763, 'betwin', '27753399344448e06cf71b10f14859751223d169', 'gameid=1048&userid=11036&md5=27753399344448e06cf71b10f14859751223d169&amount=2.00&remotetranid=2763&', '2016-10-21 11:21:08', '2016-10-21 12:37:08'),
(478, 11036, 1048, '2.00', 2764, 'betwin', '27753399344448e06cf71b10f14859751223d169', 'gameid=1048&userid=11036&md5=27753399344448e06cf71b10f14859751223d169&amount=2.00&remotetranid=2764&', '2016-10-21 11:21:08', '2016-10-21 12:37:08'),
(479, 11036, 1048, '-1.00', 1766, 'betwin', '27753399344448e06cf71b10f14859751223d169', 'gameid=1048&userid=11036&md5=27753399344448e06cf71b10f14859751223d169&amount=-1.00&remotetranid=1766&', '2016-10-21 11:21:17', '2016-10-21 12:37:08'),
(480, 11036, 1048, '-1.00', 1767, 'betwin', '27753399344448e06cf71b10f14859751223d169', 'gameid=1048&userid=11036&md5=27753399344448e06cf71b10f14859751223d169&amount=-1.00&remotetranid=1767&', '2016-10-21 11:21:18', '2016-10-21 12:37:08'),
(481, 11036, 1048, '-1.00', 1768, 'betwin', '27753399344448e06cf71b10f14859751223d169', 'gameid=1048&userid=11036&md5=27753399344448e06cf71b10f14859751223d169&amount=-1.00&remotetranid=1768&', '2016-10-21 11:21:18', '2016-10-21 12:37:08'),
(482, 11036, 1048, '-1.00', 1769, 'betwin', '27753399344448e06cf71b10f14859751223d169', 'gameid=1048&userid=11036&md5=27753399344448e06cf71b10f14859751223d169&amount=-1.00&remotetranid=1769&', '2016-10-21 11:21:23', '2016-10-21 12:37:08'),
(483, 11036, 1048, '2.00', 2766, 'betwin', '27753399344448e06cf71b10f14859751223d169', 'gameid=1048&userid=11036&md5=27753399344448e06cf71b10f14859751223d169&amount=2.00&remotetranid=2766&', '2016-10-21 11:21:34', '2016-10-21 12:37:08'),
(484, 11036, 1048, '2.00', 2767, 'betwin', '27753399344448e06cf71b10f14859751223d169', 'gameid=1048&userid=11036&md5=27753399344448e06cf71b10f14859751223d169&amount=2.00&remotetranid=2767&', '2016-10-21 11:21:34', '2016-10-21 12:37:08'),
(485, 11036, 1048, '2.00', 2768, 'betwin', '27753399344448e06cf71b10f14859751223d169', 'gameid=1048&userid=11036&md5=27753399344448e06cf71b10f14859751223d169&amount=2.00&remotetranid=2768&', '2016-10-21 11:21:35', '2016-10-21 12:37:08'),
(486, 11036, 1048, '2.00', 2769, 'betwin', '27753399344448e06cf71b10f14859751223d169', 'gameid=1048&userid=11036&md5=27753399344448e06cf71b10f14859751223d169&amount=2.00&remotetranid=2769&', '2016-10-21 11:21:35', '2016-10-21 12:37:08'),
(487, 11036, 1048, '-1.00', 1770, 'betwin', '27753399344448e06cf71b10f14859751223d169', 'gameid=1048&userid=11036&md5=27753399344448e06cf71b10f14859751223d169&amount=-1.00&remotetranid=1770&', '2016-10-21 11:21:43', '2016-10-21 12:37:08'),
(488, 11036, 1048, '-1.00', 1771, 'betwin', '27753399344448e06cf71b10f14859751223d169', 'gameid=1048&userid=11036&md5=27753399344448e06cf71b10f14859751223d169&amount=-1.00&remotetranid=1771&', '2016-10-21 11:21:43', '2016-10-21 12:37:08'),
(489, 11036, 1048, '-1.00', 1772, 'betwin', '27753399344448e06cf71b10f14859751223d169', 'gameid=1048&userid=11036&md5=27753399344448e06cf71b10f14859751223d169&amount=-1.00&remotetranid=1772&', '2016-10-21 11:21:44', '2016-10-21 12:37:08'),
(490, 11036, 1048, '2.00', 2770, 'betwin', '27753399344448e06cf71b10f14859751223d169', 'gameid=1048&userid=11036&md5=27753399344448e06cf71b10f14859751223d169&amount=2.00&remotetranid=2770&', '2016-10-21 11:21:54', '2016-10-21 12:37:08'),
(491, 11036, 1048, '2.50', 2772, 'betwin', '27753399344448e06cf71b10f14859751223d169', 'gameid=1048&userid=11036&md5=27753399344448e06cf71b10f14859751223d169&amount=2.50&remotetranid=2772&', '2016-10-21 11:21:55', '2016-10-21 12:37:08'),
(492, 11036, 1048, '-1.00', 1773, 'betwin', '27753399344448e06cf71b10f14859751223d169', 'gameid=1048&userid=11036&md5=27753399344448e06cf71b10f14859751223d169&amount=-1.00&remotetranid=1773&', '2016-10-21 11:22:01', '2016-10-21 12:37:08'),
(493, 11036, 1048, '-1.00', 1774, 'betwin', '27753399344448e06cf71b10f14859751223d169', 'gameid=1048&userid=11036&md5=27753399344448e06cf71b10f14859751223d169&amount=-1.00&remotetranid=1774&', '2016-10-21 11:22:01', '2016-10-21 12:37:08'),
(494, 11036, 1048, '-1.00', 1775, 'betwin', '27753399344448e06cf71b10f14859751223d169', 'gameid=1048&userid=11036&md5=27753399344448e06cf71b10f14859751223d169&amount=-1.00&remotetranid=1775&', '2016-10-21 11:22:02', '2016-10-21 12:37:08'),
(495, 11036, 1048, '2.00', 2773, 'betwin', '27753399344448e06cf71b10f14859751223d169', 'gameid=1048&userid=11036&md5=27753399344448e06cf71b10f14859751223d169&amount=2.00&remotetranid=2773&', '2016-10-21 11:22:22', '2016-10-21 12:37:08'),
(496, 11036, 1048, '-1.00', 1776, 'betwin', '27753399344448e06cf71b10f14859751223d169', 'gameid=1048&userid=11036&md5=27753399344448e06cf71b10f14859751223d169&amount=-1.00&remotetranid=1776&', '2016-10-21 11:22:32', '2016-10-21 12:37:08'),
(497, 11036, 1048, '-1.00', 1777, 'betwin', '27753399344448e06cf71b10f14859751223d169', 'gameid=1048&userid=11036&md5=27753399344448e06cf71b10f14859751223d169&amount=-1.00&remotetranid=1777&', '2016-10-21 11:22:32', '2016-10-21 12:37:08'),
(498, 11036, 1048, '-1.00', 1778, 'betwin', '27753399344448e06cf71b10f14859751223d169', 'gameid=1048&userid=11036&md5=27753399344448e06cf71b10f14859751223d169&amount=-1.00&remotetranid=1778&', '2016-10-21 11:22:33', '2016-10-21 12:37:08'),
(499, 11036, 1048, '-1.00', 1779, 'betwin', '27753399344448e06cf71b10f14859751223d169', 'gameid=1048&userid=11036&md5=27753399344448e06cf71b10f14859751223d169&amount=-1.00&remotetranid=1779&', '2016-10-21 11:23:01', '2016-10-21 12:37:08'),
(500, 11036, 1048, '2.00', 2776, 'betwin', '27753399344448e06cf71b10f14859751223d169', 'gameid=1048&userid=11036&md5=27753399344448e06cf71b10f14859751223d169&amount=2.00&remotetranid=2776&', '2016-10-21 11:23:04', '2016-10-21 12:37:08'),
(501, 11036, 1048, '2.00', 2777, 'betwin', '27753399344448e06cf71b10f14859751223d169', 'gameid=1048&userid=11036&md5=27753399344448e06cf71b10f14859751223d169&amount=2.00&remotetranid=2777&', '2016-10-21 11:23:04', '2016-10-21 12:37:08'),
(502, 11036, 1048, '2.00', 2779, 'betwin', '27753399344448e06cf71b10f14859751223d169', 'gameid=1048&userid=11036&md5=27753399344448e06cf71b10f14859751223d169&amount=2.00&remotetranid=2779&', '2016-10-21 11:23:05', '2016-10-21 12:37:08'),
(503, 11036, 1048, '2.00', 2778, 'betwin', '27753399344448e06cf71b10f14859751223d169', 'gameid=1048&userid=11036&md5=27753399344448e06cf71b10f14859751223d169&amount=2.00&remotetranid=2778&', '2016-10-21 11:23:05', '2016-10-21 12:37:08'),
(504, 11036, 1048, '-1.00', 1780, 'betwin', '27753399344448e06cf71b10f14859751223d169', 'gameid=1048&userid=11036&md5=27753399344448e06cf71b10f14859751223d169&amount=-1.00&remotetranid=1780&', '2016-10-21 11:24:54', '2016-10-21 12:37:08'),
(505, 11036, 1048, '-1.00', 1781, 'betwin', '27753399344448e06cf71b10f14859751223d169', 'gameid=1048&userid=11036&md5=27753399344448e06cf71b10f14859751223d169&amount=-1.00&remotetranid=1781&', '2016-10-21 11:24:55', '2016-10-21 12:37:08'),
(506, 11036, 1048, '-1.00', 1782, 'betwin', '27753399344448e06cf71b10f14859751223d169', 'gameid=1048&userid=11036&md5=27753399344448e06cf71b10f14859751223d169&amount=-1.00&remotetranid=1782&', '2016-10-21 11:24:55', '2016-10-21 12:37:08'),
(507, 11036, 1048, '-1.00', 1783, 'betwin', '27753399344448e06cf71b10f14859751223d169', 'gameid=1048&userid=11036&md5=27753399344448e06cf71b10f14859751223d169&amount=-1.00&remotetranid=1783&', '2016-10-21 11:25:06', '2016-10-21 12:37:08'),
(508, 11036, 1048, '-1.00', 1784, 'betwin', '27753399344448e06cf71b10f14859751223d169', 'gameid=1048&userid=11036&md5=27753399344448e06cf71b10f14859751223d169&amount=-1.00&remotetranid=1784&', '2016-10-21 11:25:09', '2016-10-21 12:37:08'),
(509, 11036, 1044, '', 0, 'balance', '27753399344448e06cf71b10f14859751223d169', 'userid=11036&gameid=1044&md5=27753399344448e06cf71b10f14859751223d169&', '2016-10-21 11:25:18', '2016-10-21 12:37:08'),
(510, 11036, 1044, '-16.00', 1785, 'betwin', '27753399344448e06cf71b10f14859751223d169', 'gameid=1044&userid=11036&md5=27753399344448e06cf71b10f14859751223d169&amount=-16.00&remotetranid=1785&', '2016-10-21 11:25:24', '2016-10-21 12:37:08'),
(511, 11036, 1044, '-16.00', 1786, 'betwin', '27753399344448e06cf71b10f14859751223d169', 'gameid=1044&userid=11036&md5=27753399344448e06cf71b10f14859751223d169&amount=-16.00&remotetranid=1786&', '2016-10-21 11:25:32', '2016-10-21 12:37:08'),
(512, 11036, 1044, '-16.00', 1787, 'betwin', '27753399344448e06cf71b10f14859751223d169', 'gameid=1044&userid=11036&md5=27753399344448e06cf71b10f14859751223d169&amount=-16.00&remotetranid=1787&', '2016-10-21 11:25:36', '2016-10-21 12:37:08'),
(513, 11036, 1044, '32.00', 2787, 'betwin', '27753399344448e06cf71b10f14859751223d169', 'gameid=1044&userid=11036&md5=27753399344448e06cf71b10f14859751223d169&amount=32.00&remotetranid=2787&', '2016-10-21 11:25:36', '2016-10-21 12:37:08'),
(514, 11036, 1044, '32.00', 2786, 'betwin', '27753399344448e06cf71b10f14859751223d169', 'gameid=1044&userid=11036&md5=27753399344448e06cf71b10f14859751223d169&amount=32.00&remotetranid=2786&', '2016-10-21 11:25:37', '2016-10-21 12:37:08'),
(515, 11036, 1044, '-16.00', 1788, 'betwin', '27753399344448e06cf71b10f14859751223d169', 'gameid=1044&userid=11036&md5=27753399344448e06cf71b10f14859751223d169&amount=-16.00&remotetranid=1788&', '2016-10-21 11:25:40', '2016-10-21 12:37:08'),
(516, 11036, 1044, '-16.00', 1789, 'betwin', '27753399344448e06cf71b10f14859751223d169', 'gameid=1044&userid=11036&md5=27753399344448e06cf71b10f14859751223d169&amount=-16.00&remotetranid=1789&', '2016-10-21 11:25:45', '2016-10-21 12:37:08'),
(517, 11036, 1044, '32.00', 2789, 'betwin', '27753399344448e06cf71b10f14859751223d169', 'gameid=1044&userid=11036&md5=27753399344448e06cf71b10f14859751223d169&amount=32.00&remotetranid=2789&', '2016-10-21 11:25:45', '2016-10-21 12:37:08'),
(518, 11036, 1044, '32.00', 2788, 'betwin', '27753399344448e06cf71b10f14859751223d169', 'gameid=1044&userid=11036&md5=27753399344448e06cf71b10f14859751223d169&amount=32.00&remotetranid=2788&', '2016-10-21 11:25:45', '2016-10-21 12:37:08'),
(519, 11036, 1046, '', 0, 'balance', '27753399344448e06cf71b10f14859751223d169', 'userid=11036&gameid=1046&md5=27753399344448e06cf71b10f14859751223d169&', '2016-10-21 11:25:51', '2016-10-21 12:37:08'),
(520, 11036, 1046, '-1.00', 1790, 'betwin', '27753399344448e06cf71b10f14859751223d169', 'gameid=1046&userid=11036&md5=27753399344448e06cf71b10f14859751223d169&amount=-1.00&remotetranid=1790&', '2016-10-21 11:25:59', '2016-10-21 12:37:08'),
(521, 11036, 1046, '-2.00', 1791, 'betwin', '27753399344448e06cf71b10f14859751223d169', 'gameid=1046&userid=11036&md5=27753399344448e06cf71b10f14859751223d169&amount=-2.00&remotetranid=1791&', '2016-10-21 11:26:02', '2016-10-21 12:37:08'),
(522, 11036, 1046, '-1.00', 1792, 'betwin', '27753399344448e06cf71b10f14859751223d169', 'gameid=1046&userid=11036&md5=27753399344448e06cf71b10f14859751223d169&amount=-1.00&remotetranid=1792&', '2016-10-21 11:26:06', '2016-10-21 12:37:08'),
(523, 11036, 1046, '-1.00', 1793, 'betwin', '27753399344448e06cf71b10f14859751223d169', 'gameid=1046&userid=11036&md5=27753399344448e06cf71b10f14859751223d169&amount=-1.00&remotetranid=1793&', '2016-10-21 11:26:10', '2016-10-21 12:37:08'),
(524, 11036, 1046, '1.00', 2790, 'betwin', '27753399344448e06cf71b10f14859751223d169', 'gameid=1046&userid=11036&md5=27753399344448e06cf71b10f14859751223d169&amount=1.00&remotetranid=2790&', '2016-10-21 11:26:11', '2016-10-21 12:37:08'),
(525, 11036, 1046, '2.00', 2791, 'betwin', '27753399344448e06cf71b10f14859751223d169', 'gameid=1046&userid=11036&md5=27753399344448e06cf71b10f14859751223d169&amount=2.00&remotetranid=2791&', '2016-10-21 11:26:11', '2016-10-21 12:37:08'),
(526, 11036, 1046, '1.00', 2792, 'betwin', '27753399344448e06cf71b10f14859751223d169', 'gameid=1046&userid=11036&md5=27753399344448e06cf71b10f14859751223d169&amount=1.00&remotetranid=2792&', '2016-10-21 11:26:11', '2016-10-21 12:37:08'),
(527, 11036, 1046, '1.00', 2793, 'betwin', '27753399344448e06cf71b10f14859751223d169', 'gameid=1046&userid=11036&md5=27753399344448e06cf71b10f14859751223d169&amount=1.00&remotetranid=2793&', '2016-10-21 11:26:12', '2016-10-21 12:37:08'),
(528, 11036, 1046, '-2.00', 1794, 'betwin', '27753399344448e06cf71b10f14859751223d169', 'gameid=1046&userid=11036&md5=27753399344448e06cf71b10f14859751223d169&amount=-2.00&remotetranid=1794&', '2016-10-21 11:26:20', '2016-10-21 12:37:08'),
(529, 11036, 1046, '-4.00', 1795, 'betwin', '27753399344448e06cf71b10f14859751223d169', 'gameid=1046&userid=11036&md5=27753399344448e06cf71b10f14859751223d169&amount=-4.00&remotetranid=1795&', '2016-10-21 11:26:24', '2016-10-21 12:37:08'),
(530, 11036, 1046, '-2.00', 1796, 'betwin', '27753399344448e06cf71b10f14859751223d169', 'gameid=1046&userid=11036&md5=27753399344448e06cf71b10f14859751223d169&amount=-2.00&remotetranid=1796&', '2016-10-21 11:26:27', '2016-10-21 12:37:08'),
(531, 11036, 1046, '-2.00', 1797, 'betwin', '27753399344448e06cf71b10f14859751223d169', 'gameid=1046&userid=11036&md5=27753399344448e06cf71b10f14859751223d169&amount=-2.00&remotetranid=1797&', '2016-10-21 11:26:31', '2016-10-21 12:37:08'),
(532, 11036, 1046, '4.00', 2794, 'betwin', '27753399344448e06cf71b10f14859751223d169', 'gameid=1046&userid=11036&md5=27753399344448e06cf71b10f14859751223d169&amount=4.00&remotetranid=2794&', '2016-10-21 11:26:31', '2016-10-21 12:37:08'),
(533, 11036, 1046, '8.00', 2795, 'betwin', '27753399344448e06cf71b10f14859751223d169', 'gameid=1046&userid=11036&md5=27753399344448e06cf71b10f14859751223d169&amount=8.00&remotetranid=2795&', '2016-10-21 11:26:31', '2016-10-21 12:37:08'),
(534, 11036, 1046, '4.00', 2796, 'betwin', '27753399344448e06cf71b10f14859751223d169', 'gameid=1046&userid=11036&md5=27753399344448e06cf71b10f14859751223d169&amount=4.00&remotetranid=2796&', '2016-10-21 11:26:32', '2016-10-21 12:37:08'),
(535, 11036, 1046, '4.00', 2797, 'betwin', '27753399344448e06cf71b10f14859751223d169', 'gameid=1046&userid=11036&md5=27753399344448e06cf71b10f14859751223d169&amount=4.00&remotetranid=2797&', '2016-10-21 11:26:32', '2016-10-21 12:37:08'),
(536, 11036, 1046, '-2.00', 1798, 'betwin', '27753399344448e06cf71b10f14859751223d169', 'gameid=1046&userid=11036&md5=27753399344448e06cf71b10f14859751223d169&amount=-2.00&remotetranid=1798&', '2016-10-21 11:26:46', '2016-10-21 12:37:08'),
(537, 11036, 1046, '-4.00', 1799, 'betwin', '27753399344448e06cf71b10f14859751223d169', 'gameid=1046&userid=11036&md5=27753399344448e06cf71b10f14859751223d169&amount=-4.00&remotetranid=1799&', '2016-10-21 11:26:49', '2016-10-21 12:37:08'),
(538, 11036, 1046, '2.00', 2798, 'betwin', '27753399344448e06cf71b10f14859751223d169', 'gameid=1046&userid=11036&md5=27753399344448e06cf71b10f14859751223d169&amount=2.00&remotetranid=2798&', '2016-10-21 11:26:56', '2016-10-21 12:37:08'),
(539, 11036, 1046, '8.00', 2799, 'betwin', '27753399344448e06cf71b10f14859751223d169', 'gameid=1046&userid=11036&md5=27753399344448e06cf71b10f14859751223d169&amount=8.00&remotetranid=2799&', '2016-10-21 11:26:57', '2016-10-21 12:37:08'),
(540, 11036, 1049, '', 0, 'balance', '27753399344448e06cf71b10f14859751223d169', 'userid=11036&gameid=1049&md5=27753399344448e06cf71b10f14859751223d169&', '2016-10-21 11:27:07', '2016-10-21 12:37:08'),
(541, 11036, 1049, '-12.00', 1800, 'betwin', '27753399344448e06cf71b10f14859751223d169', 'gameid=1049&userid=11036&md5=27753399344448e06cf71b10f14859751223d169&amount=-12.00&remotetranid=1800&', '2016-10-21 11:27:19', '2016-10-21 12:37:08'),
(542, 11036, 1049, '-12.00', 1801, 'betwin', '27753399344448e06cf71b10f14859751223d169', 'gameid=1049&userid=11036&md5=27753399344448e06cf71b10f14859751223d169&amount=-12.00&remotetranid=1801&', '2016-10-21 11:27:27', '2016-10-21 12:37:08'),
(543, 11036, 1049, '-12.00', 1802, 'betwin', '27753399344448e06cf71b10f14859751223d169', 'gameid=1049&userid=11036&md5=27753399344448e06cf71b10f14859751223d169&amount=-12.00&remotetranid=1802&', '2016-10-21 11:27:34', '2016-10-21 12:37:08'),
(544, 11036, 1049, '-12.00', 1803, 'betwin', '27753399344448e06cf71b10f14859751223d169', 'gameid=1049&userid=11036&md5=27753399344448e06cf71b10f14859751223d169&amount=-12.00&remotetranid=1803&', '2016-10-21 11:27:41', '2016-10-21 12:37:08'),
(545, 11036, 1049, '-24.00', 1804, 'betwin', '27753399344448e06cf71b10f14859751223d169', 'gameid=1049&userid=11036&md5=27753399344448e06cf71b10f14859751223d169&amount=-24.00&remotetranid=1804&', '2016-10-21 11:27:48', '2016-10-21 12:37:08'),
(546, 11036, 1049, '-24.00', 1805, 'betwin', '27753399344448e06cf71b10f14859751223d169', 'gameid=1049&userid=11036&md5=27753399344448e06cf71b10f14859751223d169&amount=-24.00&remotetranid=1805&', '2016-10-21 11:27:55', '2016-10-21 12:37:08'),
(547, 11036, 1049, '-24.00', 1806, 'betwin', '27753399344448e06cf71b10f14859751223d169', 'gameid=1049&userid=11036&md5=27753399344448e06cf71b10f14859751223d169&amount=-24.00&remotetranid=1806&', '2016-10-21 11:28:02', '2016-10-21 12:37:08'),
(548, 11036, 1049, '-24.00', 1807, 'betwin', '27753399344448e06cf71b10f14859751223d169', 'gameid=1049&userid=11036&md5=27753399344448e06cf71b10f14859751223d169&amount=-24.00&remotetranid=1807&', '2016-10-21 11:28:10', '2016-10-21 12:37:08'),
(549, 11036, 1049, '-24.00', 1808, 'betwin', '27753399344448e06cf71b10f14859751223d169', 'gameid=1049&userid=11036&md5=27753399344448e06cf71b10f14859751223d169&amount=-24.00&remotetranid=1808&', '2016-10-21 11:28:17', '2016-10-21 12:37:08'),
(550, 11036, 1049, '-24.00', 1809, 'betwin', '27753399344448e06cf71b10f14859751223d169', 'gameid=1049&userid=11036&md5=27753399344448e06cf71b10f14859751223d169&amount=-24.00&remotetranid=1809&', '2016-10-21 11:28:24', '2016-10-21 12:37:08'),
(551, 11036, 1049, '-24.00', 1810, 'betwin', '27753399344448e06cf71b10f14859751223d169', 'gameid=1049&userid=11036&md5=27753399344448e06cf71b10f14859751223d169&amount=-24.00&remotetranid=1810&', '2016-10-21 11:28:32', '2016-10-21 12:37:08'),
(552, 11036, 1030, '', 0, 'balance', '27753399344448e06cf71b10f14859751223d169', 'userid=11036&gameid=1030&md5=27753399344448e06cf71b10f14859751223d169&', '2016-10-21 11:28:51', '2016-10-21 12:37:08'),
(553, 11036, 1030, '-1.40', 1811, 'betwin', '27753399344448e06cf71b10f14859751223d169', 'gameid=1030&userid=11036&md5=27753399344448e06cf71b10f14859751223d169&amount=-1.40&remotetranid=1811&', '2016-10-21 11:29:04', '2016-10-21 12:37:08'),
(554, 11036, 1030, '0.70', 2811, 'betwin', '27753399344448e06cf71b10f14859751223d169', 'gameid=1030&userid=11036&md5=27753399344448e06cf71b10f14859751223d169&amount=0.70&remotetranid=2811&', '2016-10-21 11:29:04', '2016-10-21 12:37:08'),
(555, 11036, 1030, '-1.40', 1812, 'betwin', '27753399344448e06cf71b10f14859751223d169', 'gameid=1030&userid=11036&md5=27753399344448e06cf71b10f14859751223d169&amount=-1.40&remotetranid=1812&', '2016-10-21 11:29:10', '2016-10-21 12:37:08'),
(556, 11036, 1030, '-1.40', 1813, 'betwin', '27753399344448e06cf71b10f14859751223d169', 'gameid=1030&userid=11036&md5=27753399344448e06cf71b10f14859751223d169&amount=-1.40&remotetranid=1813&', '2016-10-21 11:29:16', '2016-10-21 12:37:08'),
(557, 11036, 1030, '-1.40', 1814, 'betwin', '27753399344448e06cf71b10f14859751223d169', 'gameid=1030&userid=11036&md5=27753399344448e06cf71b10f14859751223d169&amount=-1.40&remotetranid=1814&', '2016-10-21 11:29:21', '2016-10-21 12:37:08'),
(558, 11036, 1030, '-1.40', 1815, 'betwin', '27753399344448e06cf71b10f14859751223d169', 'gameid=1030&userid=11036&md5=27753399344448e06cf71b10f14859751223d169&amount=-1.40&remotetranid=1815&', '2016-10-21 11:29:27', '2016-10-21 12:37:08'),
(559, 11036, 1030, '-1.40', 1816, 'betwin', '27753399344448e06cf71b10f14859751223d169', 'gameid=1030&userid=11036&md5=27753399344448e06cf71b10f14859751223d169&amount=-1.40&remotetranid=1816&', '2016-10-21 11:29:32', '2016-10-21 12:37:08'),
(560, 11036, 1030, '-1.40', 1817, 'betwin', '27753399344448e06cf71b10f14859751223d169', 'gameid=1030&userid=11036&md5=27753399344448e06cf71b10f14859751223d169&amount=-1.40&remotetranid=1817&', '2016-10-21 11:29:38', '2016-10-21 12:37:08'),
(561, 11036, 1030, '-1.40', 1818, 'betwin', '27753399344448e06cf71b10f14859751223d169', 'gameid=1030&userid=11036&md5=27753399344448e06cf71b10f14859751223d169&amount=-1.40&remotetranid=1818&', '2016-10-21 11:29:43', '2016-10-21 12:37:08'),
(562, 11036, 1030, '6.30', 2818, 'betwin', '27753399344448e06cf71b10f14859751223d169', 'gameid=1030&userid=11036&md5=27753399344448e06cf71b10f14859751223d169&amount=6.30&remotetranid=2818&', '2016-10-21 11:29:44', '2016-10-21 12:37:08'),
(563, 11036, 1030, '-1.40', 1819, 'betwin', '27753399344448e06cf71b10f14859751223d169', 'gameid=1030&userid=11036&md5=27753399344448e06cf71b10f14859751223d169&amount=-1.40&remotetranid=1819&', '2016-10-21 11:29:49', '2016-10-21 12:37:08'),
(564, 11036, 1030, '3.20', 2819, 'betwin', '27753399344448e06cf71b10f14859751223d169', 'gameid=1030&userid=11036&md5=27753399344448e06cf71b10f14859751223d169&amount=3.20&remotetranid=2819&', '2016-10-21 11:29:50', '2016-10-21 12:37:08'),
(565, 11036, 1030, '-1.40', 1820, 'betwin', '27753399344448e06cf71b10f14859751223d169', 'gameid=1030&userid=11036&md5=27753399344448e06cf71b10f14859751223d169&amount=-1.40&remotetranid=1820&', '2016-10-21 11:29:55', '2016-10-21 12:37:08'),
(566, 11036, 1030, '10.20', 2820, 'betwin', '27753399344448e06cf71b10f14859751223d169', 'gameid=1030&userid=11036&md5=27753399344448e06cf71b10f14859751223d169&amount=10.20&remotetranid=2820&', '2016-10-21 11:29:55', '2016-10-21 12:37:08'),
(567, 11036, 1030, '-1.40', 1821, 'betwin', '27753399344448e06cf71b10f14859751223d169', 'gameid=1030&userid=11036&md5=27753399344448e06cf71b10f14859751223d169&amount=-1.40&remotetranid=1821&', '2016-10-21 11:30:01', '2016-10-21 12:37:08'),
(568, 11036, 1030, '-1.40', 1822, 'betwin', '27753399344448e06cf71b10f14859751223d169', 'gameid=1030&userid=11036&md5=27753399344448e06cf71b10f14859751223d169&amount=-1.40&remotetranid=1822&', '2016-10-21 11:30:10', '2016-10-21 12:37:08'),
(569, 11036, 1030, '1.90', 2822, 'betwin', '27753399344448e06cf71b10f14859751223d169', 'gameid=1030&userid=11036&md5=27753399344448e06cf71b10f14859751223d169&amount=1.90&remotetranid=2822&', '2016-10-21 11:30:10', '2016-10-21 12:37:08'),
(570, 11036, 1030, '-1.40', 1823, 'betwin', '27753399344448e06cf71b10f14859751223d169', 'gameid=1030&userid=11036&md5=27753399344448e06cf71b10f14859751223d169&amount=-1.40&remotetranid=1823&', '2016-10-21 11:30:16', '2016-10-21 12:37:08'),
(571, 11036, 1030, '-1.40', 1824, 'betwin', '27753399344448e06cf71b10f14859751223d169', 'gameid=1030&userid=11036&md5=27753399344448e06cf71b10f14859751223d169&amount=-1.40&remotetranid=1824&', '2016-10-21 11:30:21', '2016-10-21 12:37:08'),
(572, 11036, 1030, '-1.40', 1825, 'betwin', '27753399344448e06cf71b10f14859751223d169', 'gameid=1030&userid=11036&md5=27753399344448e06cf71b10f14859751223d169&amount=-1.40&remotetranid=1825&', '2016-10-21 11:30:41', '2016-10-21 12:37:08'),
(573, 11036, 1030, '-1.40', 1826, 'betwin', '27753399344448e06cf71b10f14859751223d169', 'gameid=1030&userid=11036&md5=27753399344448e06cf71b10f14859751223d169&amount=-1.40&remotetranid=1826&', '2016-10-21 11:30:46', '2016-10-21 12:37:08'),
(574, 11036, 1030, '3.10', 2826, 'betwin', '27753399344448e06cf71b10f14859751223d169', 'gameid=1030&userid=11036&md5=27753399344448e06cf71b10f14859751223d169&amount=3.10&remotetranid=2826&', '2016-10-21 11:30:46', '2016-10-21 12:37:08'),
(575, 11036, 1030, '-1.40', 1827, 'betwin', '27753399344448e06cf71b10f14859751223d169', 'gameid=1030&userid=11036&md5=27753399344448e06cf71b10f14859751223d169&amount=-1.40&remotetranid=1827&', '2016-10-21 11:30:52', '2016-10-21 12:37:08'),
(576, 11036, 1030, '7.80', 2827, 'betwin', '27753399344448e06cf71b10f14859751223d169', 'gameid=1030&userid=11036&md5=27753399344448e06cf71b10f14859751223d169&amount=7.80&remotetranid=2827&', '2016-10-21 11:30:53', '2016-10-21 12:37:08'),
(577, 11036, 1030, '-1.40', 1828, 'betwin', '27753399344448e06cf71b10f14859751223d169', 'gameid=1030&userid=11036&md5=27753399344448e06cf71b10f14859751223d169&amount=-1.40&remotetranid=1828&', '2016-10-21 11:30:58', '2016-10-21 12:37:08'),
(578, 11036, 2007, '', 0, 'balance', '27753399344448e06cf71b10f14859751223d169', 'userid=11036&gameid=2007&md5=27753399344448e06cf71b10f14859751223d169&', '2016-10-21 11:31:27', '2016-10-21 12:37:08'),
(579, 11036, 2007, '-0.25', 1829, 'betwin', '27753399344448e06cf71b10f14859751223d169', 'gameid=2007&userid=11036&md5=27753399344448e06cf71b10f14859751223d169&amount=-0.25&remotetranid=1829&', '2016-10-21 11:31:35', '2016-10-21 12:37:08'),
(580, 11036, 2007, '0.45', 2829, 'betwin', '27753399344448e06cf71b10f14859751223d169', 'gameid=2007&userid=11036&md5=27753399344448e06cf71b10f14859751223d169&amount=0.45&remotetranid=2829&', '2016-10-21 11:31:36', '2016-10-21 12:37:08'),
(581, 11036, 2007, '-0.25', 1830, 'betwin', '27753399344448e06cf71b10f14859751223d169', 'gameid=2007&userid=11036&md5=27753399344448e06cf71b10f14859751223d169&amount=-0.25&remotetranid=1830&', '2016-10-21 11:31:44', '2016-10-21 12:37:08'),
(582, 11036, 2007, '0.00', 2830, 'betwin', '27753399344448e06cf71b10f14859751223d169', 'gameid=2007&userid=11036&md5=27753399344448e06cf71b10f14859751223d169&amount=0.00&remotetranid=2830&', '2016-10-21 11:31:45', '2016-10-21 12:37:08'),
(583, 11036, 2007, '-0.25', 1831, 'betwin', '27753399344448e06cf71b10f14859751223d169', 'gameid=2007&userid=11036&md5=27753399344448e06cf71b10f14859751223d169&amount=-0.25&remotetranid=1831&', '2016-10-21 11:31:51', '2016-10-21 12:37:08'),
(584, 11036, 2007, '0.08', 2831, 'betwin', '27753399344448e06cf71b10f14859751223d169', 'gameid=2007&userid=11036&md5=27753399344448e06cf71b10f14859751223d169&amount=0.08&remotetranid=2831&', '2016-10-21 11:31:52', '2016-10-21 12:37:08'),
(585, 11036, 2007, '-0.25', 1832, 'betwin', '27753399344448e06cf71b10f14859751223d169', 'gameid=2007&userid=11036&md5=27753399344448e06cf71b10f14859751223d169&amount=-0.25&remotetranid=1832&', '2016-10-21 11:32:00', '2016-10-21 12:37:08'),
(586, 11036, 2007, '0.15', 2832, 'betwin', '27753399344448e06cf71b10f14859751223d169', 'gameid=2007&userid=11036&md5=27753399344448e06cf71b10f14859751223d169&amount=0.15&remotetranid=2832&', '2016-10-21 11:32:00', '2016-10-21 12:37:08'),
(587, 11036, 2007, '-0.25', 1833, 'betwin', '27753399344448e06cf71b10f14859751223d169', 'gameid=2007&userid=11036&md5=27753399344448e06cf71b10f14859751223d169&amount=-0.25&remotetranid=1833&', '2016-10-21 11:32:05', '2016-10-21 12:37:08'),
(588, 11036, 2007, '0.00', 2833, 'betwin', '27753399344448e06cf71b10f14859751223d169', 'gameid=2007&userid=11036&md5=27753399344448e06cf71b10f14859751223d169&amount=0.00&remotetranid=2833&', '2016-10-21 11:32:06', '2016-10-21 12:37:08'),
(589, 11036, 2007, '-0.25', 1834, 'betwin', '27753399344448e06cf71b10f14859751223d169', 'gameid=2007&userid=11036&md5=27753399344448e06cf71b10f14859751223d169&amount=-0.25&remotetranid=1834&', '2016-10-21 11:32:09', '2016-10-21 12:37:08'),
(590, 11036, 2007, '0.21', 2834, 'betwin', '27753399344448e06cf71b10f14859751223d169', 'gameid=2007&userid=11036&md5=27753399344448e06cf71b10f14859751223d169&amount=0.21&remotetranid=2834&', '2016-10-21 11:32:09', '2016-10-21 12:37:08'),
(591, 11036, 2007, '-0.25', 1835, 'betwin', '27753399344448e06cf71b10f14859751223d169', 'gameid=2007&userid=11036&md5=27753399344448e06cf71b10f14859751223d169&amount=-0.25&remotetranid=1835&', '2016-10-21 11:32:18', '2016-10-21 12:37:08'),
(592, 11036, 2007, '0.00', 2835, 'betwin', '27753399344448e06cf71b10f14859751223d169', 'gameid=2007&userid=11036&md5=27753399344448e06cf71b10f14859751223d169&amount=0.00&remotetranid=2835&', '2016-10-21 11:32:18', '2016-10-21 12:37:08'),
(593, 11036, 2007, '-0.25', 1836, 'betwin', '27753399344448e06cf71b10f14859751223d169', 'gameid=2007&userid=11036&md5=27753399344448e06cf71b10f14859751223d169&amount=-0.25&remotetranid=1836&', '2016-10-21 11:32:21', '2016-10-21 12:37:08'),
(594, 11036, 2007, '2.75', 2836, 'betwin', '27753399344448e06cf71b10f14859751223d169', 'gameid=2007&userid=11036&md5=27753399344448e06cf71b10f14859751223d169&amount=2.75&remotetranid=2836&', '2016-10-21 11:32:21', '2016-10-21 12:37:08'),
(595, 11036, 2007, '-0.25', 1837, 'betwin', '27753399344448e06cf71b10f14859751223d169', 'gameid=2007&userid=11036&md5=27753399344448e06cf71b10f14859751223d169&amount=-0.25&remotetranid=1837&', '2016-10-21 11:35:37', '2016-10-21 12:37:08'),
(596, 11036, 2007, '0.00', 2837, 'betwin', '27753399344448e06cf71b10f14859751223d169', 'gameid=2007&userid=11036&md5=27753399344448e06cf71b10f14859751223d169&amount=0.00&remotetranid=2837&', '2016-10-21 11:35:37', '2016-10-21 12:37:08'),
(597, 11036, 1036, '', 0, 'balance', '27753399344448e06cf71b10f14859751223d169', 'userid=11036&gameid=1036&md5=27753399344448e06cf71b10f14859751223d169&', '2016-10-21 11:35:50', '2016-10-21 12:37:08'),
(598, 11036, 1036, '-0.05', 1838, 'betwin', '27753399344448e06cf71b10f14859751223d169', 'gameid=1036&userid=11036&md5=27753399344448e06cf71b10f14859751223d169&amount=-0.05&remotetranid=1838&', '2016-10-21 11:35:57', '2016-10-21 12:37:08'),
(599, 11036, 1036, '0.00', 2838, 'betwin', '27753399344448e06cf71b10f14859751223d169', 'gameid=1036&userid=11036&md5=27753399344448e06cf71b10f14859751223d169&amount=0.00&remotetranid=2838&', '2016-10-21 11:35:57', '2016-10-21 12:37:08'),
(600, 11036, 1036, '-0.05', 1839, 'betwin', '27753399344448e06cf71b10f14859751223d169', 'gameid=1036&userid=11036&md5=27753399344448e06cf71b10f14859751223d169&amount=-0.05&remotetranid=1839&', '2016-10-21 11:35:59', '2016-10-21 12:37:08'),
(601, 11036, 1036, '0.00', 2839, 'betwin', '27753399344448e06cf71b10f14859751223d169', 'gameid=1036&userid=11036&md5=27753399344448e06cf71b10f14859751223d169&amount=0.00&remotetranid=2839&', '2016-10-21 11:35:59', '2016-10-21 12:37:08'),
(602, 11036, 1036, '-0.05', 1840, 'betwin', '27753399344448e06cf71b10f14859751223d169', 'gameid=1036&userid=11036&md5=27753399344448e06cf71b10f14859751223d169&amount=-0.05&remotetranid=1840&', '2016-10-21 11:36:01', '2016-10-21 12:37:08'),
(603, 11036, 1036, '0.04', 2840, 'betwin', '27753399344448e06cf71b10f14859751223d169', 'gameid=1036&userid=11036&md5=27753399344448e06cf71b10f14859751223d169&amount=0.04&remotetranid=2840&', '2016-10-21 11:36:01', '2016-10-21 12:37:08'),
(604, 11036, 1036, '-0.05', 1841, 'betwin', '27753399344448e06cf71b10f14859751223d169', 'gameid=1036&userid=11036&md5=27753399344448e06cf71b10f14859751223d169&amount=-0.05&remotetranid=1841&', '2016-10-21 11:36:05', '2016-10-21 12:37:08'),
(605, 11036, 1036, '0.00', 2841, 'betwin', '27753399344448e06cf71b10f14859751223d169', 'gameid=1036&userid=11036&md5=27753399344448e06cf71b10f14859751223d169&amount=0.00&remotetranid=2841&', '2016-10-21 11:36:05', '2016-10-21 12:37:08'),
(606, 11036, 1036, '-0.05', 1842, 'betwin', '27753399344448e06cf71b10f14859751223d169', 'gameid=1036&userid=11036&md5=27753399344448e06cf71b10f14859751223d169&amount=-0.05&remotetranid=1842&', '2016-10-21 11:36:07', '2016-10-21 12:37:08'),
(607, 11036, 1036, '0.24', 2842, 'betwin', '27753399344448e06cf71b10f14859751223d169', 'gameid=1036&userid=11036&md5=27753399344448e06cf71b10f14859751223d169&amount=0.24&remotetranid=2842&', '2016-10-21 11:36:07', '2016-10-21 12:37:08'),
(608, 11036, 1036, '-0.05', 1843, 'betwin', '27753399344448e06cf71b10f14859751223d169', 'gameid=1036&userid=11036&md5=27753399344448e06cf71b10f14859751223d169&amount=-0.05&remotetranid=1843&', '2016-10-21 11:36:11', '2016-10-21 12:37:08'),
(609, 11036, 1036, '0.00', 2843, 'betwin', '27753399344448e06cf71b10f14859751223d169', 'gameid=1036&userid=11036&md5=27753399344448e06cf71b10f14859751223d169&amount=0.00&remotetranid=2843&', '2016-10-21 11:36:11', '2016-10-21 12:37:08'),
(610, 11036, 1036, '-0.05', 1844, 'betwin', '27753399344448e06cf71b10f14859751223d169', 'gameid=1036&userid=11036&md5=27753399344448e06cf71b10f14859751223d169&amount=-0.05&remotetranid=1844&', '2016-10-21 11:36:13', '2016-10-21 12:37:08'),
(611, 11036, 1036, '0.00', 2844, 'betwin', '27753399344448e06cf71b10f14859751223d169', 'gameid=1036&userid=11036&md5=27753399344448e06cf71b10f14859751223d169&amount=0.00&remotetranid=2844&', '2016-10-21 11:36:13', '2016-10-21 12:37:08'),
(612, 11036, 1036, '-0.05', 1845, 'betwin', '27753399344448e06cf71b10f14859751223d169', 'gameid=1036&userid=11036&md5=27753399344448e06cf71b10f14859751223d169&amount=-0.05&remotetranid=1845&', '2016-10-21 11:36:15', '2016-10-21 12:37:08'),
(613, 11036, 1036, '0.03', 2845, 'betwin', '27753399344448e06cf71b10f14859751223d169', 'gameid=1036&userid=11036&md5=27753399344448e06cf71b10f14859751223d169&amount=0.03&remotetranid=2845&', '2016-10-21 11:36:16', '2016-10-21 12:37:08'),
(614, 11036, 1036, '-0.05', 1846, 'betwin', '27753399344448e06cf71b10f14859751223d169', 'gameid=1036&userid=11036&md5=27753399344448e06cf71b10f14859751223d169&amount=-0.05&remotetranid=1846&', '2016-10-21 11:36:19', '2016-10-21 12:37:08'),
(615, 11036, 1036, '0.00', 2846, 'betwin', '27753399344448e06cf71b10f14859751223d169', 'gameid=1036&userid=11036&md5=27753399344448e06cf71b10f14859751223d169&amount=0.00&remotetranid=2846&', '2016-10-21 11:36:20', '2016-10-21 12:37:08'),
(616, 11036, 1036, '-0.05', 1847, 'betwin', '27753399344448e06cf71b10f14859751223d169', 'gameid=1036&userid=11036&md5=27753399344448e06cf71b10f14859751223d169&amount=-0.05&remotetranid=1847&', '2016-10-21 11:36:22', '2016-10-21 12:37:08'),
(617, 11036, 1036, '0.02', 2847, 'betwin', '27753399344448e06cf71b10f14859751223d169', 'gameid=1036&userid=11036&md5=27753399344448e06cf71b10f14859751223d169&amount=0.02&remotetranid=2847&', '2016-10-21 11:36:22', '2016-10-21 12:37:08'),
(618, 11036, 1036, '-0.05', 1848, 'betwin', '27753399344448e06cf71b10f14859751223d169', 'gameid=1036&userid=11036&md5=27753399344448e06cf71b10f14859751223d169&amount=-0.05&remotetranid=1848&', '2016-10-21 11:36:25', '2016-10-21 12:37:08'),
(619, 11036, 1036, '0.00', 2848, 'betwin', '27753399344448e06cf71b10f14859751223d169', 'gameid=1036&userid=11036&md5=27753399344448e06cf71b10f14859751223d169&amount=0.00&remotetranid=2848&', '2016-10-21 11:36:26', '2016-10-21 12:37:08'),
(620, 11036, 1036, '-0.05', 1849, 'betwin', '27753399344448e06cf71b10f14859751223d169', 'gameid=1036&userid=11036&md5=27753399344448e06cf71b10f14859751223d169&amount=-0.05&remotetranid=1849&', '2016-10-21 11:36:27', '2016-10-21 12:37:08'),
(621, 11036, 1036, '0.00', 2849, 'betwin', '27753399344448e06cf71b10f14859751223d169', 'gameid=1036&userid=11036&md5=27753399344448e06cf71b10f14859751223d169&amount=0.00&remotetranid=2849&', '2016-10-21 11:36:28', '2016-10-21 12:37:08'),
(622, 11036, 1036, '-0.05', 1850, 'betwin', '27753399344448e06cf71b10f14859751223d169', 'gameid=1036&userid=11036&md5=27753399344448e06cf71b10f14859751223d169&amount=-0.05&remotetranid=1850&', '2016-10-21 11:36:29', '2016-10-21 12:37:08'),
(623, 11036, 1036, '0.02', 2850, 'betwin', '27753399344448e06cf71b10f14859751223d169', 'gameid=1036&userid=11036&md5=27753399344448e06cf71b10f14859751223d169&amount=0.02&remotetranid=2850&', '2016-10-21 11:36:30', '2016-10-21 12:37:09'),
(624, 11036, 1036, '-0.05', 1851, 'betwin', '27753399344448e06cf71b10f14859751223d169', 'gameid=1036&userid=11036&md5=27753399344448e06cf71b10f14859751223d169&amount=-0.05&remotetranid=1851&', '2016-10-21 11:36:33', '2016-10-21 12:37:09'),
(625, 11036, 1036, '0.02', 2851, 'betwin', '27753399344448e06cf71b10f14859751223d169', 'gameid=1036&userid=11036&md5=27753399344448e06cf71b10f14859751223d169&amount=0.02&remotetranid=2851&', '2016-10-21 11:36:34', '2016-10-21 12:37:09'),
(626, 11036, 1036, '-0.05', 1852, 'betwin', '27753399344448e06cf71b10f14859751223d169', 'gameid=1036&userid=11036&md5=27753399344448e06cf71b10f14859751223d169&amount=-0.05&remotetranid=1852&', '2016-10-21 11:36:37', '2016-10-21 12:37:09'),
(627, 11036, 1036, '0.00', 2852, 'betwin', '27753399344448e06cf71b10f14859751223d169', 'gameid=1036&userid=11036&md5=27753399344448e06cf71b10f14859751223d169&amount=0.00&remotetranid=2852&', '2016-10-21 11:36:38', '2016-10-21 12:37:09'),
(628, 11036, 1036, '-0.05', 1853, 'betwin', '27753399344448e06cf71b10f14859751223d169', 'gameid=1036&userid=11036&md5=27753399344448e06cf71b10f14859751223d169&amount=-0.05&remotetranid=1853&', '2016-10-21 11:36:39', '2016-10-21 12:37:09'),
(629, 11036, 1036, '0.04', 2853, 'betwin', '27753399344448e06cf71b10f14859751223d169', 'gameid=1036&userid=11036&md5=27753399344448e06cf71b10f14859751223d169&amount=0.04&remotetranid=2853&', '2016-10-21 11:36:40', '2016-10-21 12:37:09'),
(630, 11036, 1036, '-0.05', 1854, 'betwin', '27753399344448e06cf71b10f14859751223d169', 'gameid=1036&userid=11036&md5=27753399344448e06cf71b10f14859751223d169&amount=-0.05&remotetranid=1854&', '2016-10-21 11:36:44', '2016-10-21 12:37:09'),
(631, 11036, 1036, '0.03', 2854, 'betwin', '27753399344448e06cf71b10f14859751223d169', 'gameid=1036&userid=11036&md5=27753399344448e06cf71b10f14859751223d169&amount=0.03&remotetranid=2854&', '2016-10-21 11:36:44', '2016-10-21 12:37:09'),
(632, 11036, 1036, '-0.05', 1855, 'betwin', '27753399344448e06cf71b10f14859751223d169', 'gameid=1036&userid=11036&md5=27753399344448e06cf71b10f14859751223d169&amount=-0.05&remotetranid=1855&', '2016-10-21 11:36:48', '2016-10-21 12:37:09');
INSERT INTO `gaming1x2_request` (`id`, `user_id`, `game_id`, `amount`, `remotetranid`, `action`, `md5`, `request_url`, `created_at`, `updated_at`) VALUES
(633, 11036, 1036, '0.00', 2855, 'betwin', '27753399344448e06cf71b10f14859751223d169', 'gameid=1036&userid=11036&md5=27753399344448e06cf71b10f14859751223d169&amount=0.00&remotetranid=2855&', '2016-10-21 11:36:48', '2016-10-21 12:37:09'),
(634, 11036, 1036, '-0.05', 1856, 'betwin', '27753399344448e06cf71b10f14859751223d169', 'gameid=1036&userid=11036&md5=27753399344448e06cf71b10f14859751223d169&amount=-0.05&remotetranid=1856&', '2016-10-21 11:36:50', '2016-10-21 12:37:09'),
(635, 11036, 1036, '0.02', 2856, 'betwin', '27753399344448e06cf71b10f14859751223d169', 'gameid=1036&userid=11036&md5=27753399344448e06cf71b10f14859751223d169&amount=0.02&remotetranid=2856&', '2016-10-21 11:36:50', '2016-10-21 12:37:09'),
(636, 11036, 1036, '-0.05', 1857, 'betwin', '27753399344448e06cf71b10f14859751223d169', 'gameid=1036&userid=11036&md5=27753399344448e06cf71b10f14859751223d169&amount=-0.05&remotetranid=1857&', '2016-10-21 11:36:54', '2016-10-21 12:37:09'),
(637, 11036, 1036, '0.00', 2857, 'betwin', '27753399344448e06cf71b10f14859751223d169', 'gameid=1036&userid=11036&md5=27753399344448e06cf71b10f14859751223d169&amount=0.00&remotetranid=2857&', '2016-10-21 11:36:54', '2016-10-21 12:37:09'),
(638, 11036, 1036, '-0.05', 1858, 'betwin', '27753399344448e06cf71b10f14859751223d169', 'gameid=1036&userid=11036&md5=27753399344448e06cf71b10f14859751223d169&amount=-0.05&remotetranid=1858&', '2016-10-21 11:36:56', '2016-10-21 12:37:09'),
(639, 11036, 1036, '0.00', 2858, 'betwin', '27753399344448e06cf71b10f14859751223d169', 'gameid=1036&userid=11036&md5=27753399344448e06cf71b10f14859751223d169&amount=0.00&remotetranid=2858&', '2016-10-21 11:36:56', '2016-10-21 12:37:09'),
(640, 11036, 1036, '-0.05', 1859, 'betwin', '27753399344448e06cf71b10f14859751223d169', 'gameid=1036&userid=11036&md5=27753399344448e06cf71b10f14859751223d169&amount=-0.05&remotetranid=1859&', '2016-10-21 11:36:58', '2016-10-21 12:37:09'),
(641, 11036, 1036, '0.00', 2859, 'betwin', '27753399344448e06cf71b10f14859751223d169', 'gameid=1036&userid=11036&md5=27753399344448e06cf71b10f14859751223d169&amount=0.00&remotetranid=2859&', '2016-10-21 11:36:58', '2016-10-21 12:37:09'),
(642, 11036, 1036, '-0.05', 1860, 'betwin', '27753399344448e06cf71b10f14859751223d169', 'gameid=1036&userid=11036&md5=27753399344448e06cf71b10f14859751223d169&amount=-0.05&remotetranid=1860&', '2016-10-21 11:37:00', '2016-10-21 12:37:09'),
(643, 11036, 1036, '0.00', 2860, 'betwin', '27753399344448e06cf71b10f14859751223d169', 'gameid=1036&userid=11036&md5=27753399344448e06cf71b10f14859751223d169&amount=0.00&remotetranid=2860&', '2016-10-21 11:37:00', '2016-10-21 12:37:09'),
(644, 11036, 1036, '-0.05', 1861, 'betwin', '27753399344448e06cf71b10f14859751223d169', 'gameid=1036&userid=11036&md5=27753399344448e06cf71b10f14859751223d169&amount=-0.05&remotetranid=1861&', '2016-10-21 11:37:02', '2016-10-21 12:37:09'),
(645, 11036, 1036, '0.02', 2861, 'betwin', '27753399344448e06cf71b10f14859751223d169', 'gameid=1036&userid=11036&md5=27753399344448e06cf71b10f14859751223d169&amount=0.02&remotetranid=2861&', '2016-10-21 11:37:02', '2016-10-21 12:37:09'),
(646, 11036, 1036, '-0.05', 1862, 'betwin', '27753399344448e06cf71b10f14859751223d169', 'gameid=1036&userid=11036&md5=27753399344448e06cf71b10f14859751223d169&amount=-0.05&remotetranid=1862&', '2016-10-21 11:37:06', '2016-10-21 12:37:09'),
(647, 11036, 1036, '0.03', 2862, 'betwin', '27753399344448e06cf71b10f14859751223d169', 'gameid=1036&userid=11036&md5=27753399344448e06cf71b10f14859751223d169&amount=0.03&remotetranid=2862&', '2016-10-21 11:37:06', '2016-10-21 12:37:09'),
(648, 11036, 1036, '-0.05', 1863, 'betwin', '27753399344448e06cf71b10f14859751223d169', 'gameid=1036&userid=11036&md5=27753399344448e06cf71b10f14859751223d169&amount=-0.05&remotetranid=1863&', '2016-10-21 11:37:10', '2016-10-21 12:37:09'),
(649, 11036, 1036, '0.03', 2863, 'betwin', '27753399344448e06cf71b10f14859751223d169', 'gameid=1036&userid=11036&md5=27753399344448e06cf71b10f14859751223d169&amount=0.03&remotetranid=2863&', '2016-10-21 11:37:10', '2016-10-21 12:37:09'),
(650, 11036, 1036, '-0.05', 1864, 'betwin', '27753399344448e06cf71b10f14859751223d169', 'gameid=1036&userid=11036&md5=27753399344448e06cf71b10f14859751223d169&amount=-0.05&remotetranid=1864&', '2016-10-21 11:37:14', '2016-10-21 12:37:09'),
(651, 11036, 1036, '0.02', 2864, 'betwin', '27753399344448e06cf71b10f14859751223d169', 'gameid=1036&userid=11036&md5=27753399344448e06cf71b10f14859751223d169&amount=0.02&remotetranid=2864&', '2016-10-21 11:37:14', '2016-10-21 12:37:09'),
(652, 11036, 1036, '-0.05', 1865, 'betwin', '27753399344448e06cf71b10f14859751223d169', 'gameid=1036&userid=11036&md5=27753399344448e06cf71b10f14859751223d169&amount=-0.05&remotetranid=1865&', '2016-10-21 11:37:18', '2016-10-21 12:37:09'),
(653, 11036, 1036, '0.00', 2865, 'betwin', '27753399344448e06cf71b10f14859751223d169', 'gameid=1036&userid=11036&md5=27753399344448e06cf71b10f14859751223d169&amount=0.00&remotetranid=2865&', '2016-10-21 11:37:18', '2016-10-21 12:37:09'),
(654, 11036, 1036, '-0.05', 1866, 'betwin', '27753399344448e06cf71b10f14859751223d169', 'gameid=1036&userid=11036&md5=27753399344448e06cf71b10f14859751223d169&amount=-0.05&remotetranid=1866&', '2016-10-21 11:37:20', '2016-10-21 12:37:09'),
(655, 11036, 1036, '0.00', 2866, 'betwin', '27753399344448e06cf71b10f14859751223d169', 'gameid=1036&userid=11036&md5=27753399344448e06cf71b10f14859751223d169&amount=0.00&remotetranid=2866&', '2016-10-21 11:37:20', '2016-10-21 12:37:09'),
(656, 11036, 1036, '-0.05', 1867, 'betwin', '27753399344448e06cf71b10f14859751223d169', 'gameid=1036&userid=11036&md5=27753399344448e06cf71b10f14859751223d169&amount=-0.05&remotetranid=1867&', '2016-10-21 11:37:22', '2016-10-21 12:37:09'),
(657, 11036, 1036, '0.04', 2867, 'betwin', '27753399344448e06cf71b10f14859751223d169', 'gameid=1036&userid=11036&md5=27753399344448e06cf71b10f14859751223d169&amount=0.04&remotetranid=2867&', '2016-10-21 11:37:22', '2016-10-21 12:37:09'),
(658, 11036, 1036, '-0.05', 1868, 'betwin', '27753399344448e06cf71b10f14859751223d169', 'gameid=1036&userid=11036&md5=27753399344448e06cf71b10f14859751223d169&amount=-0.05&remotetranid=1868&', '2016-10-21 11:37:26', '2016-10-21 12:37:09'),
(659, 11036, 1036, '0.04', 2868, 'betwin', '27753399344448e06cf71b10f14859751223d169', 'gameid=1036&userid=11036&md5=27753399344448e06cf71b10f14859751223d169&amount=0.04&remotetranid=2868&', '2016-10-21 11:37:26', '2016-10-21 12:37:09'),
(660, 11036, 1036, '-0.05', 1869, 'betwin', '27753399344448e06cf71b10f14859751223d169', 'gameid=1036&userid=11036&md5=27753399344448e06cf71b10f14859751223d169&amount=-0.05&remotetranid=1869&', '2016-10-21 11:37:29', '2016-10-21 12:37:09'),
(661, 11036, 1036, '0.02', 2869, 'betwin', '27753399344448e06cf71b10f14859751223d169', 'gameid=1036&userid=11036&md5=27753399344448e06cf71b10f14859751223d169&amount=0.02&remotetranid=2869&', '2016-10-21 11:37:30', '2016-10-21 12:37:09'),
(662, 11036, 1036, '-0.05', 1870, 'betwin', '27753399344448e06cf71b10f14859751223d169', 'gameid=1036&userid=11036&md5=27753399344448e06cf71b10f14859751223d169&amount=-0.05&remotetranid=1870&', '2016-10-21 11:37:33', '2016-10-21 12:37:09'),
(663, 11036, 1036, '0.05', 2870, 'betwin', '27753399344448e06cf71b10f14859751223d169', 'gameid=1036&userid=11036&md5=27753399344448e06cf71b10f14859751223d169&amount=0.05&remotetranid=2870&', '2016-10-21 11:37:33', '2016-10-21 12:37:09'),
(664, 11036, 1036, '-0.05', 1871, 'betwin', '27753399344448e06cf71b10f14859751223d169', 'gameid=1036&userid=11036&md5=27753399344448e06cf71b10f14859751223d169&amount=-0.05&remotetranid=1871&', '2016-10-21 11:37:37', '2016-10-21 12:37:09'),
(665, 11036, 1036, '0.00', 2871, 'betwin', '27753399344448e06cf71b10f14859751223d169', 'gameid=1036&userid=11036&md5=27753399344448e06cf71b10f14859751223d169&amount=0.00&remotetranid=2871&', '2016-10-21 11:37:37', '2016-10-21 12:37:09'),
(666, 11036, 1036, '-0.05', 1872, 'betwin', '27753399344448e06cf71b10f14859751223d169', 'gameid=1036&userid=11036&md5=27753399344448e06cf71b10f14859751223d169&amount=-0.05&remotetranid=1872&', '2016-10-21 11:37:39', '2016-10-21 12:37:09'),
(667, 11036, 1036, '0.00', 2872, 'betwin', '27753399344448e06cf71b10f14859751223d169', 'gameid=1036&userid=11036&md5=27753399344448e06cf71b10f14859751223d169&amount=0.00&remotetranid=2872&', '2016-10-21 11:37:39', '2016-10-21 12:37:09'),
(668, 11036, 1036, '-0.05', 1873, 'betwin', '27753399344448e06cf71b10f14859751223d169', 'gameid=1036&userid=11036&md5=27753399344448e06cf71b10f14859751223d169&amount=-0.05&remotetranid=1873&', '2016-10-21 11:37:41', '2016-10-21 12:37:09'),
(669, 11036, 1036, '0.00', 2873, 'betwin', '27753399344448e06cf71b10f14859751223d169', 'gameid=1036&userid=11036&md5=27753399344448e06cf71b10f14859751223d169&amount=0.00&remotetranid=2873&', '2016-10-21 11:37:41', '2016-10-21 12:37:09'),
(670, 11036, 1036, '-0.05', 1874, 'betwin', '27753399344448e06cf71b10f14859751223d169', 'gameid=1036&userid=11036&md5=27753399344448e06cf71b10f14859751223d169&amount=-0.05&remotetranid=1874&', '2016-10-21 11:37:43', '2016-10-21 12:37:09'),
(671, 11036, 1036, '0.00', 2874, 'betwin', '27753399344448e06cf71b10f14859751223d169', 'gameid=1036&userid=11036&md5=27753399344448e06cf71b10f14859751223d169&amount=0.00&remotetranid=2874&', '2016-10-21 11:37:43', '2016-10-21 12:37:09'),
(672, 11036, 1036, '-0.05', 1875, 'betwin', '27753399344448e06cf71b10f14859751223d169', 'gameid=1036&userid=11036&md5=27753399344448e06cf71b10f14859751223d169&amount=-0.05&remotetranid=1875&', '2016-10-21 11:37:45', '2016-10-21 12:37:09'),
(673, 11036, 1036, '0.24', 2875, 'betwin', '27753399344448e06cf71b10f14859751223d169', 'gameid=1036&userid=11036&md5=27753399344448e06cf71b10f14859751223d169&amount=0.24&remotetranid=2875&', '2016-10-21 11:37:45', '2016-10-21 12:37:09'),
(674, 11036, 1036, '-0.05', 1876, 'betwin', '27753399344448e06cf71b10f14859751223d169', 'gameid=1036&userid=11036&md5=27753399344448e06cf71b10f14859751223d169&amount=-0.05&remotetranid=1876&', '2016-10-21 11:37:49', '2016-10-21 12:37:09'),
(675, 11036, 1036, '0.00', 2876, 'betwin', '27753399344448e06cf71b10f14859751223d169', 'gameid=1036&userid=11036&md5=27753399344448e06cf71b10f14859751223d169&amount=0.00&remotetranid=2876&', '2016-10-21 11:37:49', '2016-10-21 12:37:09'),
(676, 11036, 1036, '-0.05', 1877, 'betwin', '27753399344448e06cf71b10f14859751223d169', 'gameid=1036&userid=11036&md5=27753399344448e06cf71b10f14859751223d169&amount=-0.05&remotetranid=1877&', '2016-10-21 11:37:51', '2016-10-21 12:37:09'),
(677, 11036, 1036, '0.00', 2877, 'betwin', '27753399344448e06cf71b10f14859751223d169', 'gameid=1036&userid=11036&md5=27753399344448e06cf71b10f14859751223d169&amount=0.00&remotetranid=2877&', '2016-10-21 11:37:52', '2016-10-21 12:37:09'),
(678, 11036, 1036, '-0.05', 1878, 'betwin', '27753399344448e06cf71b10f14859751223d169', 'gameid=1036&userid=11036&md5=27753399344448e06cf71b10f14859751223d169&amount=-0.05&remotetranid=1878&', '2016-10-21 11:37:53', '2016-10-21 12:37:09'),
(679, 11036, 1036, '0.02', 2878, 'betwin', '27753399344448e06cf71b10f14859751223d169', 'gameid=1036&userid=11036&md5=27753399344448e06cf71b10f14859751223d169&amount=0.02&remotetranid=2878&', '2016-10-21 11:37:54', '2016-10-21 12:37:09'),
(680, 11036, 1036, '-0.05', 1879, 'betwin', '27753399344448e06cf71b10f14859751223d169', 'gameid=1036&userid=11036&md5=27753399344448e06cf71b10f14859751223d169&amount=-0.05&remotetranid=1879&', '2016-10-21 11:37:57', '2016-10-21 12:37:09'),
(681, 11036, 1036, '0.00', 2879, 'betwin', '27753399344448e06cf71b10f14859751223d169', 'gameid=1036&userid=11036&md5=27753399344448e06cf71b10f14859751223d169&amount=0.00&remotetranid=2879&', '2016-10-21 11:37:58', '2016-10-21 12:37:09'),
(682, 11036, 1036, '-0.05', 1880, 'betwin', '27753399344448e06cf71b10f14859751223d169', 'gameid=1036&userid=11036&md5=27753399344448e06cf71b10f14859751223d169&amount=-0.05&remotetranid=1880&', '2016-10-21 11:37:59', '2016-10-21 12:37:09'),
(683, 11036, 1036, '0.03', 2880, 'betwin', '27753399344448e06cf71b10f14859751223d169', 'gameid=1036&userid=11036&md5=27753399344448e06cf71b10f14859751223d169&amount=0.03&remotetranid=2880&', '2016-10-21 11:38:00', '2016-10-21 12:37:09'),
(684, 11036, 1036, '-0.05', 1881, 'betwin', '27753399344448e06cf71b10f14859751223d169', 'gameid=1036&userid=11036&md5=27753399344448e06cf71b10f14859751223d169&amount=-0.05&remotetranid=1881&', '2016-10-21 11:38:03', '2016-10-21 12:37:09'),
(685, 11036, 1036, '0.04', 2881, 'betwin', '27753399344448e06cf71b10f14859751223d169', 'gameid=1036&userid=11036&md5=27753399344448e06cf71b10f14859751223d169&amount=0.04&remotetranid=2881&', '2016-10-21 11:38:04', '2016-10-21 12:37:09'),
(686, 11036, 1036, '-0.05', 1882, 'betwin', '27753399344448e06cf71b10f14859751223d169', 'gameid=1036&userid=11036&md5=27753399344448e06cf71b10f14859751223d169&amount=-0.05&remotetranid=1882&', '2016-10-21 11:38:08', '2016-10-21 12:37:09'),
(687, 11036, 1036, '0.05', 2882, 'betwin', '27753399344448e06cf71b10f14859751223d169', 'gameid=1036&userid=11036&md5=27753399344448e06cf71b10f14859751223d169&amount=0.05&remotetranid=2882&', '2016-10-21 11:38:08', '2016-10-21 12:37:09'),
(688, 11036, 1036, '-0.05', 1883, 'betwin', '27753399344448e06cf71b10f14859751223d169', 'gameid=1036&userid=11036&md5=27753399344448e06cf71b10f14859751223d169&amount=-0.05&remotetranid=1883&', '2016-10-21 11:38:14', '2016-10-21 12:37:09'),
(689, 11036, 1036, '0.02', 2883, 'betwin', '27753399344448e06cf71b10f14859751223d169', 'gameid=1036&userid=11036&md5=27753399344448e06cf71b10f14859751223d169&amount=0.02&remotetranid=2883&', '2016-10-21 11:38:14', '2016-10-21 12:37:09'),
(690, 11036, 1036, '-0.05', 1884, 'betwin', '27753399344448e06cf71b10f14859751223d169', 'gameid=1036&userid=11036&md5=27753399344448e06cf71b10f14859751223d169&amount=-0.05&remotetranid=1884&', '2016-10-21 11:38:18', '2016-10-21 12:37:09'),
(691, 11036, 1036, '0.05', 2884, 'betwin', '27753399344448e06cf71b10f14859751223d169', 'gameid=1036&userid=11036&md5=27753399344448e06cf71b10f14859751223d169&amount=0.05&remotetranid=2884&', '2016-10-21 11:38:18', '2016-10-21 12:37:09'),
(692, 11036, 1036, '-0.05', 1885, 'betwin', '27753399344448e06cf71b10f14859751223d169', 'gameid=1036&userid=11036&md5=27753399344448e06cf71b10f14859751223d169&amount=-0.05&remotetranid=1885&', '2016-10-21 11:38:22', '2016-10-21 12:37:09'),
(693, 11036, 1036, '0.00', 2885, 'betwin', '27753399344448e06cf71b10f14859751223d169', 'gameid=1036&userid=11036&md5=27753399344448e06cf71b10f14859751223d169&amount=0.00&remotetranid=2885&', '2016-10-21 11:38:22', '2016-10-21 12:37:09'),
(694, 11036, 1036, '-0.05', 1886, 'betwin', '27753399344448e06cf71b10f14859751223d169', 'gameid=1036&userid=11036&md5=27753399344448e06cf71b10f14859751223d169&amount=-0.05&remotetranid=1886&', '2016-10-21 11:38:24', '2016-10-21 12:37:09'),
(695, 11036, 1036, '0.00', 2886, 'betwin', '27753399344448e06cf71b10f14859751223d169', 'gameid=1036&userid=11036&md5=27753399344448e06cf71b10f14859751223d169&amount=0.00&remotetranid=2886&', '2016-10-21 11:38:24', '2016-10-21 12:37:09'),
(696, 11036, 1036, '-0.05', 1887, 'betwin', '27753399344448e06cf71b10f14859751223d169', 'gameid=1036&userid=11036&md5=27753399344448e06cf71b10f14859751223d169&amount=-0.05&remotetranid=1887&', '2016-10-21 11:38:26', '2016-10-21 12:37:09'),
(697, 11036, 1036, '0.03', 2887, 'betwin', '27753399344448e06cf71b10f14859751223d169', 'gameid=1036&userid=11036&md5=27753399344448e06cf71b10f14859751223d169&amount=0.03&remotetranid=2887&', '2016-10-21 11:38:26', '2016-10-21 12:37:09'),
(698, 11036, 1036, '-0.05', 1888, 'betwin', '27753399344448e06cf71b10f14859751223d169', 'gameid=1036&userid=11036&md5=27753399344448e06cf71b10f14859751223d169&amount=-0.05&remotetranid=1888&', '2016-10-21 11:42:15', '2016-10-21 12:37:09'),
(699, 11036, 1036, '0.04', 2888, 'betwin', '27753399344448e06cf71b10f14859751223d169', 'gameid=1036&userid=11036&md5=27753399344448e06cf71b10f14859751223d169&amount=0.04&remotetranid=2888&', '2016-10-21 11:42:15', '2016-10-21 12:37:09'),
(702, 11036, 1001, NULL, NULL, 'balance', '27753399344448e06cf71b10f14859751223d169', 'userid=11036&gameid=1001&md5=27753399344448e06cf71b10f14859751223d169', '2016-10-21 15:55:59', '2016-10-21 15:55:59'),
(703, 11036, 1001, NULL, NULL, 'balance', '27753399344448e06cf71b10f14859751223d169', 'userid=11036&gameid=1001&md5=27753399344448e06cf71b10f14859751223d169', '2016-10-21 15:56:18', '2016-10-21 15:56:18');

-- --------------------------------------------------------

--
-- Table structure for table `iceland_site`
--

CREATE TABLE `iceland_site` (
  `id` int(10) UNSIGNED NOT NULL,
  `url` varchar(255) DEFAULT NULL,
  `name` varchar(255) DEFAULT NULL,
  `provider` enum('sbTech','iceland','all') NOT NULL,
  `status` enum('active','passive') DEFAULT NULL,
  `created_at` timestamp NULL DEFAULT NULL,
  `updated_at` timestamp NULL DEFAULT NULL
) ENGINE=InnoDB DEFAULT CHARSET=utf8;

--
-- Dumping data for table `iceland_site`
--

INSERT INTO `iceland_site` (`id`, `url`, `name`, `provider`, `status`, `created_at`, `updated_at`) VALUES
(5900, 'asya.icelandplatform.com', 'asya', 'iceland', 'active', NULL, NULL),
(6666, 'matbet.icelandplatform.com', 'matbet', 'sbTech', 'active', NULL, NULL),
(7777, 'development.icelandplatform.com', 'iceland', 'iceland', 'active', NULL, NULL),
(9999, 'lordofbet.icelandplatform.com', 'lord', 'iceland', 'active', NULL, NULL);

-- --------------------------------------------------------

--
-- Table structure for table `iceland_site_menu`
--

CREATE TABLE `iceland_site_menu` (
  `iceland_site_id` int(10) UNSIGNED NOT NULL,
  `menu_id` int(10) UNSIGNED NOT NULL,
  `created_at` timestamp NULL DEFAULT NULL,
  `updated_at` timestamp NULL DEFAULT NULL
) ENGINE=InnoDB DEFAULT CHARSET=utf8;

--
-- Dumping data for table `iceland_site_menu`
--

INSERT INTO `iceland_site_menu` (`iceland_site_id`, `menu_id`, `created_at`, `updated_at`) VALUES
(5900, 1, NULL, NULL),
(5900, 2, NULL, NULL),
(5900, 3, NULL, NULL),
(5900, 4, NULL, NULL),
(5900, 19, NULL, NULL),
(5900, 20, NULL, NULL),
(5900, 21, NULL, NULL),
(5900, 22, NULL, NULL),
(5900, 23, NULL, NULL),
(5900, 24, NULL, NULL),
(5900, 25, NULL, NULL),
(5900, 26, NULL, NULL),
(5900, 27, NULL, NULL),
(5900, 28, NULL, NULL),
(5900, 29, NULL, NULL),
(5900, 30, NULL, NULL),
(5900, 31, NULL, NULL),
(5900, 32, NULL, NULL),
(5900, 33, NULL, NULL),
(5900, 34, NULL, NULL),
(5900, 35, NULL, NULL),
(5900, 36, NULL, NULL),
(5900, 37, NULL, NULL),
(5900, 38, NULL, NULL),
(5900, 39, NULL, NULL),
(5900, 40, NULL, NULL),
(5900, 41, NULL, NULL),
(5900, 42, NULL, NULL),
(5900, 43, NULL, NULL),
(5900, 44, NULL, NULL),
(5900, 45, NULL, NULL),
(5900, 46, NULL, NULL),
(5900, 47, NULL, NULL),
(5900, 48, NULL, NULL),
(5900, 49, NULL, NULL),
(5900, 50, NULL, NULL),
(5900, 51, NULL, NULL),
(6666, 1, NULL, NULL),
(6666, 2, NULL, NULL),
(6666, 3, NULL, NULL),
(6666, 4, NULL, NULL),
(6666, 14, NULL, NULL),
(6666, 15, NULL, NULL),
(6666, 16, NULL, NULL),
(6666, 17, NULL, NULL),
(6666, 18, NULL, NULL),
(6666, 19, NULL, NULL),
(6666, 20, NULL, NULL),
(6666, 21, NULL, NULL),
(6666, 22, NULL, NULL),
(6666, 23, NULL, NULL),
(6666, 24, NULL, NULL),
(6666, 25, NULL, NULL),
(6666, 26, NULL, NULL),
(6666, 27, NULL, NULL),
(6666, 28, NULL, NULL),
(6666, 29, NULL, NULL),
(6666, 30, NULL, NULL),
(6666, 31, NULL, NULL),
(6666, 32, NULL, NULL),
(6666, 33, NULL, NULL),
(6666, 34, NULL, NULL),
(6666, 35, NULL, NULL),
(6666, 36, NULL, NULL),
(6666, 37, NULL, NULL),
(6666, 38, NULL, NULL),
(6666, 39, NULL, NULL),
(6666, 40, NULL, NULL),
(6666, 41, NULL, NULL),
(6666, 42, NULL, NULL),
(6666, 43, NULL, NULL),
(6666, 44, NULL, NULL),
(6666, 45, NULL, NULL),
(6666, 46, NULL, NULL),
(6666, 47, NULL, NULL),
(6666, 48, NULL, NULL),
(6666, 49, NULL, NULL),
(6666, 50, NULL, NULL),
(6666, 51, NULL, NULL),
(7777, 1, NULL, NULL),
(7777, 2, NULL, NULL),
(7777, 3, NULL, NULL),
(7777, 4, NULL, NULL),
(7777, 5, NULL, NULL),
(7777, 6, NULL, NULL),
(7777, 7, NULL, NULL),
(7777, 8, NULL, NULL),
(7777, 9, NULL, NULL),
(7777, 10, NULL, NULL),
(7777, 11, NULL, NULL),
(7777, 12, NULL, NULL),
(7777, 13, NULL, NULL),
(7777, 14, NULL, NULL),
(7777, 15, NULL, NULL),
(7777, 16, NULL, NULL),
(7777, 17, NULL, NULL),
(7777, 18, NULL, NULL),
(7777, 19, NULL, NULL),
(7777, 20, NULL, NULL),
(7777, 21, NULL, NULL),
(7777, 22, NULL, NULL),
(7777, 23, NULL, NULL),
(7777, 24, NULL, NULL),
(7777, 25, NULL, NULL),
(7777, 26, NULL, NULL),
(7777, 27, NULL, NULL),
(7777, 28, NULL, NULL),
(7777, 29, NULL, NULL),
(7777, 30, NULL, NULL),
(7777, 31, NULL, NULL),
(7777, 32, NULL, NULL),
(7777, 33, NULL, NULL),
(7777, 34, NULL, NULL),
(7777, 35, NULL, NULL),
(7777, 36, NULL, NULL),
(7777, 37, NULL, NULL),
(7777, 38, NULL, NULL),
(7777, 39, NULL, NULL),
(7777, 40, NULL, NULL),
(7777, 41, NULL, NULL),
(7777, 42, NULL, NULL),
(7777, 43, NULL, NULL),
(7777, 44, NULL, NULL),
(7777, 45, NULL, NULL),
(7777, 46, NULL, NULL),
(7777, 47, NULL, NULL),
(7777, 48, NULL, NULL),
(7777, 49, NULL, NULL),
(7777, 50, NULL, NULL),
(7777, 51, NULL, NULL),
(9999, 1, NULL, NULL),
(9999, 2, NULL, NULL),
(9999, 3, NULL, NULL),
(9999, 4, NULL, NULL),
(9999, 5, NULL, NULL),
(9999, 6, NULL, NULL),
(9999, 7, NULL, NULL),
(9999, 8, NULL, NULL),
(9999, 9, NULL, NULL),
(9999, 10, NULL, NULL),
(9999, 11, NULL, NULL),
(9999, 12, NULL, NULL),
(9999, 13, NULL, NULL),
(9999, 14, NULL, NULL),
(9999, 15, NULL, NULL),
(9999, 16, NULL, NULL),
(9999, 17, NULL, NULL),
(9999, 18, NULL, NULL),
(9999, 19, NULL, NULL),
(9999, 20, NULL, NULL),
(9999, 21, NULL, NULL),
(9999, 22, NULL, NULL),
(9999, 23, NULL, NULL),
(9999, 24, NULL, NULL),
(9999, 25, NULL, NULL),
(9999, 26, NULL, NULL),
(9999, 27, NULL, NULL),
(9999, 28, NULL, NULL),
(9999, 29, NULL, NULL),
(9999, 30, NULL, NULL),
(9999, 31, NULL, NULL),
(9999, 32, NULL, NULL),
(9999, 33, NULL, NULL),
(9999, 34, NULL, NULL),
(9999, 35, NULL, NULL),
(9999, 36, NULL, NULL),
(9999, 37, NULL, NULL),
(9999, 38, NULL, NULL),
(9999, 39, NULL, NULL),
(9999, 40, NULL, NULL),
(9999, 41, NULL, NULL),
(9999, 42, NULL, NULL),
(9999, 43, NULL, NULL),
(9999, 44, NULL, NULL),
(9999, 45, NULL, NULL),
(9999, 46, NULL, NULL),
(9999, 47, NULL, NULL),
(9999, 48, NULL, NULL),
(9999, 49, NULL, NULL),
(9999, 50, NULL, NULL),
(9999, 51, NULL, NULL);

-- --------------------------------------------------------

--
-- Table structure for table `image`
--

CREATE TABLE `image` (
  `id` int(10) UNSIGNED NOT NULL,
  `site_id` int(10) UNSIGNED NOT NULL,
  `image_url` varchar(255) DEFAULT NULL,
  `created_at` timestamp NULL DEFAULT NULL,
  `updated_at` timestamp NULL DEFAULT NULL
) ENGINE=InnoDB DEFAULT CHARSET=utf8;

-- --------------------------------------------------------

--
-- Table structure for table `ip_list`
--

CREATE TABLE `ip_list` (
  `id` int(10) UNSIGNED NOT NULL,
  `site_id` int(10) UNSIGNED NOT NULL,
  `user_id` int(10) UNSIGNED NOT NULL,
  `ip` varchar(255) DEFAULT NULL,
  `agent` varchar(255) DEFAULT NULL,
  `device` varchar(255) DEFAULT NULL,
  `geolocation` varchar(255) DEFAULT NULL,
  `created_at` timestamp NULL DEFAULT NULL,
  `updated_at` timestamp NULL DEFAULT NULL
) ENGINE=InnoDB DEFAULT CHARSET=utf8;

--
-- Dumping data for table `ip_list`
--

INSERT INTO `ip_list` (`id`, `site_id`, `user_id`, `ip`, `agent`, `device`, `geolocation`, `created_at`, `updated_at`) VALUES
(1, 9999, 11034, '192.168.10.1', 'Chrome - 53.0.2785.143', 'Desktop , Windows - 10.0', '', '2016-10-07 07:08:53', '2016-10-07 07:08:53'),
(2, 9999, 11036, '192.168.10.1', 'Chrome - 53.0.2785.143', 'Desktop , Windows - 10.0', '', '2016-10-07 07:32:36', '2016-10-07 07:32:36'),
(3, 6666, 11014, '192.168.10.1', 'Chrome - 53.0.2785.143', 'Desktop , Windows - 10.0', '', '2016-10-08 08:35:52', '2016-10-08 08:35:52'),
(4, 9999, 11036, '192.168.10.1', 'Chrome - 53.0.2785.143', 'Desktop , Windows - 10.0', '', '2016-10-08 09:15:48', '2016-10-08 09:15:48'),
(5, 9999, 11036, '192.168.10.1', 'Chrome - 53.0.2785.143', 'Desktop , Windows - 10.0', '', '2016-10-08 13:11:22', '2016-10-08 13:11:22'),
(6, 6666, 11014, '192.168.10.1', 'Chrome - 53.0.2785.143', 'Desktop , Windows - 10.0', '', '2016-10-08 13:24:03', '2016-10-08 13:24:03'),
(7, 9999, 11034, '192.168.10.1', 'Chrome - 53.0.2785.143', 'Desktop , Windows - 10.0', '', '2016-10-10 08:09:15', '2016-10-10 08:09:15'),
(8, 6666, 11012, '192.168.10.1', 'Chrome - 53.0.2785.143', 'Desktop , Windows - 10.0', '', '2016-10-11 10:33:38', '2016-10-11 10:33:38'),
(9, 9999, 11036, '192.168.10.1', 'Chrome - 53.0.2785.143', 'Desktop , Windows - 10.0', '', '2016-10-13 07:37:39', '2016-10-13 07:37:39'),
(10, 6666, 11014, '192.168.10.1', 'Chrome - 53.0.2785.143', 'Desktop , Windows - 10.0', '', '2016-10-14 08:22:07', '2016-10-14 08:22:07'),
(11, 9999, 11036, '192.168.10.1', 'Chrome - 53.0.2785.143', 'Desktop , Windows - 10.0', '', '2016-10-14 08:40:45', '2016-10-14 08:40:45'),
(12, 9999, 11036, '192.168.10.1', 'Chrome - 53.0.2785.143', 'Desktop , Windows - 10.0', '', '2016-10-19 11:39:34', '2016-10-19 11:39:34'),
(13, 9999, 11036, '192.168.10.1', 'Chrome - 53.0.2785.143', 'Desktop , Windows - 10.0', '', '2016-10-20 14:17:49', '2016-10-20 14:17:49');

-- --------------------------------------------------------

--
-- Table structure for table `jobs`
--

CREATE TABLE `jobs` (
  `id` bigint(20) UNSIGNED NOT NULL,
  `queue` varchar(255) NOT NULL,
  `payload` longtext NOT NULL,
  `attempts` tinyint(3) UNSIGNED NOT NULL,
  `reserved` tinyint(3) UNSIGNED NOT NULL,
  `reserved_at` int(10) UNSIGNED DEFAULT NULL,
  `available_at` int(10) UNSIGNED NOT NULL,
  `created_at` int(10) UNSIGNED NOT NULL
) ENGINE=InnoDB DEFAULT CHARSET=utf8;

-- --------------------------------------------------------

--
-- Table structure for table `leaguebet_profit`
--

CREATE TABLE `leaguebet_profit` (
  `id` int(10) UNSIGNED NOT NULL,
  `site_id` int(10) UNSIGNED NOT NULL,
  `leagueID` int(11) NOT NULL,
  `sideID` int(11) NOT NULL,
  `profit` decimal(65,2) NOT NULL DEFAULT '0.00',
  `created_at` timestamp NULL DEFAULT NULL,
  `updated_at` timestamp NULL DEFAULT NULL
) ENGINE=InnoDB DEFAULT CHARSET=utf8;

-- --------------------------------------------------------

--
-- Table structure for table `login_fail`
--

CREATE TABLE `login_fail` (
  `id` int(10) UNSIGNED NOT NULL,
  `site_id` int(10) UNSIGNED NOT NULL,
  `user_id` int(10) UNSIGNED NOT NULL,
  `ip` varchar(255) NOT NULL,
  `created_at` timestamp NULL DEFAULT NULL,
  `updated_at` timestamp NULL DEFAULT NULL
) ENGINE=InnoDB DEFAULT CHARSET=utf8;

-- --------------------------------------------------------

--
-- Table structure for table `menu`
--

CREATE TABLE `menu` (
  `id` int(10) UNSIGNED NOT NULL,
  `sidebar_menu` varchar(255) DEFAULT NULL,
  `name` varchar(255) DEFAULT NULL,
  `created_at` timestamp NULL DEFAULT NULL,
  `updated_at` timestamp NULL DEFAULT NULL
) ENGINE=InnoDB DEFAULT CHARSET=utf8;

--
-- Dumping data for table `menu`
--

INSERT INTO `menu` (`id`, `sidebar_menu`, `name`, `created_at`, `updated_at`) VALUES
(1, 'user', 'user_customer', NULL, NULL),
(2, 'user', 'user_cepci', NULL, NULL),
(3, 'user', 'user_group', NULL, NULL),
(4, 'user', 'user_permission', NULL, NULL),
(5, 'bet', 'bet_bet-type-setting', NULL, NULL),
(6, 'bet', 'bet_country-setting', NULL, NULL),
(7, 'bet', 'bet_event-bet-type-setting', NULL, NULL),
(8, 'bet', 'bet_event-setting', NULL, NULL),
(9, 'bet', 'bet_league-bet-type-setting', NULL, NULL),
(10, 'bet', 'bet_league-setting', NULL, NULL),
(11, 'bet', 'bet_outcome-bet-type-setting', NULL, NULL),
(12, 'bet', 'bet_sport-setting', NULL, NULL),
(13, 'bet', 'bet_team-setting', NULL, NULL),
(14, 'coupon', 'coupon_customer-coupon', NULL, NULL),
(15, 'coupon', 'coupon_settled-coupon', NULL, NULL),
(16, 'coupon', 'coupon_unsettled-coupon', NULL, NULL),
(17, 'bonus', 'bonus_bonus-setting', NULL, NULL),
(18, 'bonus', 'bonus_customer-bonus', NULL, NULL),
(19, 'web', 'web_cache', NULL, NULL),
(20, 'web', 'web_cms', NULL, NULL),
(21, 'web', 'web_image', NULL, NULL),
(22, 'web', 'web_league', NULL, NULL),
(23, 'web', 'web_page-content', NULL, NULL),
(24, 'web', 'web_promotion', NULL, NULL),
(25, 'web', 'web_slider', NULL, NULL),
(26, 'poker', 'poker_gg-network', NULL, NULL),
(27, 'poker', 'poker_gg-network-rake', NULL, NULL),
(28, 'poker', 'poker_klas-poker', NULL, NULL),
(29, 'poker', 'poker_klas-poker-rake', NULL, NULL),
(30, 'poker', 'poker_gg-network-seka', NULL, NULL),
(31, 'poker', 'poker_gg-network-rake-seka', NULL, NULL),
(32, 'casino', 'casino_provider', NULL, NULL),
(33, 'casino', 'casino_category', NULL, NULL),
(34, 'casino', 'casino_game', NULL, NULL),
(35, 'payment', 'payment_deposit', NULL, NULL),
(36, 'payment', 'payment_withdraw', NULL, NULL),
(37, 'payment', 'payment_bank', NULL, NULL),
(38, 'accounting', 'accounting_deposit', NULL, NULL),
(39, 'accounting', 'accounting_withdraw', NULL, NULL),
(40, 'report', 'report_bonus', NULL, NULL),
(41, 'report', 'report_customer', NULL, NULL),
(42, 'report', 'report_daily', NULL, NULL),
(43, 'report', 'report_process', NULL, NULL),
(44, 'report', 'report_transaction-history', NULL, NULL),
(45, 'report', 'report_transaction-type', NULL, NULL),
(46, 'report', 'report_casino-history', NULL, NULL),
(47, 'risk', 'risk_blacklist', NULL, NULL),
(48, 'risk', 'risk_chase-customer', NULL, NULL),
(49, 'risk', 'risk_ip', NULL, NULL),
(50, 'risk', 'risk_risky-customer', NULL, NULL),
(51, 'ticket', 'ticket_bulk-message', NULL, NULL),
(52, 'ticket', 'ticket_customer-message', NULL, NULL);

-- --------------------------------------------------------

--
-- Table structure for table `migrations`
--

CREATE TABLE `migrations` (
  `migration` varchar(255) COLLATE utf8_unicode_ci NOT NULL,
  `batch` int(11) NOT NULL
) ENGINE=InnoDB DEFAULT CHARSET=utf8 COLLATE=utf8_unicode_ci;

--
-- Dumping data for table `migrations`
--

INSERT INTO `migrations` (`migration`, `batch`) VALUES
('2016_01_27_135803_create_wallet_table', 1),
('2016_01_27_135841_create_user_table', 1),
('2016_01_27_143326_create_cms_content_table', 1),
('2016_01_27_143535_create_coupon_table', 1),
('2016_01_27_143936_create_coupon_detail_table', 1),
('2016_01_27_145353_create_payment_table', 1),
('2016_01_27_150716_create_transaction_table', 1),
('2016_01_27_152556_create_country_table', 1),
('2016_01_27_153923_create_currency_table', 1),
('2016_01_27_154224_create_money_transaction_table', 1),
('2016_01_27_154820_create_transaction_type_table', 1),
('2016_01_27_155046_create_setting_table', 1),
('2016_01_28_190526_create_bank_type_table', 1),
('2016_01_28_193701_create_casino_category_table', 1),
('2016_01_29_150520_create_casino_game_table', 1),
('2016_02_01_124948_create_rake_asia_table', 1),
('2016_02_01_130555_create_rake_klas_table', 1),
('2016_02_02_153451_create_permission_table', 1),
('2016_02_14_190825_create_xml_country_table', 1),
('2016_02_14_190844_create_xml_league_table', 1),
('2016_02_14_190912_create_xml_team_table', 1),
('2016_02_14_190937_create_xml_sport_table', 1),
('2016_02_14_190949_create_xml_bet_type_table', 1),
('2016_02_15_150358_create_cepci_table', 1),
('2016_02_17_150945_create_contact_table', 1),
('2016_02_18_120032_create_password_resets_table', 1),
('2016_02_19_152720_create_rake_setting_table', 1),
('2016_02_24_145757_create_xml_event_table', 1),
('2016_02_24_145812_create_xml_outcome_table', 1),
('2016_02_27_125807_create_login_fail_table', 1),
('2016_03_10_201231_create_xml_feed_table', 1),
('2016_03_14_202924_create_bonus_setting_table', 1),
('2016_03_17_123520_create_favorite_league_table', 1),
('2016_03_21_155359_create_bonus_history_table', 1),
('2016_04_26_120623_create_user_limit_table', 1),
('2016_05_07_093838_create_countryBetProfit_table', 1),
('2016_05_07_142842_create_eventBetProfit_table', 1),
('2016_05_29_131534_create_score_table', 1),
('2016_05_29_131559_create_result_table', 1),
('2016_05_30_084505_create_xml_limit_table', 1),
('2016_05_30_085332_create_iceland_site_table', 1),
('2016_05_31_122920_create_outcomebet_profit_table', 1),
('2016_06_01_081512_create_request_sbTech_table', 1),
('2016_06_01_081523_create_reserve_table', 1),
('2016_06_01_081604_create_sbTech_transaction_table', 1),
('2016_06_01_083253_create_coupon_detail_sbTech_table', 1),
('2016_06_04_151656_create_risk_user_table', 1),
('2016_06_08_141233_create_promotion_table', 1),
('2016_06_09_082647_create_city_table', 1),
('2016_06_09_095003_create_image_table', 1),
('2016_06_09_101607_create_page_content_table', 1),
('2016_06_10_155143_create_ip_list_table', 1),
('2016_06_11_104640_create_user_note_table', 1),
('2016_06_11_104744_create_blacklist_table', 1),
('2016_06_11_105243_create_user_alert_table', 1),
('2016_06_13_154848_create_operator_notification_table', 1),
('2016_06_21_112010_create_cms_category_table', 1),
('2016_06_23_080409_create_slider_table', 1),
('2016_06_23_133237_create_jobs_table', 1),
('2016_06_28_142232_create_failed_jobs_table', 1),
('2016_07_18_113121_create_user_group_table', 1),
('2016_07_19_091039_create_user_group_limit_table', 1),
('2016_07_22_091941_create_netent_request_table', 1),
('2016_07_27_080537_create_user_chase_table', 1),
('2016_08_01_081207_create_casino_provider_table', 1),
('2016_08_01_090949_create_favourite_game_user_table', 1),
('2016_08_05_103436_create_user_freespin_table', 1),
('2016_08_12_114952_create_core_user_table', 1),
('2016_08_13_121323_create_menu_table', 1),
('2016_08_13_125447_create_iceland_site_menu_table', 1),
('2016_08_15_092826_create_permission_user_table', 1),
('2016_08_18_123629_create_transaction_casino_table', 1),
('2016_10_01_143902_create_rake_asia_seka_table', 1),
('2016_10_05_133903_create_eco_listener_table', 1),
('2016_12_19_142304_create_foreign_keys', 1),
('2016_10_21_092438_create_gaming1x2_request_table', 2);

-- --------------------------------------------------------

--
-- Table structure for table `money_transaction`
--

CREATE TABLE `money_transaction` (
  `id` int(10) UNSIGNED NOT NULL,
  `site_id` int(10) UNSIGNED NOT NULL,
  `type` enum('deposit','withdraw') NOT NULL,
  `name` varchar(255) DEFAULT NULL,
  `desc` longtext,
  `price` int(11) NOT NULL,
  `time` varchar(255) DEFAULT NULL,
  `limit_min` decimal(65,2) NOT NULL,
  `limit_max` decimal(65,2) NOT NULL,
  `image_url` varchar(255) DEFAULT NULL,
  `country_id` longtext,
  `slug` varchar(255) DEFAULT NULL,
  `locale` varchar(255) DEFAULT NULL,
  `process_type` enum('auto','manual') DEFAULT NULL,
  `status` enum('active','passive') DEFAULT NULL,
  `created_at` timestamp NULL DEFAULT NULL,
  `updated_at` timestamp NULL DEFAULT NULL
) ENGINE=InnoDB DEFAULT CHARSET=utf8;

--
-- Dumping data for table `money_transaction`
--

INSERT INTO `money_transaction` (`id`, `site_id`, `type`, `name`, `desc`, `price`, `time`, `limit_min`, `limit_max`, `image_url`, `country_id`, `slug`, `locale`, `process_type`, `status`, `created_at`, `updated_at`) VALUES
(1, 5900, 'deposit', 'Hesaba Havale', 'Havale ile para yatırma', 0, '1 - 5 dk', '50.00', '100000.00', NULL, '1', 'havale', 'tr_TR', 'manual', 'active', NULL, NULL),
(2, 5900, 'deposit', 'EcoPayz', 'EcoPayz ile para yatırma', 0, 'Anında', '20.00', '10000.00', NULL, '', 'ecopayz', 'tr_TR', 'auto', 'active', NULL, NULL),
(3, 5900, 'deposit', 'Neteller', 'Neteller ile para yatırma', 0, 'Anında', '20.00', '10000.00', NULL, '', 'neteller', NULL, 'auto', 'active', NULL, NULL),
(4, 5900, 'deposit', 'AstroPay', 'AstroPay ile para yatırma', 0, 'Anında', '10.00', '500.00', NULL, '', 'astropay', 'tr_TR', 'auto', 'passive', NULL, NULL),
(5, 5900, 'deposit', 'Bitcoin', 'Bitcoin ile para yatırma', 0, 'Anında', '0.04', '20.00', NULL, '', 'bitcoin', 'tr_TR', 'auto', 'active', NULL, NULL),
(6, 5900, 'deposit', 'Garanti CepBank', 'Garanti CepBank ile para yatırma', 0, '15 - 30 dk arası', '20.00', '1000.00', NULL, '1', 'garanti', 'tr_TR', 'manual', 'active', NULL, NULL),
(7, 5900, 'deposit', 'İş Bankası CepMatik', 'İş Bankası CepMatik ile para yatırma', 0, '15 - 30 dk arası', '20.00', '1000.00', NULL, '1', 'isbank', 'tr_TR', 'manual', 'active', NULL, NULL),
(8, 5900, 'deposit', 'AkBank CepCüzdan', 'AkBank CepCüzdan ile para yatırma', 0, '15 - 30 dk arası', '20.00', '1000.00', NULL, '1', 'akbank', 'tr_TR', 'manual', 'active', NULL, NULL),
(9, 5900, 'deposit', 'Yapı Kredi Cebe Havale', 'Yapı Kredi Cebe Havale ile para yatırma', 0, '15 - 30 dk arası', '20.00', '1000.00', NULL, '1', 'yapikredi', 'tr_TR', 'manual', 'active', NULL, NULL),
(10, 5900, 'deposit', 'DenizBank CepBank', 'DenizBank CepBank ile para yatırma', 0, '15 - 30 dk arası', '20.00', '1000.00', NULL, '1', 'denizbank', 'tr_TR', 'manual', 'active', NULL, NULL),
(11, 5900, 'deposit', 'IngBank CepBank', 'IngBank CepBank ile para yatırma', 0, '15 - 30 dk arası', '20.00', '1000.00', NULL, '1', 'ingbank', 'tr_TR', 'manual', 'active', NULL, NULL),
(12, 5900, 'withdraw', 'Banka Havalesi', 'Banka Havalesi ile para çekme', 0, '1 - 30 dk arası', '100.00', '10000.00', NULL, '1', 'havale', 'tr_TR', 'manual', 'active', NULL, NULL),
(13, 5900, 'withdraw', 'Neteller', 'Neteller ile para çekme', 0, '1 - 30 dk arası', '100.00', '2000.00', NULL, '', 'neteller', 'tr_TR', 'auto', 'active', NULL, NULL),
(14, 5900, 'withdraw', 'EcoPayz', 'EcoPayz ile para çekme', 0, '1 - 30 dk arası', '100.00', '5000.00', NULL, '', 'ecopayz', 'tr_TR', 'auto', 'active', NULL, NULL),
(15, 5900, 'withdraw', 'Bitcoin', 'Bitcoin ile para çekme', 0, '1 - 30 dk arası', '0.10', '10.00', NULL, '', 'bitcoin', 'tr_TR', 'auto', 'active', NULL, NULL),
(16, 6666, 'deposit', 'Hesaba Havale', 'Havale ile para yatırma', 0, '1 - 5 dk', '50.00', '100000.00', NULL, '1', 'havale', 'tr_TR', 'manual', 'active', NULL, NULL),
(17, 6666, 'deposit', 'EcoPayz', 'EcoPayz ile para yatırma', 0, 'Anında', '20.00', '10000.00', NULL, '', 'ecopayz', 'tr_TR', 'auto', 'active', NULL, NULL),
(18, 6666, 'deposit', 'Neteller', 'Neteller ile para yatırma', 0, 'Anında', '20.00', '10000.00', NULL, '', 'neteller', NULL, 'auto', 'active', NULL, NULL),
(19, 6666, 'deposit', 'AstroPay', 'AstroPay ile para yatırma', 0, 'Anında', '10.00', '500.00', NULL, '', 'astropay', 'tr_TR', 'auto', 'passive', NULL, NULL),
(20, 6666, 'deposit', 'Bitcoin', 'Bitcoin ile para yatırma', 0, 'Anında', '0.04', '20.00', NULL, '', 'bitcoin', 'tr_TR', 'auto', 'active', NULL, NULL),
(21, 6666, 'deposit', 'Garanti CepBank', 'Garanti CepBank ile para yatırma', 0, '15 - 30 dk arası', '20.00', '1000.00', NULL, '1', 'garanti', 'tr_TR', 'manual', 'active', NULL, NULL),
(22, 6666, 'deposit', 'İş Bankası CepMatik', 'İş Bankası CepMatik ile para yatırma', 0, '15 - 30 dk arası', '20.00', '1000.00', NULL, '1', 'isbank', 'tr_TR', 'manual', 'active', NULL, NULL),
(23, 6666, 'deposit', 'AkBank CepCüzdan', 'AkBank CepCüzdan ile para yatırma', 0, '15 - 30 dk arası', '20.00', '1000.00', NULL, '1', 'akbank', 'tr_TR', 'manual', 'active', NULL, NULL),
(24, 6666, 'deposit', 'Yapı Kredi Cebe Havale', 'Yapı Kredi Cebe Havale ile para yatırma', 0, '15 - 30 dk arası', '20.00', '1000.00', NULL, '1', 'yapikredi', 'tr_TR', 'manual', 'active', NULL, NULL),
(25, 6666, 'deposit', 'DenizBank CepBank', 'DenizBank CepBank ile para yatırma', 0, '15 - 30 dk arası', '20.00', '1000.00', NULL, '1', 'denizbank', 'tr_TR', 'manual', 'active', NULL, NULL),
(26, 6666, 'deposit', 'IngBank CepBank', 'IngBank CepBank ile para yatırma', 0, '15 - 30 dk arası', '20.00', '1000.00', NULL, '1', 'ingbank', 'tr_TR', 'manual', 'active', NULL, NULL),
(27, 6666, 'withdraw', 'Banka Havalesi', 'Banka Havalesi ile para çekme', 0, '1 - 30 dk arası', '100.00', '10000.00', NULL, '1', 'havale', 'tr_TR', 'manual', 'active', NULL, NULL),
(28, 6666, 'withdraw', 'Neteller', 'Neteller ile para çekme', 0, '1 - 30 dk arası', '100.00', '2000.00', NULL, '', 'neteller', 'tr_TR', 'auto', 'active', NULL, NULL),
(29, 6666, 'withdraw', 'EcoPayz', 'EcoPayz ile para çekme', 0, '1 - 30 dk arası', '100.00', '5000.00', NULL, '', 'ecopayz', 'tr_TR', 'auto', 'active', NULL, NULL),
(30, 6666, 'withdraw', 'Bitcoin', 'Bitcoin ile para çekme', 0, '1 - 30 dk arası', '0.10', '10.00', NULL, '', 'bitcoin', 'tr_TR', 'auto', 'active', NULL, NULL),
(31, 7777, 'deposit', 'Hesaba Havale', 'Havale ile para yatırma', 0, '1 - 5 dk', '50.00', '100000.00', NULL, '1', 'havale', 'tr_TR', 'manual', 'active', NULL, NULL),
(32, 7777, 'deposit', 'EcoPayz', 'EcoPayz ile para yatırma', 0, 'Anında', '20.00', '10000.00', NULL, '', 'ecopayz', 'tr_TR', 'auto', 'active', NULL, NULL),
(33, 7777, 'deposit', 'Neteller', 'Neteller ile para yatırma', 0, 'Anında', '20.00', '10000.00', NULL, '', 'neteller', NULL, 'auto', 'active', NULL, NULL),
(34, 7777, 'deposit', 'AstroPay', 'AstroPay ile para yatırma', 0, 'Anında', '10.00', '500.00', NULL, '', 'astropay', 'tr_TR', 'auto', 'passive', NULL, NULL),
(35, 7777, 'deposit', 'Bitcoin', 'Bitcoin ile para yatırma', 0, 'Anında', '0.04', '20.00', NULL, '', 'bitcoin', 'tr_TR', 'auto', 'active', NULL, NULL),
(36, 7777, 'deposit', 'Garanti CepBank', 'Garanti CepBank ile para yatırma', 0, '15 - 30 dk arası', '20.00', '1000.00', NULL, '1', 'garanti', 'tr_TR', 'manual', 'active', NULL, NULL),
(37, 7777, 'deposit', 'İş Bankası CepMatik', 'İş Bankası CepMatik ile para yatırma', 0, '15 - 30 dk arası', '20.00', '1000.00', NULL, '1', 'isbank', 'tr_TR', 'manual', 'active', NULL, NULL),
(38, 7777, 'deposit', 'AkBank CepCüzdan', 'AkBank CepCüzdan ile para yatırma', 0, '15 - 30 dk arası', '20.00', '1000.00', NULL, '1', 'akbank', 'tr_TR', 'manual', 'active', NULL, NULL),
(39, 7777, 'deposit', 'Yapı Kredi Cebe Havale', 'Yapı Kredi Cebe Havale ile para yatırma', 0, '15 - 30 dk arası', '20.00', '1000.00', NULL, '1', 'yapikredi', 'tr_TR', 'manual', 'active', NULL, NULL),
(40, 7777, 'deposit', 'DenizBank CepBank', 'DenizBank CepBank ile para yatırma', 0, '15 - 30 dk arası', '20.00', '1000.00', NULL, '1', 'denizbank', 'tr_TR', 'manual', 'active', NULL, NULL),
(41, 7777, 'deposit', 'IngBank CepBank', 'IngBank CepBank ile para yatırma', 0, '15 - 30 dk arası', '20.00', '1000.00', NULL, '1', 'ingbank', 'tr_TR', 'manual', 'active', NULL, NULL),
(42, 7777, 'withdraw', 'Banka Havalesi', 'Banka Havalesi ile para çekme', 0, '1 - 30 dk arası', '100.00', '10000.00', NULL, '1', 'havale', 'tr_TR', 'manual', 'active', NULL, NULL),
(43, 7777, 'withdraw', 'Neteller', 'Neteller ile para çekme', 0, '1 - 30 dk arası', '100.00', '2000.00', NULL, '', 'neteller', 'tr_TR', 'auto', 'active', NULL, NULL),
(44, 7777, 'withdraw', 'EcoPayz', 'EcoPayz ile para çekme', 0, '1 - 30 dk arası', '100.00', '5000.00', NULL, '', 'ecopayz', 'tr_TR', 'auto', 'active', NULL, NULL),
(45, 7777, 'withdraw', 'Bitcoin', 'Bitcoin ile para çekme', 0, '1 - 30 dk arası', '0.10', '10.00', NULL, '', 'bitcoin', 'tr_TR', 'auto', 'active', NULL, NULL),
(46, 9999, 'deposit', 'Hesaba Havale', 'Havale ile para yatırma', 0, '1 - 5 dk', '50.00', '100000.00', NULL, '1', 'havale', 'tr_TR', 'manual', 'active', NULL, NULL),
(47, 9999, 'deposit', 'EcoPayz', 'EcoPayz ile para yatırma', 0, 'Anında', '20.00', '10000.00', NULL, '', 'ecopayz', 'tr_TR', 'auto', 'active', NULL, NULL),
(48, 9999, 'deposit', 'Neteller', 'Neteller ile para yatırma', 0, 'Anında', '20.00', '10000.00', NULL, '', 'neteller', NULL, 'auto', 'active', NULL, NULL),
(49, 9999, 'deposit', 'AstroPay', 'AstroPay ile para yatırma', 0, 'Anında', '10.00', '500.00', NULL, '', 'astropay', 'tr_TR', 'auto', 'passive', NULL, NULL),
(50, 9999, 'deposit', 'Bitcoin', 'Bitcoin ile para yatırma', 0, 'Anında', '0.04', '20.00', NULL, '', 'bitcoin', 'tr_TR', 'auto', 'active', NULL, NULL),
(51, 9999, 'deposit', 'Garanti CepBank', 'Garanti CepBank ile para yatırma', 0, '15 - 30 dk arası', '20.00', '1000.00', NULL, '1', 'garanti', 'tr_TR', 'manual', 'active', NULL, NULL),
(52, 9999, 'deposit', 'İş Bankası CepMatik', 'İş Bankası CepMatik ile para yatırma', 0, '15 - 30 dk arası', '20.00', '1000.00', NULL, '1', 'isbank', 'tr_TR', 'manual', 'active', NULL, NULL),
(53, 9999, 'deposit', 'AkBank CepCüzdan', 'AkBank CepCüzdan ile para yatırma', 0, '15 - 30 dk arası', '20.00', '1000.00', NULL, '1', 'akbank', 'tr_TR', 'manual', 'active', NULL, NULL),
(54, 9999, 'deposit', 'Yapı Kredi Cebe Havale', 'Yapı Kredi Cebe Havale ile para yatırma', 0, '15 - 30 dk arası', '20.00', '1000.00', NULL, '1', 'yapikredi', 'tr_TR', 'manual', 'active', NULL, NULL),
(55, 9999, 'deposit', 'DenizBank CepBank', 'DenizBank CepBank ile para yatırma', 0, '15 - 30 dk arası', '20.00', '1000.00', NULL, '1', 'denizbank', 'tr_TR', 'manual', 'active', NULL, NULL),
(56, 9999, 'deposit', 'IngBank CepBank', 'IngBank CepBank ile para yatırma', 0, '15 - 30 dk arası', '20.00', '1000.00', NULL, '1', 'ingbank', 'tr_TR', 'manual', 'active', NULL, NULL),
(57, 9999, 'withdraw', 'Banka Havalesi', 'Banka Havalesi ile para çekme', 0, '1 - 30 dk arası', '100.00', '10000.00', NULL, '1', 'havale', 'tr_TR', 'manual', 'active', NULL, NULL),
(58, 9999, 'withdraw', 'Neteller', 'Neteller ile para çekme', 0, '1 - 30 dk arası', '100.00', '2000.00', NULL, '', 'neteller', 'tr_TR', 'auto', 'active', NULL, NULL),
(59, 9999, 'withdraw', 'EcoPayz', 'EcoPayz ile para çekme', 0, '1 - 30 dk arası', '100.00', '5000.00', NULL, '', 'ecopayz', 'tr_TR', 'auto', 'active', NULL, NULL),
(60, 9999, 'withdraw', 'Bitcoin', 'Bitcoin ile para çekme', 0, '1 - 30 dk arası', '0.10', '10.00', NULL, '', 'bitcoin', 'tr_TR', 'auto', 'active', NULL, NULL);

-- --------------------------------------------------------

--
-- Table structure for table `netent_request`
--

CREATE TABLE `netent_request` (
  `id` int(10) UNSIGNED NOT NULL,
  `site_id` int(11) DEFAULT NULL,
  `user_id` int(11) DEFAULT NULL,
  `action` enum('balance','credit','debit','rollback') NOT NULL,
  `amount` varchar(255) DEFAULT NULL,
  `caller_id` varchar(255) DEFAULT NULL,
  `caller_password` varchar(255) DEFAULT NULL,
  `caller_prefix` varchar(255) DEFAULT NULL,
  `game_id` int(11) DEFAULT NULL,
  `gameplay_final` varchar(255) DEFAULT NULL,
  `key` varchar(255) DEFAULT NULL,
  `provider` varchar(255) DEFAULT NULL,
  `remote_id` int(11) DEFAULT NULL,
  `round_id` int(11) DEFAULT NULL,
  `session_id` varchar(255) DEFAULT NULL,
  `transaction_id` varchar(255) DEFAULT NULL,
  `request_url` text,
  `created_at` timestamp NULL DEFAULT NULL,
  `updated_at` timestamp NULL DEFAULT NULL
) ENGINE=InnoDB DEFAULT CHARSET=utf8;

-- --------------------------------------------------------

--
-- Table structure for table `operator_notification`
--

CREATE TABLE `operator_notification` (
  `id` int(10) UNSIGNED NOT NULL,
  `site_id` int(10) UNSIGNED NOT NULL,
  `user_id` int(10) UNSIGNED NOT NULL,
  `note` longtext NOT NULL,
  `isRead` enum('yes','no') NOT NULL DEFAULT 'no',
  `created_at` timestamp NULL DEFAULT NULL,
  `updated_at` timestamp NULL DEFAULT NULL
) ENGINE=InnoDB DEFAULT CHARSET=utf8;

-- --------------------------------------------------------

--
-- Table structure for table `outcomebet_profit`
--

CREATE TABLE `outcomebet_profit` (
  `id` int(10) UNSIGNED NOT NULL,
  `site_id` int(10) UNSIGNED NOT NULL,
  `outcome_id` int(11) NOT NULL,
  `value` double(10,2) NOT NULL,
  `created_at` timestamp NULL DEFAULT NULL,
  `updated_at` timestamp NULL DEFAULT NULL
) ENGINE=InnoDB DEFAULT CHARSET=utf8;

-- --------------------------------------------------------

--
-- Table structure for table `page_content`
--

CREATE TABLE `page_content` (
  `id` int(10) UNSIGNED NOT NULL,
  `site_id` int(10) UNSIGNED NOT NULL,
  `area` varchar(255) DEFAULT NULL,
  `content` longtext,
  `locale` varchar(255) DEFAULT NULL,
  `status` enum('active','passive') NOT NULL,
  `created_at` timestamp NULL DEFAULT NULL,
  `updated_at` timestamp NULL DEFAULT NULL
) ENGINE=InnoDB DEFAULT CHARSET=utf8;

-- --------------------------------------------------------

--
-- Table structure for table `password_resets`
--

CREATE TABLE `password_resets` (
  `id` int(10) UNSIGNED NOT NULL,
  `email` varchar(255) DEFAULT NULL,
  `token` varchar(255) DEFAULT NULL,
  `created_at` timestamp NULL DEFAULT NULL,
  `updated_at` timestamp NULL DEFAULT NULL
) ENGINE=InnoDB DEFAULT CHARSET=utf8;

-- --------------------------------------------------------

--
-- Table structure for table `payment`
--

CREATE TABLE `payment` (
  `id` int(10) UNSIGNED NOT NULL,
  `site_id` int(10) UNSIGNED NOT NULL,
  `user_id` int(10) UNSIGNED NOT NULL,
  `bank_type_id` int(10) UNSIGNED DEFAULT NULL,
  `money_transaction_id` int(10) UNSIGNED DEFAULT NULL,
  `bonus_id` int(11) DEFAULT NULL,
  `cepci_id` int(10) UNSIGNED DEFAULT NULL,
  `branch_number` varchar(255) DEFAULT NULL,
  `account_number` varchar(255) DEFAULT NULL,
  `iban_number` varchar(255) DEFAULT NULL,
  `code` varchar(255) DEFAULT NULL,
  `amount` decimal(65,2) DEFAULT NULL,
  `currency` varchar(255) DEFAULT NULL,
  `sender_tc` double DEFAULT NULL,
  `receiver_tc` double DEFAULT NULL,
  `sender_phone` varchar(255) DEFAULT NULL,
  `receiver_phone` varchar(255) DEFAULT NULL,
  `operation_type` enum('atm','online') DEFAULT NULL,
  `operation_date` datetime DEFAULT NULL,
  `sender_birthdate` datetime DEFAULT NULL,
  `note` longtext,
  `created_at` timestamp NULL DEFAULT NULL,
  `updated_at` timestamp NULL DEFAULT NULL
) ENGINE=InnoDB DEFAULT CHARSET=utf8;

--
-- Dumping data for table `payment`
--

INSERT INTO `payment` (`id`, `site_id`, `user_id`, `bank_type_id`, `money_transaction_id`, `bonus_id`, `cepci_id`, `branch_number`, `account_number`, `iban_number`, `code`, `amount`, `currency`, `sender_tc`, `receiver_tc`, `sender_phone`, `receiver_phone`, `operation_type`, `operation_date`, `sender_birthdate`, `note`, `created_at`, `updated_at`) VALUES
(1, 6666, 11014, NULL, 17, NULL, NULL, NULL, NULL, NULL, NULL, '30.00', 'EUR', NULL, NULL, NULL, NULL, NULL, NULL, NULL, NULL, '2016-10-08 13:24:28', '2016-10-08 13:24:28');

-- --------------------------------------------------------

--
-- Table structure for table `permission`
--

CREATE TABLE `permission` (
  `id` int(10) UNSIGNED NOT NULL,
  `sidebar_menu` varchar(255) DEFAULT NULL,
  `menu` varchar(255) DEFAULT NULL,
  `permission` varchar(255) DEFAULT NULL,
  `created_at` timestamp NULL DEFAULT NULL,
  `updated_at` timestamp NULL DEFAULT NULL
) ENGINE=InnoDB DEFAULT CHARSET=utf8;

--
-- Dumping data for table `permission`
--

INSERT INTO `permission` (`id`, `sidebar_menu`, `menu`, `permission`, `created_at`, `updated_at`) VALUES
(1, 'user', 'user_customer', 'user_customer|view', NULL, NULL),
(2, 'user', 'user_customer', 'user_customer|edit', NULL, NULL),
(3, 'user', 'user_customer', 'user_customer|deposit', NULL, NULL),
(4, 'user', 'user_customer', 'user_customer|withdraw', NULL, NULL),
(5, 'user', 'user_customer', 'user_customer|transfer', NULL, NULL),
(6, 'user', 'user_customer', 'user_customer|assign_operator', NULL, NULL),
(7, 'user', 'user_customer', 'user_customer|history', NULL, NULL),
(8, 'user', 'user_customer', 'user_customer|rakeback', NULL, NULL),
(9, 'user', 'user_customer', 'user_customer|freespin', NULL, NULL),
(10, 'user', 'user_customer', 'user_customer|limit', NULL, NULL),
(11, 'user', 'user_customer', 'user_customer|note', NULL, NULL),
(12, 'user', 'user_customer', 'user_customer|message', NULL, NULL),
(13, 'user', 'user_customer', 'user_customer|casinohistory', NULL, NULL),
(14, 'user', 'user_customer', 'user_customer|create_bonus', NULL, NULL),
(15, 'user', 'user_cepci', 'user_cepci|view', NULL, NULL),
(16, 'user', 'user_cepci', 'user_cepci|edit', NULL, NULL),
(17, 'user', 'user_cepci', 'user_cepci|deposit', NULL, NULL),
(18, 'user', 'user_cepci', 'user_cepci|withdraw', NULL, NULL),
(19, 'user', 'user_group', 'user_group|view', NULL, NULL),
(20, 'user', 'user_group', 'user_group|edit', NULL, NULL),
(21, 'user', 'user_permission', 'user_permission|view', NULL, NULL),
(22, 'user', 'user_permission', 'user_permission|edit', NULL, NULL),
(23, 'bet', 'bet_country-setting', 'bet_country-setting|view', NULL, NULL),
(24, 'bet', 'bet_country-setting', 'bet_country-setting|edit', NULL, NULL),
(25, 'bet', 'bet_bet-type-setting', 'bet_bet-type-setting|view', NULL, NULL),
(26, 'bet', 'bet_bet-type-setting', 'bet_bet-type-setting|edit', NULL, NULL),
(27, 'bet', 'bet_event-setting', 'bet_event-setting|view', NULL, NULL),
(28, 'bet', 'bet_event-setting', 'bet_event-setting|edit', NULL, NULL),
(29, 'bet', 'bet_league-setting', 'bet_league-setting|view', NULL, NULL),
(30, 'bet', 'bet_league-setting', 'bet_league-setting|edit', NULL, NULL),
(31, 'bet', 'bet_sport-setting', 'bet_sport-setting|view', NULL, NULL),
(32, 'bet', 'bet_sport-setting', 'bet_sport-setting|edit', NULL, NULL),
(33, 'bet', 'bet_team-setting', 'bet_team-setting|view', NULL, NULL),
(34, 'bet', 'bet_team-setting', 'bet_team-setting|edit', NULL, NULL),
(35, 'bet', 'bet_league-bet-type-setting', 'bet_league-bet-type-setting|view', NULL, NULL),
(36, 'bet', 'bet_league-bet-type-setting', 'bet_league-bet-type-setting|edit', NULL, NULL),
(37, 'bet', 'bet_event-bet-type-setting', 'bet_event-bet-type-setting|view', NULL, NULL),
(38, 'bet', 'bet_event-bet-type-setting', 'bet_event-bet-type-setting|edit', NULL, NULL),
(39, 'bet', 'bet_outcome-bet-type-setting', 'bet_outcome-bet-type-setting|view', NULL, NULL),
(40, 'bet', 'bet_outcome-bet-type-setting', 'bet_outcome-bet-type-setting|edit', NULL, NULL),
(41, 'coupon', 'coupon_unsettled-coupon', 'coupon_unsettled-coupon|view', NULL, NULL),
(42, 'coupon', 'coupon_unsettled-coupon', 'coupon_unsettled-coupon|edit', NULL, NULL),
(43, 'coupon', 'coupon_settled-coupon', 'coupon_settled-coupon|view', NULL, NULL),
(44, 'coupon', 'coupon_settled-coupon', 'coupon_settled-coupon|edit', NULL, NULL),
(45, 'coupon', 'coupon_customer-coupon', 'coupon_customer-coupon|view', NULL, NULL),
(46, 'coupon', 'coupon_customer-coupon', 'coupon_customer-coupon|edit', NULL, NULL),
(47, 'bonus', 'bonus_bonus-setting', 'bonus_bonus-setting|view', NULL, NULL),
(48, 'bonus', 'bonus_bonus-setting', 'bonus_bonus-setting|edit', NULL, NULL),
(49, 'bonus', 'bonus_customer-bonus', 'bonus_customer-bonus|view', NULL, NULL),
(50, 'bonus', 'bonus_customer-bonus', 'bonus_customer-bonus|edit', NULL, NULL),
(51, 'web', 'web_slider', 'web_slider|view', NULL, NULL),
(52, 'web', 'web_slider', 'web_slider|edit', NULL, NULL),
(53, 'web', 'web_cms', 'web_cms|view', NULL, NULL),
(54, 'web', 'web_cms', 'web_cms|edit', NULL, NULL),
(55, 'web', 'web_league', 'web_league|view', NULL, NULL),
(56, 'web', 'web_league', 'web_league|edit', NULL, NULL),
(57, 'web', 'web_promotion', 'web_promotion|view', NULL, NULL),
(58, 'web', 'web_promotion', 'web_promotion|edit', NULL, NULL),
(59, 'web', 'web_page-content', 'web_page-content|view', NULL, NULL),
(60, 'web', 'web_page-content', 'web_page-content|edit', NULL, NULL),
(61, 'web', 'web_image', 'web_image|view', NULL, NULL),
(62, 'web', 'web_image', 'web_image|edit', NULL, NULL),
(63, 'web', 'web_cache', 'web_cache|view', NULL, NULL),
(64, 'poker', 'poker_gg-network', 'poker_gg-network|view', NULL, NULL),
(65, 'poker', 'poker_gg-network', 'poker_gg-network|edit', NULL, NULL),
(66, 'poker', 'poker_gg-network-rake', 'poker_gg-network-rake|view', NULL, NULL),
(67, 'poker', 'poker_gg-network-rake', 'poker_gg-network-rake|edit', NULL, NULL),
(68, 'poker', 'poker_klas-poker', 'poker_klas-poker|view', NULL, NULL),
(69, 'poker', 'poker_klas-poker', 'poker_klas-poker|edit', NULL, NULL),
(70, 'poker', 'poker_klas-poker-rake', 'poker_klas-poker-rake|view', NULL, NULL),
(71, 'poker', 'poker_klas-poker-rake', 'poker_klas-poker-rake|edit', NULL, NULL),
(72, 'poker', 'poker_gg-network-seka', 'poker_gg-network-seka|view', NULL, NULL),
(73, 'poker', 'poker_gg-network-seka', 'poker_gg-network-seka|edit', NULL, NULL),
(74, 'poker', 'poker_gg-network-rake-seka', 'poker_gg-network-rake-seka|view', NULL, NULL),
(75, 'poker', 'poker_gg-network-rake-seka', 'poker_gg-network-rake-seka|edit', NULL, NULL),
(76, 'casino', 'casino_provider', 'casino_provider|view', NULL, NULL),
(77, 'casino', 'casino_provider', 'casino_provider|edit', NULL, NULL),
(78, 'casino', 'casino_category', 'casino_category|view', NULL, NULL),
(79, 'casino', 'casino_category', 'casino_category|edit', NULL, NULL),
(80, 'casino', 'casino_game', 'casino_game|view', NULL, NULL),
(81, 'casino', 'casino_game', 'casino_game|edit', NULL, NULL),
(82, 'payment', 'payment_deposit', 'payment_deposit|view', NULL, NULL),
(83, 'payment', 'payment_deposit', 'payment_deposit|edit', NULL, NULL),
(84, 'payment', 'payment_withdraw', 'payment_withdraw|view', NULL, NULL),
(85, 'payment', 'payment_withdraw', 'payment_withdraw|edit', NULL, NULL),
(86, 'payment', 'payment_bank', 'payment_bank|view', NULL, NULL),
(87, 'payment', 'payment_bank', 'payment_bank|edit', NULL, NULL),
(88, 'accounting', 'accounting_deposit', 'accounting_deposit|view', NULL, NULL),
(89, 'accounting', 'accounting_deposit', 'accounting_deposit|edit', NULL, NULL),
(90, 'accounting', 'accounting_withdraw', 'accounting_withdraw|view', NULL, NULL),
(91, 'accounting', 'accounting_withdraw', 'accounting_withdraw|edit', NULL, NULL),
(92, 'report', 'report_customer', 'report_customer|view', NULL, NULL),
(93, 'report', 'report_customer', 'report_customer|edit', NULL, NULL),
(94, 'report', 'report_customer', 'report_customer|excel', NULL, NULL),
(95, 'report', 'report_daily', 'report_daily|view', NULL, NULL),
(96, 'report', 'report_daily', 'report_daily|edit', NULL, NULL),
(97, 'report', 'report_process', 'report_process|view', NULL, NULL),
(98, 'report', 'report_process', 'report_process|edit', NULL, NULL),
(99, 'report', 'report_transaction-history', 'report_transaction-history|view', NULL, NULL),
(100, 'report', 'report_transaction-history', 'report_transaction-history|edit', NULL, NULL),
(101, 'report', 'report_transaction-type', 'report_transaction-type|view', NULL, NULL),
(102, 'report', 'report_transaction-type', 'report_transaction-type|edit', NULL, NULL),
(103, 'report', 'report_bonus', 'report_bonus|view', NULL, NULL),
(104, 'report', 'report_bonus', 'report_bonus|edit', NULL, NULL),
(105, 'report', 'report_casino-history', 'report_casino-history|view', NULL, NULL),
(106, 'report', 'report_casino-history', 'report_casino-history|edit', NULL, NULL),
(107, 'risk', 'risk_blacklist', 'risk_blacklist|view', NULL, NULL),
(108, 'risk', 'risk_blacklist', 'risk_blacklist|edit', NULL, NULL),
(109, 'risk', 'risk_chase-customer', 'risk_chase-customer|view', NULL, NULL),
(110, 'risk', 'risk_chase-customer', 'risk_chase-customer|edit', NULL, NULL),
(111, 'risk', 'risk_ip', 'risk_ip|view', NULL, NULL),
(112, 'risk', 'risk_ip', 'risk_ip|edit', NULL, NULL),
(113, 'risk', 'risk_risky-customer', 'risk_risky-customer|view', NULL, NULL),
(114, 'risk', 'risk_risky-customer', 'risk_risky-customer|edit', NULL, NULL),
(115, 'ticket', 'ticket_bulk-message', 'ticket_bulk-message|view', NULL, NULL),
(116, 'ticket', 'ticket_bulk-message', 'ticket_bulk-message|edit', NULL, NULL),
(117, 'ticket', 'ticket_customer-message', 'ticket_customer-message|view', NULL, NULL),
(118, 'ticket', 'ticket_customer-message', 'ticket_customer-message|edit', NULL, NULL);

-- --------------------------------------------------------

--
-- Table structure for table `permission_user`
--

CREATE TABLE `permission_user` (
  `user_id` int(10) UNSIGNED NOT NULL,
  `permission_id` int(10) UNSIGNED NOT NULL,
  `created_at` timestamp NULL DEFAULT NULL,
  `updated_at` timestamp NULL DEFAULT NULL
) ENGINE=InnoDB DEFAULT CHARSET=utf8;

--
-- Dumping data for table `permission_user`
--

INSERT INTO `permission_user` (`user_id`, `permission_id`, `created_at`, `updated_at`) VALUES
(11000, 1, NULL, NULL),
(11000, 2, NULL, NULL),
(11000, 3, NULL, NULL),
(11000, 4, NULL, NULL),
(11000, 5, NULL, NULL),
(11000, 6, NULL, NULL),
(11000, 7, NULL, NULL),
(11000, 8, NULL, NULL),
(11000, 9, NULL, NULL),
(11000, 10, NULL, NULL),
(11000, 11, NULL, NULL),
(11000, 12, NULL, NULL),
(11000, 13, NULL, NULL),
(11000, 14, NULL, NULL),
(11000, 15, NULL, NULL),
(11000, 16, NULL, NULL),
(11000, 17, NULL, NULL),
(11000, 18, NULL, NULL),
(11000, 19, NULL, NULL),
(11000, 20, NULL, NULL),
(11000, 21, NULL, NULL),
(11000, 22, NULL, NULL),
(11000, 51, NULL, NULL),
(11000, 52, NULL, NULL),
(11000, 53, NULL, NULL),
(11000, 54, NULL, NULL),
(11000, 55, NULL, NULL),
(11000, 56, NULL, NULL),
(11000, 57, NULL, NULL),
(11000, 58, NULL, NULL),
(11000, 59, NULL, NULL),
(11000, 60, NULL, NULL),
(11000, 61, NULL, NULL),
(11000, 62, NULL, NULL),
(11000, 63, NULL, NULL),
(11000, 64, NULL, NULL),
(11000, 65, NULL, NULL),
(11000, 66, NULL, NULL),
(11000, 67, NULL, NULL),
(11000, 68, NULL, NULL),
(11000, 69, NULL, NULL),
(11000, 70, NULL, NULL),
(11000, 71, NULL, NULL),
(11000, 72, NULL, NULL),
(11000, 73, NULL, NULL),
(11000, 74, NULL, NULL),
(11000, 75, NULL, NULL),
(11000, 76, NULL, NULL),
(11000, 77, NULL, NULL),
(11000, 78, NULL, NULL),
(11000, 79, NULL, NULL),
(11000, 80, NULL, NULL),
(11000, 81, NULL, NULL),
(11000, 82, NULL, NULL),
(11000, 83, NULL, NULL),
(11000, 84, NULL, NULL),
(11000, 85, NULL, NULL),
(11000, 86, NULL, NULL),
(11000, 87, NULL, NULL),
(11000, 88, NULL, NULL),
(11000, 89, NULL, NULL),
(11000, 90, NULL, NULL),
(11000, 91, NULL, NULL),
(11000, 92, NULL, NULL),
(11000, 93, NULL, NULL),
(11000, 94, NULL, NULL),
(11000, 95, NULL, NULL),
(11000, 96, NULL, NULL),
(11000, 97, NULL, NULL),
(11000, 98, NULL, NULL),
(11000, 99, NULL, NULL),
(11000, 100, NULL, NULL),
(11000, 101, NULL, NULL),
(11000, 102, NULL, NULL),
(11000, 103, NULL, NULL),
(11000, 104, NULL, NULL),
(11000, 105, NULL, NULL),
(11000, 106, NULL, NULL),
(11000, 107, NULL, NULL),
(11000, 108, NULL, NULL),
(11000, 109, NULL, NULL),
(11000, 110, NULL, NULL),
(11000, 111, NULL, NULL),
(11000, 112, NULL, NULL),
(11000, 113, NULL, NULL),
(11000, 114, NULL, NULL),
(11000, 115, NULL, NULL),
(11000, 116, NULL, NULL),
(11001, 1, NULL, NULL),
(11001, 2, NULL, NULL),
(11001, 3, NULL, NULL),
(11001, 4, NULL, NULL),
(11001, 5, NULL, NULL),
(11001, 6, NULL, NULL),
(11001, 7, NULL, NULL),
(11001, 8, NULL, NULL),
(11001, 9, NULL, NULL),
(11001, 10, NULL, NULL),
(11001, 11, NULL, NULL),
(11001, 12, NULL, NULL),
(11001, 13, NULL, NULL),
(11001, 14, NULL, NULL),
(11001, 15, NULL, NULL),
(11001, 16, NULL, NULL),
(11001, 17, NULL, NULL),
(11001, 18, NULL, NULL),
(11001, 19, NULL, NULL),
(11001, 20, NULL, NULL),
(11001, 21, NULL, NULL),
(11001, 22, NULL, NULL),
(11001, 51, NULL, NULL),
(11001, 52, NULL, NULL),
(11001, 53, NULL, NULL),
(11001, 54, NULL, NULL),
(11001, 55, NULL, NULL),
(11001, 56, NULL, NULL),
(11001, 57, NULL, NULL),
(11001, 58, NULL, NULL),
(11001, 59, NULL, NULL),
(11001, 60, NULL, NULL),
(11001, 61, NULL, NULL),
(11001, 62, NULL, NULL),
(11001, 63, NULL, NULL),
(11001, 64, NULL, NULL),
(11001, 65, NULL, NULL),
(11001, 66, NULL, NULL),
(11001, 67, NULL, NULL),
(11001, 68, NULL, NULL),
(11001, 69, NULL, NULL),
(11001, 70, NULL, NULL),
(11001, 71, NULL, NULL),
(11001, 72, NULL, NULL),
(11001, 73, NULL, NULL),
(11001, 74, NULL, NULL),
(11001, 75, NULL, NULL),
(11001, 76, NULL, NULL),
(11001, 77, NULL, NULL),
(11001, 78, NULL, NULL),
(11001, 79, NULL, NULL),
(11001, 80, NULL, NULL),
(11001, 81, NULL, NULL),
(11001, 82, NULL, NULL),
(11001, 83, NULL, NULL),
(11001, 84, NULL, NULL),
(11001, 85, NULL, NULL),
(11001, 86, NULL, NULL),
(11001, 87, NULL, NULL),
(11001, 88, NULL, NULL),
(11001, 89, NULL, NULL),
(11001, 90, NULL, NULL),
(11001, 91, NULL, NULL),
(11001, 92, NULL, NULL),
(11001, 93, NULL, NULL),
(11001, 94, NULL, NULL),
(11001, 95, NULL, NULL),
(11001, 96, NULL, NULL),
(11001, 97, NULL, NULL),
(11001, 98, NULL, NULL),
(11001, 99, NULL, NULL),
(11001, 100, NULL, NULL),
(11001, 101, NULL, NULL),
(11001, 102, NULL, NULL),
(11001, 103, NULL, NULL),
(11001, 104, NULL, NULL),
(11001, 105, NULL, NULL),
(11001, 106, NULL, NULL),
(11001, 107, NULL, NULL),
(11001, 108, NULL, NULL),
(11001, 109, NULL, NULL),
(11001, 110, NULL, NULL),
(11001, 111, NULL, NULL),
(11001, 112, NULL, NULL),
(11001, 113, NULL, NULL),
(11001, 114, NULL, NULL),
(11001, 115, NULL, NULL),
(11001, 116, NULL, NULL),
(11002, 1, NULL, NULL),
(11002, 2, NULL, NULL),
(11002, 3, NULL, NULL),
(11002, 4, NULL, NULL),
(11002, 5, NULL, NULL),
(11002, 6, NULL, NULL),
(11002, 7, NULL, NULL),
(11002, 8, NULL, NULL),
(11002, 9, NULL, NULL),
(11002, 10, NULL, NULL),
(11002, 11, NULL, NULL),
(11002, 12, NULL, NULL),
(11002, 13, NULL, NULL),
(11002, 14, NULL, NULL),
(11002, 15, NULL, NULL),
(11002, 16, NULL, NULL),
(11002, 17, NULL, NULL),
(11002, 18, NULL, NULL),
(11002, 19, NULL, NULL),
(11002, 20, NULL, NULL),
(11002, 21, NULL, NULL),
(11002, 22, NULL, NULL),
(11002, 51, NULL, NULL),
(11002, 52, NULL, NULL),
(11002, 53, NULL, NULL),
(11002, 54, NULL, NULL),
(11002, 55, NULL, NULL),
(11002, 56, NULL, NULL),
(11002, 57, NULL, NULL),
(11002, 58, NULL, NULL),
(11002, 59, NULL, NULL),
(11002, 60, NULL, NULL),
(11002, 61, NULL, NULL),
(11002, 62, NULL, NULL),
(11002, 63, NULL, NULL),
(11002, 64, NULL, NULL),
(11002, 65, NULL, NULL),
(11002, 66, NULL, NULL),
(11002, 67, NULL, NULL),
(11002, 68, NULL, NULL),
(11002, 69, NULL, NULL),
(11002, 70, NULL, NULL),
(11002, 71, NULL, NULL),
(11002, 72, NULL, NULL),
(11002, 73, NULL, NULL),
(11002, 74, NULL, NULL),
(11002, 75, NULL, NULL),
(11002, 76, NULL, NULL),
(11002, 77, NULL, NULL),
(11002, 78, NULL, NULL),
(11002, 79, NULL, NULL),
(11002, 80, NULL, NULL),
(11002, 81, NULL, NULL),
(11002, 82, NULL, NULL),
(11002, 83, NULL, NULL),
(11002, 84, NULL, NULL),
(11002, 85, NULL, NULL),
(11002, 86, NULL, NULL),
(11002, 87, NULL, NULL),
(11002, 88, NULL, NULL),
(11002, 89, NULL, NULL),
(11002, 90, NULL, NULL),
(11002, 91, NULL, NULL),
(11002, 92, NULL, NULL),
(11002, 93, NULL, NULL),
(11002, 94, NULL, NULL),
(11002, 95, NULL, NULL),
(11002, 96, NULL, NULL),
(11002, 97, NULL, NULL),
(11002, 98, NULL, NULL),
(11002, 99, NULL, NULL),
(11002, 100, NULL, NULL),
(11002, 101, NULL, NULL),
(11002, 102, NULL, NULL),
(11002, 103, NULL, NULL),
(11002, 104, NULL, NULL),
(11002, 105, NULL, NULL),
(11002, 106, NULL, NULL),
(11002, 107, NULL, NULL),
(11002, 108, NULL, NULL),
(11002, 109, NULL, NULL),
(11002, 110, NULL, NULL),
(11002, 111, NULL, NULL),
(11002, 112, NULL, NULL),
(11002, 113, NULL, NULL),
(11002, 114, NULL, NULL),
(11002, 115, NULL, NULL),
(11002, 116, NULL, NULL),
(11011, 1, NULL, NULL),
(11011, 2, NULL, NULL),
(11011, 3, NULL, NULL),
(11011, 4, NULL, NULL),
(11011, 5, NULL, NULL),
(11011, 6, NULL, NULL),
(11011, 7, NULL, NULL),
(11011, 8, NULL, NULL),
(11011, 9, NULL, NULL),
(11011, 10, NULL, NULL),
(11011, 11, NULL, NULL),
(11011, 12, NULL, NULL),
(11011, 13, NULL, NULL),
(11011, 14, NULL, NULL),
(11011, 15, NULL, NULL),
(11011, 16, NULL, NULL),
(11011, 17, NULL, NULL),
(11011, 18, NULL, NULL),
(11011, 19, NULL, NULL),
(11011, 20, NULL, NULL),
(11011, 21, NULL, NULL),
(11011, 22, NULL, NULL),
(11011, 41, NULL, NULL),
(11011, 42, NULL, NULL),
(11011, 43, NULL, NULL),
(11011, 44, NULL, NULL),
(11011, 45, NULL, NULL),
(11011, 46, NULL, NULL),
(11011, 47, NULL, NULL),
(11011, 48, NULL, NULL),
(11011, 49, NULL, NULL),
(11011, 50, NULL, NULL),
(11011, 51, NULL, NULL),
(11011, 52, NULL, NULL),
(11011, 53, NULL, NULL),
(11011, 54, NULL, NULL),
(11011, 55, NULL, NULL),
(11011, 56, NULL, NULL),
(11011, 57, NULL, NULL),
(11011, 58, NULL, NULL),
(11011, 59, NULL, NULL),
(11011, 60, NULL, NULL),
(11011, 61, NULL, NULL),
(11011, 62, NULL, NULL),
(11011, 63, NULL, NULL),
(11011, 64, NULL, NULL),
(11011, 65, NULL, NULL),
(11011, 66, NULL, NULL),
(11011, 67, NULL, NULL),
(11011, 68, NULL, NULL),
(11011, 69, NULL, NULL),
(11011, 70, NULL, NULL),
(11011, 71, NULL, NULL),
(11011, 72, NULL, NULL),
(11011, 73, NULL, NULL),
(11011, 74, NULL, NULL),
(11011, 75, NULL, NULL),
(11011, 76, NULL, NULL),
(11011, 77, NULL, NULL),
(11011, 78, NULL, NULL),
(11011, 79, NULL, NULL),
(11011, 80, NULL, NULL),
(11011, 81, NULL, NULL),
(11011, 82, NULL, NULL),
(11011, 83, NULL, NULL),
(11011, 84, NULL, NULL),
(11011, 85, NULL, NULL),
(11011, 86, NULL, NULL),
(11011, 87, NULL, NULL),
(11011, 88, NULL, NULL),
(11011, 89, NULL, NULL),
(11011, 90, NULL, NULL),
(11011, 91, NULL, NULL),
(11011, 92, NULL, NULL),
(11011, 93, NULL, NULL),
(11011, 94, NULL, NULL),
(11011, 95, NULL, NULL),
(11011, 96, NULL, NULL),
(11011, 97, NULL, NULL),
(11011, 98, NULL, NULL),
(11011, 99, NULL, NULL),
(11011, 100, NULL, NULL),
(11011, 101, NULL, NULL),
(11011, 102, NULL, NULL),
(11011, 103, NULL, NULL),
(11011, 104, NULL, NULL),
(11011, 105, NULL, NULL),
(11011, 106, NULL, NULL),
(11011, 107, NULL, NULL),
(11011, 108, NULL, NULL),
(11011, 109, NULL, NULL),
(11011, 110, NULL, NULL),
(11011, 111, NULL, NULL),
(11011, 112, NULL, NULL),
(11011, 113, NULL, NULL),
(11011, 114, NULL, NULL),
(11011, 115, NULL, NULL),
(11011, 116, NULL, NULL),
(11012, 1, NULL, NULL),
(11012, 2, NULL, NULL),
(11012, 3, NULL, NULL),
(11012, 4, NULL, NULL),
(11012, 5, NULL, NULL),
(11012, 6, NULL, NULL),
(11012, 7, NULL, NULL),
(11012, 8, NULL, NULL),
(11012, 9, NULL, NULL),
(11012, 10, NULL, NULL),
(11012, 11, NULL, NULL),
(11012, 12, NULL, NULL),
(11012, 13, NULL, NULL),
(11012, 14, NULL, NULL),
(11012, 15, NULL, NULL),
(11012, 16, NULL, NULL),
(11012, 17, NULL, NULL),
(11012, 18, NULL, NULL),
(11012, 19, NULL, NULL),
(11012, 20, NULL, NULL),
(11012, 21, NULL, NULL),
(11012, 22, NULL, NULL),
(11012, 41, NULL, NULL),
(11012, 42, NULL, NULL),
(11012, 43, NULL, NULL),
(11012, 44, NULL, NULL),
(11012, 45, NULL, NULL),
(11012, 46, NULL, NULL),
(11012, 47, NULL, NULL),
(11012, 48, NULL, NULL),
(11012, 49, NULL, NULL),
(11012, 50, NULL, NULL),
(11012, 51, NULL, NULL),
(11012, 52, NULL, NULL),
(11012, 53, NULL, NULL),
(11012, 54, NULL, NULL),
(11012, 55, NULL, NULL),
(11012, 56, NULL, NULL),
(11012, 57, NULL, NULL),
(11012, 58, NULL, NULL),
(11012, 59, NULL, NULL),
(11012, 60, NULL, NULL),
(11012, 61, NULL, NULL),
(11012, 62, NULL, NULL),
(11012, 63, NULL, NULL),
(11012, 64, NULL, NULL),
(11012, 65, NULL, NULL),
(11012, 66, NULL, NULL),
(11012, 67, NULL, NULL),
(11012, 68, NULL, NULL),
(11012, 69, NULL, NULL),
(11012, 70, NULL, NULL),
(11012, 71, NULL, NULL),
(11012, 72, NULL, NULL),
(11012, 73, NULL, NULL),
(11012, 74, NULL, NULL),
(11012, 75, NULL, NULL),
(11012, 76, NULL, NULL),
(11012, 77, NULL, NULL),
(11012, 78, NULL, NULL),
(11012, 79, NULL, NULL),
(11012, 80, NULL, NULL),
(11012, 81, NULL, NULL),
(11012, 82, NULL, NULL),
(11012, 83, NULL, NULL),
(11012, 84, NULL, NULL),
(11012, 85, NULL, NULL),
(11012, 86, NULL, NULL),
(11012, 87, NULL, NULL),
(11012, 88, NULL, NULL),
(11012, 89, NULL, NULL),
(11012, 90, NULL, NULL),
(11012, 91, NULL, NULL),
(11012, 92, NULL, NULL),
(11012, 93, NULL, NULL),
(11012, 94, NULL, NULL),
(11012, 95, NULL, NULL),
(11012, 96, NULL, NULL),
(11012, 97, NULL, NULL),
(11012, 98, NULL, NULL),
(11012, 99, NULL, NULL),
(11012, 100, NULL, NULL),
(11012, 101, NULL, NULL),
(11012, 102, NULL, NULL),
(11012, 103, NULL, NULL),
(11012, 104, NULL, NULL),
(11012, 105, NULL, NULL),
(11012, 106, NULL, NULL),
(11012, 107, NULL, NULL),
(11012, 108, NULL, NULL),
(11012, 109, NULL, NULL),
(11012, 110, NULL, NULL),
(11012, 111, NULL, NULL),
(11012, 112, NULL, NULL),
(11012, 113, NULL, NULL),
(11012, 114, NULL, NULL),
(11012, 115, NULL, NULL),
(11012, 116, NULL, NULL),
(11013, 1, NULL, NULL),
(11013, 2, NULL, NULL),
(11013, 3, NULL, NULL),
(11013, 4, NULL, NULL),
(11013, 5, NULL, NULL),
(11013, 6, NULL, NULL),
(11013, 7, NULL, NULL),
(11013, 8, NULL, NULL),
(11013, 9, NULL, NULL),
(11013, 10, NULL, NULL),
(11013, 11, NULL, NULL),
(11013, 12, NULL, NULL),
(11013, 13, NULL, NULL),
(11013, 14, NULL, NULL),
(11013, 15, NULL, NULL),
(11013, 16, NULL, NULL),
(11013, 17, NULL, NULL),
(11013, 18, NULL, NULL),
(11013, 19, NULL, NULL),
(11013, 20, NULL, NULL),
(11013, 21, NULL, NULL),
(11013, 22, NULL, NULL),
(11013, 41, NULL, NULL),
(11013, 42, NULL, NULL),
(11013, 43, NULL, NULL),
(11013, 44, NULL, NULL),
(11013, 45, NULL, NULL),
(11013, 46, NULL, NULL),
(11013, 47, NULL, NULL),
(11013, 48, NULL, NULL),
(11013, 49, NULL, NULL),
(11013, 50, NULL, NULL),
(11013, 51, NULL, NULL),
(11013, 52, NULL, NULL),
(11013, 53, NULL, NULL),
(11013, 54, NULL, NULL),
(11013, 55, NULL, NULL),
(11013, 56, NULL, NULL),
(11013, 57, NULL, NULL),
(11013, 58, NULL, NULL),
(11013, 59, NULL, NULL),
(11013, 60, NULL, NULL),
(11013, 61, NULL, NULL),
(11013, 62, NULL, NULL),
(11013, 63, NULL, NULL),
(11013, 64, NULL, NULL),
(11013, 65, NULL, NULL),
(11013, 66, NULL, NULL),
(11013, 67, NULL, NULL),
(11013, 68, NULL, NULL),
(11013, 69, NULL, NULL),
(11013, 70, NULL, NULL),
(11013, 71, NULL, NULL),
(11013, 72, NULL, NULL),
(11013, 73, NULL, NULL),
(11013, 74, NULL, NULL),
(11013, 75, NULL, NULL),
(11013, 76, NULL, NULL),
(11013, 77, NULL, NULL),
(11013, 78, NULL, NULL),
(11013, 79, NULL, NULL),
(11013, 80, NULL, NULL),
(11013, 81, NULL, NULL),
(11013, 82, NULL, NULL),
(11013, 83, NULL, NULL),
(11013, 84, NULL, NULL),
(11013, 85, NULL, NULL),
(11013, 86, NULL, NULL),
(11013, 87, NULL, NULL),
(11013, 88, NULL, NULL),
(11013, 89, NULL, NULL),
(11013, 90, NULL, NULL),
(11013, 91, NULL, NULL),
(11013, 92, NULL, NULL),
(11013, 93, NULL, NULL),
(11013, 94, NULL, NULL),
(11013, 95, NULL, NULL),
(11013, 96, NULL, NULL),
(11013, 97, NULL, NULL),
(11013, 98, NULL, NULL),
(11013, 99, NULL, NULL),
(11013, 100, NULL, NULL),
(11013, 101, NULL, NULL),
(11013, 102, NULL, NULL),
(11013, 103, NULL, NULL),
(11013, 104, NULL, NULL),
(11013, 105, NULL, NULL),
(11013, 106, NULL, NULL),
(11013, 107, NULL, NULL),
(11013, 108, NULL, NULL),
(11013, 109, NULL, NULL),
(11013, 110, NULL, NULL),
(11013, 111, NULL, NULL),
(11013, 112, NULL, NULL),
(11013, 113, NULL, NULL),
(11013, 114, NULL, NULL),
(11013, 115, NULL, NULL),
(11013, 116, NULL, NULL),
(11022, 1, NULL, NULL),
(11022, 2, NULL, NULL),
(11022, 3, NULL, NULL),
(11022, 4, NULL, NULL),
(11022, 5, NULL, NULL),
(11022, 6, NULL, NULL),
(11022, 7, NULL, NULL),
(11022, 8, NULL, NULL),
(11022, 9, NULL, NULL),
(11022, 10, NULL, NULL),
(11022, 11, NULL, NULL),
(11022, 12, NULL, NULL),
(11022, 13, NULL, NULL),
(11022, 14, NULL, NULL),
(11022, 15, NULL, NULL),
(11022, 16, NULL, NULL),
(11022, 17, NULL, NULL),
(11022, 18, NULL, NULL),
(11022, 19, NULL, NULL),
(11022, 20, NULL, NULL),
(11022, 21, NULL, NULL),
(11022, 22, NULL, NULL),
(11022, 23, NULL, NULL),
(11022, 24, NULL, NULL),
(11022, 25, NULL, NULL),
(11022, 26, NULL, NULL),
(11022, 27, NULL, NULL),
(11022, 28, NULL, NULL),
(11022, 29, NULL, NULL),
(11022, 30, NULL, NULL),
(11022, 31, NULL, NULL),
(11022, 32, NULL, NULL),
(11022, 33, NULL, NULL),
(11022, 34, NULL, NULL),
(11022, 35, NULL, NULL),
(11022, 36, NULL, NULL),
(11022, 37, NULL, NULL),
(11022, 38, NULL, NULL),
(11022, 39, NULL, NULL),
(11022, 40, NULL, NULL),
(11022, 41, NULL, NULL),
(11022, 42, NULL, NULL),
(11022, 43, NULL, NULL),
(11022, 44, NULL, NULL),
(11022, 45, NULL, NULL),
(11022, 46, NULL, NULL),
(11022, 47, NULL, NULL),
(11022, 48, NULL, NULL),
(11022, 49, NULL, NULL),
(11022, 50, NULL, NULL),
(11022, 51, NULL, NULL),
(11022, 52, NULL, NULL),
(11022, 53, NULL, NULL),
(11022, 54, NULL, NULL),
(11022, 55, NULL, NULL),
(11022, 56, NULL, NULL),
(11022, 57, NULL, NULL),
(11022, 58, NULL, NULL),
(11022, 59, NULL, NULL),
(11022, 60, NULL, NULL),
(11022, 61, NULL, NULL),
(11022, 62, NULL, NULL),
(11022, 63, NULL, NULL),
(11022, 64, NULL, NULL),
(11022, 65, NULL, NULL),
(11022, 66, NULL, NULL),
(11022, 67, NULL, NULL),
(11022, 68, NULL, NULL),
(11022, 69, NULL, NULL),
(11022, 70, NULL, NULL),
(11022, 71, NULL, NULL),
(11022, 72, NULL, NULL),
(11022, 73, NULL, NULL),
(11022, 74, NULL, NULL),
(11022, 75, NULL, NULL),
(11022, 76, NULL, NULL),
(11022, 77, NULL, NULL),
(11022, 78, NULL, NULL),
(11022, 79, NULL, NULL),
(11022, 80, NULL, NULL),
(11022, 81, NULL, NULL),
(11022, 82, NULL, NULL),
(11022, 83, NULL, NULL),
(11022, 84, NULL, NULL),
(11022, 85, NULL, NULL),
(11022, 86, NULL, NULL),
(11022, 87, NULL, NULL),
(11022, 88, NULL, NULL),
(11022, 89, NULL, NULL),
(11022, 90, NULL, NULL),
(11022, 91, NULL, NULL),
(11022, 92, NULL, NULL),
(11022, 93, NULL, NULL),
(11022, 94, NULL, NULL),
(11022, 95, NULL, NULL),
(11022, 96, NULL, NULL),
(11022, 97, NULL, NULL),
(11022, 98, NULL, NULL),
(11022, 99, NULL, NULL),
(11022, 100, NULL, NULL),
(11022, 101, NULL, NULL),
(11022, 102, NULL, NULL),
(11022, 103, NULL, NULL),
(11022, 104, NULL, NULL),
(11022, 105, NULL, NULL),
(11022, 106, NULL, NULL),
(11022, 107, NULL, NULL),
(11022, 108, NULL, NULL),
(11022, 109, NULL, NULL),
(11022, 110, NULL, NULL),
(11022, 111, NULL, NULL),
(11022, 112, NULL, NULL),
(11022, 113, NULL, NULL),
(11022, 114, NULL, NULL),
(11022, 115, NULL, NULL),
(11022, 116, NULL, NULL),
(11023, 1, NULL, NULL),
(11023, 2, NULL, NULL),
(11023, 3, NULL, NULL),
(11023, 4, NULL, NULL),
(11023, 5, NULL, NULL),
(11023, 6, NULL, NULL),
(11023, 7, NULL, NULL),
(11023, 8, NULL, NULL),
(11023, 9, NULL, NULL),
(11023, 10, NULL, NULL),
(11023, 11, NULL, NULL),
(11023, 12, NULL, NULL),
(11023, 13, NULL, NULL),
(11023, 14, NULL, NULL),
(11023, 15, NULL, NULL),
(11023, 16, NULL, NULL),
(11023, 17, NULL, NULL),
(11023, 18, NULL, NULL),
(11023, 19, NULL, NULL),
(11023, 20, NULL, NULL),
(11023, 21, NULL, NULL),
(11023, 22, NULL, NULL),
(11023, 23, NULL, NULL),
(11023, 24, NULL, NULL),
(11023, 25, NULL, NULL),
(11023, 26, NULL, NULL),
(11023, 27, NULL, NULL),
(11023, 28, NULL, NULL),
(11023, 29, NULL, NULL),
(11023, 30, NULL, NULL),
(11023, 31, NULL, NULL),
(11023, 32, NULL, NULL),
(11023, 33, NULL, NULL),
(11023, 34, NULL, NULL),
(11023, 35, NULL, NULL),
(11023, 36, NULL, NULL),
(11023, 37, NULL, NULL),
(11023, 38, NULL, NULL),
(11023, 39, NULL, NULL),
(11023, 40, NULL, NULL),
(11023, 41, NULL, NULL),
(11023, 42, NULL, NULL),
(11023, 43, NULL, NULL),
(11023, 44, NULL, NULL),
(11023, 45, NULL, NULL),
(11023, 46, NULL, NULL),
(11023, 47, NULL, NULL),
(11023, 48, NULL, NULL),
(11023, 49, NULL, NULL),
(11023, 50, NULL, NULL),
(11023, 51, NULL, NULL),
(11023, 52, NULL, NULL),
(11023, 53, NULL, NULL),
(11023, 54, NULL, NULL),
(11023, 55, NULL, NULL),
(11023, 56, NULL, NULL),
(11023, 57, NULL, NULL),
(11023, 58, NULL, NULL),
(11023, 59, NULL, NULL),
(11023, 60, NULL, NULL),
(11023, 61, NULL, NULL),
(11023, 62, NULL, NULL),
(11023, 63, NULL, NULL),
(11023, 64, NULL, NULL),
(11023, 65, NULL, NULL),
(11023, 66, NULL, NULL),
(11023, 67, NULL, NULL),
(11023, 68, NULL, NULL),
(11023, 69, NULL, NULL),
(11023, 70, NULL, NULL),
(11023, 71, NULL, NULL),
(11023, 72, NULL, NULL),
(11023, 73, NULL, NULL),
(11023, 74, NULL, NULL),
(11023, 75, NULL, NULL),
(11023, 76, NULL, NULL),
(11023, 77, NULL, NULL),
(11023, 78, NULL, NULL),
(11023, 79, NULL, NULL),
(11023, 80, NULL, NULL),
(11023, 81, NULL, NULL),
(11023, 82, NULL, NULL),
(11023, 83, NULL, NULL),
(11023, 84, NULL, NULL),
(11023, 85, NULL, NULL),
(11023, 86, NULL, NULL),
(11023, 87, NULL, NULL),
(11023, 88, NULL, NULL),
(11023, 89, NULL, NULL),
(11023, 90, NULL, NULL),
(11023, 91, NULL, NULL),
(11023, 92, NULL, NULL),
(11023, 93, NULL, NULL),
(11023, 94, NULL, NULL),
(11023, 95, NULL, NULL),
(11023, 96, NULL, NULL),
(11023, 97, NULL, NULL),
(11023, 98, NULL, NULL),
(11023, 99, NULL, NULL),
(11023, 100, NULL, NULL),
(11023, 101, NULL, NULL),
(11023, 102, NULL, NULL),
(11023, 103, NULL, NULL),
(11023, 104, NULL, NULL),
(11023, 105, NULL, NULL),
(11023, 106, NULL, NULL),
(11023, 107, NULL, NULL),
(11023, 108, NULL, NULL),
(11023, 109, NULL, NULL),
(11023, 110, NULL, NULL),
(11023, 111, NULL, NULL),
(11023, 112, NULL, NULL),
(11023, 113, NULL, NULL),
(11023, 114, NULL, NULL),
(11023, 115, NULL, NULL),
(11023, 116, NULL, NULL),
(11024, 1, NULL, NULL),
(11024, 2, NULL, NULL),
(11024, 3, NULL, NULL),
(11024, 4, NULL, NULL),
(11024, 5, NULL, NULL),
(11024, 6, NULL, NULL),
(11024, 7, NULL, NULL),
(11024, 8, NULL, NULL),
(11024, 9, NULL, NULL),
(11024, 10, NULL, NULL),
(11024, 11, NULL, NULL),
(11024, 12, NULL, NULL),
(11024, 13, NULL, NULL),
(11024, 14, NULL, NULL),
(11024, 15, NULL, NULL),
(11024, 16, NULL, NULL),
(11024, 17, NULL, NULL),
(11024, 18, NULL, NULL),
(11024, 19, NULL, NULL),
(11024, 20, NULL, NULL),
(11024, 21, NULL, NULL),
(11024, 22, NULL, NULL),
(11024, 23, NULL, NULL),
(11024, 24, NULL, NULL),
(11024, 25, NULL, NULL),
(11024, 26, NULL, NULL),
(11024, 27, NULL, NULL),
(11024, 28, NULL, NULL),
(11024, 29, NULL, NULL),
(11024, 30, NULL, NULL),
(11024, 31, NULL, NULL),
(11024, 32, NULL, NULL),
(11024, 33, NULL, NULL),
(11024, 34, NULL, NULL),
(11024, 35, NULL, NULL),
(11024, 36, NULL, NULL),
(11024, 37, NULL, NULL),
(11024, 38, NULL, NULL),
(11024, 39, NULL, NULL),
(11024, 40, NULL, NULL),
(11024, 41, NULL, NULL),
(11024, 42, NULL, NULL),
(11024, 43, NULL, NULL),
(11024, 44, NULL, NULL),
(11024, 45, NULL, NULL),
(11024, 46, NULL, NULL),
(11024, 47, NULL, NULL),
(11024, 48, NULL, NULL),
(11024, 49, NULL, NULL),
(11024, 50, NULL, NULL),
(11024, 51, NULL, NULL),
(11024, 52, NULL, NULL),
(11024, 53, NULL, NULL),
(11024, 54, NULL, NULL),
(11024, 55, NULL, NULL),
(11024, 56, NULL, NULL),
(11024, 57, NULL, NULL),
(11024, 58, NULL, NULL),
(11024, 59, NULL, NULL),
(11024, 60, NULL, NULL),
(11024, 61, NULL, NULL),
(11024, 62, NULL, NULL),
(11024, 63, NULL, NULL),
(11024, 64, NULL, NULL),
(11024, 65, NULL, NULL),
(11024, 66, NULL, NULL),
(11024, 67, NULL, NULL),
(11024, 68, NULL, NULL),
(11024, 69, NULL, NULL),
(11024, 70, NULL, NULL),
(11024, 71, NULL, NULL),
(11024, 72, NULL, NULL),
(11024, 73, NULL, NULL),
(11024, 74, NULL, NULL),
(11024, 75, NULL, NULL),
(11024, 76, NULL, NULL),
(11024, 77, NULL, NULL),
(11024, 78, NULL, NULL),
(11024, 79, NULL, NULL),
(11024, 80, NULL, NULL),
(11024, 81, NULL, NULL),
(11024, 82, NULL, NULL),
(11024, 83, NULL, NULL),
(11024, 84, NULL, NULL),
(11024, 85, NULL, NULL),
(11024, 86, NULL, NULL),
(11024, 87, NULL, NULL),
(11024, 88, NULL, NULL),
(11024, 89, NULL, NULL),
(11024, 90, NULL, NULL),
(11024, 91, NULL, NULL),
(11024, 92, NULL, NULL),
(11024, 93, NULL, NULL),
(11024, 94, NULL, NULL),
(11024, 95, NULL, NULL),
(11024, 96, NULL, NULL),
(11024, 97, NULL, NULL),
(11024, 98, NULL, NULL),
(11024, 99, NULL, NULL),
(11024, 100, NULL, NULL),
(11024, 101, NULL, NULL),
(11024, 102, NULL, NULL),
(11024, 103, NULL, NULL),
(11024, 104, NULL, NULL),
(11024, 105, NULL, NULL),
(11024, 106, NULL, NULL),
(11024, 107, NULL, NULL),
(11024, 108, NULL, NULL),
(11024, 109, NULL, NULL),
(11024, 110, NULL, NULL),
(11024, 111, NULL, NULL),
(11024, 112, NULL, NULL),
(11024, 113, NULL, NULL),
(11024, 114, NULL, NULL),
(11024, 115, NULL, NULL),
(11024, 116, NULL, NULL),
(11033, 1, NULL, NULL),
(11033, 2, NULL, NULL),
(11033, 3, NULL, NULL),
(11033, 4, NULL, NULL),
(11033, 5, NULL, NULL),
(11033, 6, NULL, NULL),
(11033, 7, NULL, NULL),
(11033, 8, NULL, NULL),
(11033, 9, NULL, NULL),
(11033, 10, NULL, NULL),
(11033, 11, NULL, NULL),
(11033, 12, NULL, NULL),
(11033, 13, NULL, NULL),
(11033, 14, NULL, NULL),
(11033, 15, NULL, NULL),
(11033, 16, NULL, NULL),
(11033, 17, NULL, NULL),
(11033, 18, NULL, NULL),
(11033, 19, NULL, NULL),
(11033, 20, NULL, NULL),
(11033, 21, NULL, NULL),
(11033, 22, NULL, NULL),
(11033, 23, NULL, NULL),
(11033, 24, NULL, NULL),
(11033, 25, NULL, NULL),
(11033, 26, NULL, NULL),
(11033, 27, NULL, NULL),
(11033, 28, NULL, NULL),
(11033, 29, NULL, NULL),
(11033, 30, NULL, NULL),
(11033, 31, NULL, NULL),
(11033, 32, NULL, NULL),
(11033, 33, NULL, NULL),
(11033, 34, NULL, NULL),
(11033, 35, NULL, NULL),
(11033, 36, NULL, NULL),
(11033, 37, NULL, NULL),
(11033, 38, NULL, NULL),
(11033, 39, NULL, NULL),
(11033, 40, NULL, NULL),
(11033, 41, NULL, NULL),
(11033, 42, NULL, NULL),
(11033, 43, NULL, NULL),
(11033, 44, NULL, NULL),
(11033, 45, NULL, NULL),
(11033, 46, NULL, NULL),
(11033, 47, NULL, NULL),
(11033, 48, NULL, NULL),
(11033, 49, NULL, NULL),
(11033, 50, NULL, NULL),
(11033, 51, NULL, NULL),
(11033, 52, NULL, NULL),
(11033, 53, NULL, NULL),
(11033, 54, NULL, NULL),
(11033, 55, NULL, NULL),
(11033, 56, NULL, NULL),
(11033, 57, NULL, NULL),
(11033, 58, NULL, NULL),
(11033, 59, NULL, NULL),
(11033, 60, NULL, NULL),
(11033, 61, NULL, NULL),
(11033, 62, NULL, NULL),
(11033, 63, NULL, NULL),
(11033, 64, NULL, NULL),
(11033, 65, NULL, NULL),
(11033, 66, NULL, NULL),
(11033, 67, NULL, NULL),
(11033, 68, NULL, NULL),
(11033, 69, NULL, NULL),
(11033, 70, NULL, NULL),
(11033, 71, NULL, NULL),
(11033, 72, NULL, NULL),
(11033, 73, NULL, NULL),
(11033, 74, NULL, NULL),
(11033, 75, NULL, NULL),
(11033, 76, NULL, NULL),
(11033, 77, NULL, NULL),
(11033, 78, NULL, NULL),
(11033, 79, NULL, NULL),
(11033, 80, NULL, NULL),
(11033, 81, NULL, NULL),
(11033, 82, NULL, NULL),
(11033, 83, NULL, NULL),
(11033, 84, NULL, NULL),
(11033, 85, NULL, NULL),
(11033, 86, NULL, NULL),
(11033, 87, NULL, NULL),
(11033, 88, NULL, NULL),
(11033, 89, NULL, NULL),
(11033, 90, NULL, NULL),
(11033, 91, NULL, NULL),
(11033, 92, NULL, NULL),
(11033, 93, NULL, NULL),
(11033, 94, NULL, NULL),
(11033, 95, NULL, NULL),
(11033, 96, NULL, NULL),
(11033, 97, NULL, NULL),
(11033, 98, NULL, NULL),
(11033, 99, NULL, NULL),
(11033, 100, NULL, NULL),
(11033, 101, NULL, NULL),
(11033, 102, NULL, NULL),
(11033, 103, NULL, NULL),
(11033, 104, NULL, NULL),
(11033, 105, NULL, NULL),
(11033, 106, NULL, NULL),
(11033, 107, NULL, NULL),
(11033, 108, NULL, NULL),
(11033, 109, NULL, NULL),
(11033, 110, NULL, NULL),
(11033, 111, NULL, NULL),
(11033, 112, NULL, NULL),
(11033, 113, NULL, NULL),
(11033, 114, NULL, NULL),
(11033, 115, NULL, NULL),
(11033, 116, NULL, NULL),
(11034, 1, NULL, NULL),
(11034, 2, NULL, NULL),
(11034, 3, NULL, NULL),
(11034, 4, NULL, NULL),
(11034, 5, NULL, NULL),
(11034, 6, NULL, NULL),
(11034, 7, NULL, NULL),
(11034, 8, NULL, NULL),
(11034, 9, NULL, NULL),
(11034, 10, NULL, NULL),
(11034, 11, NULL, NULL),
(11034, 12, NULL, NULL),
(11034, 13, NULL, NULL),
(11034, 14, NULL, NULL),
(11034, 15, NULL, NULL),
(11034, 16, NULL, NULL),
(11034, 17, NULL, NULL),
(11034, 18, NULL, NULL),
(11034, 19, NULL, NULL),
(11034, 20, NULL, NULL),
(11034, 21, NULL, NULL),
(11034, 22, NULL, NULL),
(11034, 23, NULL, NULL),
(11034, 24, NULL, NULL),
(11034, 25, NULL, NULL),
(11034, 26, NULL, NULL),
(11034, 27, NULL, NULL),
(11034, 28, NULL, NULL),
(11034, 29, NULL, NULL),
(11034, 30, NULL, NULL),
(11034, 31, NULL, NULL),
(11034, 32, NULL, NULL),
(11034, 33, NULL, NULL),
(11034, 34, NULL, NULL),
(11034, 35, NULL, NULL),
(11034, 36, NULL, NULL),
(11034, 37, NULL, NULL),
(11034, 38, NULL, NULL),
(11034, 39, NULL, NULL),
(11034, 40, NULL, NULL),
(11034, 41, NULL, NULL),
(11034, 42, NULL, NULL),
(11034, 43, NULL, NULL),
(11034, 44, NULL, NULL),
(11034, 45, NULL, NULL),
(11034, 46, NULL, NULL),
(11034, 47, NULL, NULL),
(11034, 48, NULL, NULL),
(11034, 49, NULL, NULL),
(11034, 50, NULL, NULL),
(11034, 51, NULL, NULL),
(11034, 52, NULL, NULL),
(11034, 53, NULL, NULL),
(11034, 54, NULL, NULL),
(11034, 55, NULL, NULL),
(11034, 56, NULL, NULL),
(11034, 57, NULL, NULL),
(11034, 58, NULL, NULL),
(11034, 59, NULL, NULL),
(11034, 60, NULL, NULL),
(11034, 61, NULL, NULL),
(11034, 62, NULL, NULL),
(11034, 63, NULL, NULL),
(11034, 64, NULL, NULL),
(11034, 65, NULL, NULL),
(11034, 66, NULL, NULL),
(11034, 67, NULL, NULL),
(11034, 68, NULL, NULL),
(11034, 69, NULL, NULL),
(11034, 70, NULL, NULL),
(11034, 71, NULL, NULL),
(11034, 72, NULL, NULL),
(11034, 73, NULL, NULL),
(11034, 74, NULL, NULL),
(11034, 75, NULL, NULL),
(11034, 76, NULL, NULL),
(11034, 77, NULL, NULL),
(11034, 78, NULL, NULL),
(11034, 79, NULL, NULL),
(11034, 80, NULL, NULL),
(11034, 81, NULL, NULL),
(11034, 82, NULL, NULL),
(11034, 83, NULL, NULL),
(11034, 84, NULL, NULL),
(11034, 85, NULL, NULL),
(11034, 86, NULL, NULL),
(11034, 87, NULL, NULL),
(11034, 88, NULL, NULL),
(11034, 89, NULL, NULL),
(11034, 90, NULL, NULL),
(11034, 91, NULL, NULL),
(11034, 92, NULL, NULL),
(11034, 93, NULL, NULL),
(11034, 94, NULL, NULL),
(11034, 95, NULL, NULL),
(11034, 96, NULL, NULL),
(11034, 97, NULL, NULL),
(11034, 98, NULL, NULL),
(11034, 99, NULL, NULL),
(11034, 100, NULL, NULL),
(11034, 101, NULL, NULL),
(11034, 102, NULL, NULL),
(11034, 103, NULL, NULL),
(11034, 104, NULL, NULL),
(11034, 105, NULL, NULL),
(11034, 106, NULL, NULL),
(11034, 107, NULL, NULL),
(11034, 108, NULL, NULL),
(11034, 109, NULL, NULL),
(11034, 110, NULL, NULL),
(11034, 111, NULL, NULL),
(11034, 112, NULL, NULL),
(11034, 113, NULL, NULL),
(11034, 114, NULL, NULL),
(11034, 115, NULL, NULL),
(11034, 116, NULL, NULL),
(11035, 1, NULL, NULL),
(11035, 2, NULL, NULL),
(11035, 3, NULL, NULL),
(11035, 4, NULL, NULL),
(11035, 5, NULL, NULL),
(11035, 6, NULL, NULL),
(11035, 7, NULL, NULL),
(11035, 8, NULL, NULL),
(11035, 9, NULL, NULL),
(11035, 10, NULL, NULL),
(11035, 11, NULL, NULL),
(11035, 12, NULL, NULL),
(11035, 13, NULL, NULL),
(11035, 14, NULL, NULL),
(11035, 15, NULL, NULL),
(11035, 16, NULL, NULL),
(11035, 17, NULL, NULL),
(11035, 18, NULL, NULL),
(11035, 19, NULL, NULL),
(11035, 20, NULL, NULL),
(11035, 21, NULL, NULL),
(11035, 22, NULL, NULL),
(11035, 23, NULL, NULL),
(11035, 24, NULL, NULL),
(11035, 25, NULL, NULL),
(11035, 26, NULL, NULL),
(11035, 27, NULL, NULL),
(11035, 28, NULL, NULL),
(11035, 29, NULL, NULL),
(11035, 30, NULL, NULL),
(11035, 31, NULL, NULL),
(11035, 32, NULL, NULL),
(11035, 33, NULL, NULL),
(11035, 34, NULL, NULL),
(11035, 35, NULL, NULL),
(11035, 36, NULL, NULL),
(11035, 37, NULL, NULL),
(11035, 38, NULL, NULL),
(11035, 39, NULL, NULL),
(11035, 40, NULL, NULL),
(11035, 41, NULL, NULL),
(11035, 42, NULL, NULL),
(11035, 43, NULL, NULL),
(11035, 44, NULL, NULL),
(11035, 45, NULL, NULL),
(11035, 46, NULL, NULL),
(11035, 47, NULL, NULL),
(11035, 48, NULL, NULL),
(11035, 49, NULL, NULL),
(11035, 50, NULL, NULL),
(11035, 51, NULL, NULL),
(11035, 52, NULL, NULL),
(11035, 53, NULL, NULL),
(11035, 54, NULL, NULL),
(11035, 55, NULL, NULL),
(11035, 56, NULL, NULL),
(11035, 57, NULL, NULL),
(11035, 58, NULL, NULL),
(11035, 59, NULL, NULL),
(11035, 60, NULL, NULL),
(11035, 61, NULL, NULL),
(11035, 62, NULL, NULL),
(11035, 63, NULL, NULL),
(11035, 64, NULL, NULL),
(11035, 65, NULL, NULL),
(11035, 66, NULL, NULL),
(11035, 67, NULL, NULL),
(11035, 68, NULL, NULL),
(11035, 69, NULL, NULL),
(11035, 70, NULL, NULL),
(11035, 71, NULL, NULL),
(11035, 72, NULL, NULL),
(11035, 73, NULL, NULL),
(11035, 74, NULL, NULL),
(11035, 75, NULL, NULL),
(11035, 76, NULL, NULL),
(11035, 77, NULL, NULL),
(11035, 78, NULL, NULL),
(11035, 79, NULL, NULL),
(11035, 80, NULL, NULL),
(11035, 81, NULL, NULL),
(11035, 82, NULL, NULL),
(11035, 83, NULL, NULL),
(11035, 84, NULL, NULL),
(11035, 85, NULL, NULL),
(11035, 86, NULL, NULL),
(11035, 87, NULL, NULL),
(11035, 88, NULL, NULL),
(11035, 89, NULL, NULL),
(11035, 90, NULL, NULL),
(11035, 91, NULL, NULL),
(11035, 92, NULL, NULL),
(11035, 93, NULL, NULL),
(11035, 94, NULL, NULL),
(11035, 95, NULL, NULL),
(11035, 96, NULL, NULL),
(11035, 97, NULL, NULL),
(11035, 98, NULL, NULL),
(11035, 99, NULL, NULL),
(11035, 100, NULL, NULL),
(11035, 101, NULL, NULL),
(11035, 102, NULL, NULL),
(11035, 103, NULL, NULL),
(11035, 104, NULL, NULL),
(11035, 105, NULL, NULL),
(11035, 106, NULL, NULL),
(11035, 107, NULL, NULL),
(11035, 108, NULL, NULL),
(11035, 109, NULL, NULL),
(11035, 110, NULL, NULL),
(11035, 111, NULL, NULL),
(11035, 112, NULL, NULL),
(11035, 113, NULL, NULL),
(11035, 114, NULL, NULL),
(11035, 115, NULL, NULL),
(11035, 116, NULL, NULL);

-- --------------------------------------------------------

--
-- Table structure for table `promotion`
--

CREATE TABLE `promotion` (
  `id` int(10) UNSIGNED NOT NULL,
  `site_id` int(10) UNSIGNED NOT NULL,
  `image_url` varchar(255) DEFAULT NULL,
  `title` varchar(255) DEFAULT NULL,
  `short_desc` varchar(255) DEFAULT NULL,
  `long_desc` longtext,
  `locale` varchar(255) DEFAULT NULL,
  `type` enum('sportsbook','casino','live_casino','poker','free') NOT NULL,
  `created_at` timestamp NULL DEFAULT NULL,
  `updated_at` timestamp NULL DEFAULT NULL
) ENGINE=InnoDB DEFAULT CHARSET=utf8;

-- --------------------------------------------------------

--
-- Table structure for table `rake_asia`
--

CREATE TABLE `rake_asia` (
  `id` int(10) UNSIGNED NOT NULL,
  `site_id` int(10) UNSIGNED NOT NULL,
  `user_id` int(10) UNSIGNED NOT NULL,
  `ggrCashGame` decimal(65,2) NOT NULL,
  `ggrSitNGo` decimal(65,2) NOT NULL,
  `ggrTournament` decimal(65,2) NOT NULL,
  `ggrTotal` decimal(65,2) NOT NULL,
  `deductionTotal` decimal(65,2) NOT NULL,
  `winlossTotal` decimal(65,2) NOT NULL,
  `extraTotal` decimal(65,2) NOT NULL,
  `pnlTotal` decimal(65,2) NOT NULL,
  `has_get` tinyint(4) NOT NULL DEFAULT '0',
  `rake_date` datetime NOT NULL,
  `created_at` timestamp NULL DEFAULT NULL,
  `updated_at` timestamp NULL DEFAULT NULL
) ENGINE=InnoDB DEFAULT CHARSET=utf8;

-- --------------------------------------------------------

--
-- Table structure for table `rake_asia_seka`
--

CREATE TABLE `rake_asia_seka` (
  `id` int(10) UNSIGNED NOT NULL,
  `username` varchar(255) NOT NULL,
  `ggrCashGame` decimal(65,2) NOT NULL,
  `ggrSitNGo` decimal(65,2) NOT NULL,
  `ggrTournament` decimal(65,2) NOT NULL,
  `ggrTotal` decimal(65,2) NOT NULL,
  `deductionTotal` decimal(65,2) NOT NULL,
  `winlossTotal` decimal(65,2) NOT NULL,
  `extraTotal` decimal(65,2) NOT NULL,
  `pnlTotal` decimal(65,2) NOT NULL,
  `rake_date` datetime NOT NULL,
  `created_at` timestamp NULL DEFAULT NULL,
  `updated_at` timestamp NULL DEFAULT NULL
) ENGINE=InnoDB DEFAULT CHARSET=utf8;

-- --------------------------------------------------------

--
-- Table structure for table `rake_klas`
--

CREATE TABLE `rake_klas` (
  `id` int(10) UNSIGNED NOT NULL,
  `site_id` int(10) UNSIGNED NOT NULL,
  `user_id` int(10) UNSIGNED NOT NULL,
  `rakeAmount` decimal(65,2) NOT NULL,
  `winLoss` decimal(65,2) NOT NULL,
  `totalBets` decimal(65,2) NOT NULL,
  `handsPlayed` decimal(10,0) NOT NULL,
  `rakedHands` decimal(10,0) NOT NULL,
  `has_get` tinyint(4) NOT NULL DEFAULT '0',
  `rake_date` datetime NOT NULL,
  `created_at` timestamp NULL DEFAULT NULL,
  `updated_at` timestamp NULL DEFAULT NULL
) ENGINE=InnoDB DEFAULT CHARSET=utf8;

-- --------------------------------------------------------

--
-- Table structure for table `rake_setting`
--

CREATE TABLE `rake_setting` (
  `id` int(10) UNSIGNED NOT NULL,
  `site_id` int(10) UNSIGNED NOT NULL,
  `user_id` int(10) UNSIGNED NOT NULL,
  `type` enum('asia','klas') NOT NULL,
  `win20` int(11) DEFAULT NULL,
  `win40` int(11) DEFAULT NULL,
  `win75` int(11) DEFAULT NULL,
  `win100` int(11) DEFAULT NULL,
  `nowin` int(11) DEFAULT NULL,
  `created_at` timestamp NULL DEFAULT NULL,
  `updated_at` timestamp NULL DEFAULT NULL
) ENGINE=InnoDB DEFAULT CHARSET=utf8;

--
-- Dumping data for table `rake_setting`
--

INSERT INTO `rake_setting` (`id`, `site_id`, `user_id`, `type`, `win20`, `win40`, `win75`, `win100`, `nowin`, `created_at`, `updated_at`) VALUES
(1, 5900, 11000, 'asia', 0, 30, 30, 30, 30, NULL, NULL),
(2, 5900, 11000, 'klas', 0, 30, 30, 30, 30, NULL, NULL),
(3, 5900, 11001, 'asia', 0, 30, 30, 30, 30, NULL, NULL),
(4, 5900, 11001, 'klas', 0, 30, 30, 30, 30, NULL, NULL),
(5, 5900, 11002, 'asia', 0, 30, 30, 30, 30, NULL, NULL),
(6, 5900, 11002, 'klas', 0, 30, 30, 30, 30, NULL, NULL),
(7, 5900, 11003, 'asia', 0, 30, 30, 30, 30, NULL, NULL),
(8, 5900, 11003, 'klas', 0, 30, 30, 30, 30, NULL, NULL),
(9, 5900, 11004, 'asia', 0, 30, 30, 30, 30, NULL, NULL),
(10, 5900, 11004, 'klas', 0, 30, 30, 30, 30, NULL, NULL),
(11, 5900, 11005, 'asia', 0, 30, 30, 30, 30, NULL, NULL),
(12, 5900, 11005, 'klas', 0, 30, 30, 30, 30, NULL, NULL),
(13, 5900, 11006, 'asia', 0, 30, 30, 30, 30, NULL, NULL),
(14, 5900, 11006, 'klas', 0, 30, 30, 30, 30, NULL, NULL),
(15, 5900, 11007, 'asia', 0, 30, 30, 30, 30, NULL, NULL),
(16, 5900, 11007, 'klas', 0, 30, 30, 30, 30, NULL, NULL),
(17, 5900, 11008, 'asia', 0, 30, 30, 30, 30, NULL, NULL),
(18, 5900, 11008, 'klas', 0, 30, 30, 30, 30, NULL, NULL),
(19, 5900, 11010, 'asia', 0, 30, 30, 30, 30, NULL, NULL),
(20, 5900, 11010, 'klas', 0, 30, 30, 30, 30, NULL, NULL);

-- --------------------------------------------------------

--
-- Table structure for table `request_sbTech`
--

CREATE TABLE `request_sbTech` (
  `id` int(10) UNSIGNED NOT NULL,
  `site_id` int(11) DEFAULT NULL,
  `sbTech_reserve_id` int(11) NOT NULL,
  `sbTech_request_id` int(11) NOT NULL,
  `amount` decimal(65,2) NOT NULL,
  `veri` longtext NOT NULL,
  `created_at` timestamp NULL DEFAULT NULL,
  `updated_at` timestamp NULL DEFAULT NULL
) ENGINE=InnoDB DEFAULT CHARSET=utf8;

-- --------------------------------------------------------

--
-- Table structure for table `reserve`
--

CREATE TABLE `reserve` (
  `id` int(10) UNSIGNED NOT NULL,
  `site_id` int(11) DEFAULT NULL,
  `user_id` int(11) NOT NULL,
  `trx_id` int(11) NOT NULL,
  `sbTech_reserve_id` int(11) NOT NULL,
  `main_amount` decimal(65,2) NOT NULL,
  `bonus_amount` decimal(65,2) NOT NULL,
  `created_at` timestamp NULL DEFAULT NULL,
  `updated_at` timestamp NULL DEFAULT NULL
) ENGINE=InnoDB DEFAULT CHARSET=utf8;

-- --------------------------------------------------------

--
-- Table structure for table `result`
--

CREATE TABLE `result` (
  `id` int(10) UNSIGNED NOT NULL,
  `event_id` int(11) NOT NULL,
  `oddsType` varchar(255) DEFAULT NULL,
  `outcome` varchar(255) DEFAULT NULL,
  `specialBetValue` varchar(255) DEFAULT NULL,
  `status` varchar(255) DEFAULT NULL,
  `voidFactor` varchar(255) DEFAULT NULL,
  `created_at` timestamp NULL DEFAULT NULL,
  `updated_at` timestamp NULL DEFAULT NULL
) ENGINE=InnoDB DEFAULT CHARSET=utf8;

-- --------------------------------------------------------

--
-- Table structure for table `risk_user`
--

CREATE TABLE `risk_user` (
  `id` int(10) UNSIGNED NOT NULL,
  `site_id` int(10) UNSIGNED NOT NULL,
  `user_id` int(10) UNSIGNED NOT NULL,
  `name` varchar(255) NOT NULL,
  `point` decimal(6,0) NOT NULL,
  `type` enum('grp','srp','prp') NOT NULL,
  `created_at` timestamp NULL DEFAULT NULL,
  `updated_at` timestamp NULL DEFAULT NULL
) ENGINE=InnoDB DEFAULT CHARSET=utf8;

--
-- Dumping data for table `risk_user`
--

INSERT INTO `risk_user` (`id`, `site_id`, `user_id`, `name`, `point`, `type`, `created_at`, `updated_at`) VALUES
(33, 6666, 11014, 'noPhoneVerify', '10', 'grp', '2016-10-14 08:22:07', '2016-10-14 08:22:07'),
(34, 6666, 11012, 'dupIP', '20', 'grp', '2016-10-14 08:22:07', '2016-10-14 08:22:07'),
(35, 6666, 11014, 'dupIP', '20', 'grp', '2016-10-14 08:22:07', '2016-10-14 08:22:07'),
(36, 6666, 11014, 'dupLastnameCity', '5', 'grp', '2016-10-14 08:22:07', '2016-10-14 08:22:07'),
(37, 6666, 11014, 'noPhoneVerify', '10', 'prp', '2016-10-14 08:22:07', '2016-10-14 08:22:07'),
(50, 9999, 11036, 'noPhoneVerify', '10', 'grp', '2016-10-20 14:17:49', '2016-10-20 14:17:49'),
(51, 9999, 11034, 'dupIP', '20', 'grp', '2016-10-20 14:17:49', '2016-10-20 14:17:49'),
(52, 9999, 11036, 'dupIP', '20', 'grp', '2016-10-20 14:17:49', '2016-10-20 14:17:49'),
(53, 9999, 11036, 'dupLastnameCity', '5', 'grp', '2016-10-20 14:17:49', '2016-10-20 14:17:49'),
(54, 9999, 11036, 'noPhoneVerify', '10', 'prp', '2016-10-20 14:17:49', '2016-10-20 14:17:49'),
(55, 9999, 11036, 'noWithdraw', '10', 'prp', '2016-10-20 14:17:49', '2016-10-20 14:17:49');

-- --------------------------------------------------------

--
-- Table structure for table `sbTech_transaction`
--

CREATE TABLE `sbTech_transaction` (
  `id` int(10) UNSIGNED NOT NULL,
  `site_id` int(11) DEFAULT NULL,
  `user_id` int(11) NOT NULL,
  `amount` decimal(65,2) NOT NULL,
  `BetID` varchar(255) NOT NULL,
  `created_at` timestamp NULL DEFAULT NULL,
  `updated_at` timestamp NULL DEFAULT NULL
) ENGINE=InnoDB DEFAULT CHARSET=utf8;

-- --------------------------------------------------------

--
-- Table structure for table `score`
--

CREATE TABLE `score` (
  `id` int(10) UNSIGNED NOT NULL,
  `event_id` int(11) NOT NULL,
  `query_id` int(11) NOT NULL,
  `type` enum('score','goal','card','comment') NOT NULL,
  `score_type` varchar(255) DEFAULT NULL,
  `scoring_team` varchar(255) DEFAULT NULL,
  `team1` varchar(255) DEFAULT NULL,
  `team2` varchar(255) DEFAULT NULL,
  `time` varchar(255) DEFAULT NULL,
  `scoreboard` varchar(255) DEFAULT NULL,
  `player_name` varchar(255) DEFAULT NULL,
  `comment` longtext,
  `created_at` timestamp NULL DEFAULT NULL,
  `updated_at` timestamp NULL DEFAULT NULL
) ENGINE=InnoDB DEFAULT CHARSET=utf8;

-- --------------------------------------------------------

--
-- Table structure for table `setting`
--

CREATE TABLE `setting` (
  `id` int(10) UNSIGNED NOT NULL,
  `site_id` int(10) UNSIGNED NOT NULL,
  `name` varchar(255) DEFAULT NULL,
  `value` varchar(255) DEFAULT NULL,
  `created_at` timestamp NULL DEFAULT NULL,
  `updated_at` timestamp NULL DEFAULT NULL
) ENGINE=InnoDB DEFAULT CHARSET=utf8;

--
-- Dumping data for table `setting`
--

INSERT INTO `setting` (`id`, `site_id`, `name`, `value`, `created_at`, `updated_at`) VALUES
(1, 5900, 'KlasPrivateKey', 'EZ3coz03gVVT', NULL, NULL),
(2, 5900, 'KlasRequestUrl', 'http://api.newpoker.klassrv.com', NULL, NULL),
(3, 5900, 'KlasMerchantId', '299', NULL, NULL),
(4, 5900, 'AsyaRequestUrl', 'http://webapi.goodgame-network.com/v2/brands', NULL, NULL),
(5, 5900, 'AsyaBrandName', 'ASYAPOKER', NULL, NULL),
(6, 5900, 'RakeAsiaAgent_20win', '0', NULL, NULL),
(7, 5900, 'RakeAsiaAgent_40win', '30', NULL, NULL),
(8, 5900, 'RakeAsiaAgent_75win', '40', NULL, NULL),
(9, 5900, 'RakeAsiaAgent_100win', '50', NULL, NULL),
(10, 5900, 'RakeAsiaAgent_nowin', '60', NULL, NULL),
(11, 5900, 'RakeAsiaUser_20win', '0', NULL, NULL),
(12, 5900, 'RakeAsiaUser_40win', '30', NULL, NULL),
(13, 5900, 'RakeAsiaUser_75win', '30', NULL, NULL),
(14, 5900, 'RakeAsiaUser_100win', '30', NULL, NULL),
(15, 5900, 'RakeAsiaUser_nowin', '30', NULL, NULL),
(16, 5900, 'RakeKlasAgent_20win', '0', NULL, NULL),
(17, 5900, 'RakeKlasAgent_40win', '30', NULL, NULL),
(18, 5900, 'RakeKlasAgent_75win', '40', NULL, NULL),
(19, 5900, 'RakeKlasAgent_100win', '50', NULL, NULL),
(20, 5900, 'RakeKlasAgent_nowin', '60', NULL, NULL),
(21, 5900, 'RakeKlasUser_20win', '0', NULL, NULL),
(22, 5900, 'RakeKlasUser_40win', '30', NULL, NULL),
(23, 5900, 'RakeKlasUser_75win', '30', NULL, NULL),
(24, 5900, 'RakeKlasUser_100win', '30', NULL, NULL),
(25, 5900, 'RakeKlasUser_nowin', '30', NULL, NULL),
(26, 5900, 'CasinoRequestUrl', 'http://bbcasino.asyapoker.com/BIGBOSS', NULL, NULL),
(27, 5900, 'CasinoKey', '11263a0e19714d20a41ca8852db6caaa', NULL, NULL),
(28, 5900, 'SekaRequestUrl', 'https://payment.sekabet.com/wallet/Api/GGEndpoint', NULL, NULL),
(29, 5900, 'SekaLoginUrl', 'http://www.sekabet1.com/Security/LogOn', NULL, NULL),
(30, 5900, 'SekaTransferUrl', 'http://www.sekabet1.com/Banking/Transfer', NULL, NULL),
(31, 5900, 'AsyaLoginUrl', 'https://asyapoker.com/cashier.php', NULL, NULL),
(32, 5900, 'AsyaTransferUrl', 'https://asyapoker.com/cashier.php', NULL, NULL),
(33, 5900, 'wallet', 'sportsbook', NULL, NULL),
(34, 5900, 'wallet', 'asia', NULL, NULL),
(35, 5900, 'wallet', 'klas', NULL, NULL),
(36, 5900, 'wallet', 'casino_booming', NULL, NULL),
(37, 5900, 'BitcoinMainAddress', '1Myw5N2LCoUKBrcWAVobHmsAbD2ZX61k8R', NULL, NULL),
(38, 5900, 'BitcoinRequestUrl', 'https://blockchain.info/merchant', NULL, NULL),
(39, 5900, 'BitcoinGuid', 'de56d0ad-05f0-447f-9513-0e1cbfc9631a', NULL, NULL),
(40, 5900, 'BitcoinPassword', 'asya5652*Poker', NULL, NULL),
(41, 5900, 'BitcoinPassword2', 'atasoyyigit5652', NULL, NULL),
(42, 5900, 'defaultUserLimit', '100', NULL, NULL),
(43, 5900, 'defaultCouponMinLimit', '0.5', NULL, NULL),
(44, 6666, 'sbTechAuthUrl', 'http://asyapoker.testing.sbtech.com', NULL, NULL),
(45, 6666, 'netent_api_url', 'https://www.game-program.com/api/seamless/provider', NULL, NULL),
(46, 6666, 'netent_api_login', 'matbet1_eur_s', NULL, NULL),
(47, 6666, 'netent_api_password', 'neEURoklRE56hnEDc2', NULL, NULL),
(48, 6666, 'netent_api_saltkey', 'neUJer901SD', NULL, NULL),
(49, 6666, 'netent_api_prefix', 'BA0SH', NULL, NULL),
(50, 6666, 'netent_europe_api_url', 'https://www.thegameprovider.com/api/seamless/provider', NULL, NULL),
(51, 6666, 'netent_europe_api_login', 'matbet_eur_s', NULL, NULL),
(52, 6666, 'netent_europe_api_password', 'eurM4t98tGfDEec32ki', NULL, NULL),
(53, 6666, 'netent_europe_api_saltkey', 'M4tnJuh531', NULL, NULL),
(54, 6666, 'wallet', 'sportsbook', NULL, NULL),
(55, 6666, 'wallet', 'casino', NULL, NULL),
(56, 6666, 'BitcoinMainAddress', '1Myw5N2LCoUKBrcWAVobHmsAbD2ZX61k8R', NULL, NULL),
(57, 6666, 'BitcoinRequestUrl', 'https://blockchain.info/merchant', NULL, NULL),
(58, 6666, 'BitcoinGuid', 'de56d0ad-05f0-447f-9513-0e1cbfc9631a', NULL, NULL),
(59, 6666, 'BitcoinPassword', 'asya5652*Poker', NULL, NULL),
(60, 6666, 'BitcoinPassword2', 'atasoyyigit5652', NULL, NULL),
(61, 6666, 'defaultUserLimit', '100', NULL, NULL),
(62, 6666, 'defaultCouponMinLimit', '0.5', NULL, NULL),
(63, 7777, 'wallet', 'sportsbook', NULL, NULL),
(64, 7777, 'BitcoinMainAddress', '1Myw5N2LCoUKBrcWAVobHmsAbD2ZX61k8R', NULL, NULL),
(65, 7777, 'BitcoinRequestUrl', 'https://blockchain.info/merchant', NULL, NULL),
(66, 7777, 'BitcoinGuid', 'de56d0ad-05f0-447f-9513-0e1cbfc9631a', NULL, NULL),
(67, 7777, 'BitcoinPassword', 'asya5652*Poker', NULL, NULL),
(68, 7777, 'BitcoinPassword2', 'atasoyyigit5652', NULL, NULL),
(69, 7777, 'defaultUserLimit', '100', NULL, NULL),
(70, 7777, 'defaultCouponMinLimit', '0.5', NULL, NULL),
(71, 9999, 'BitcoinMainAddress', '1Myw5N2LCoUKBrcWAVobHmsAbD2ZX61k8R', NULL, NULL),
(72, 9999, 'BitcoinRequestUrl', 'https://blockchain.info/merchant', NULL, NULL),
(73, 9999, 'BitcoinGuid', 'de56d0ad-05f0-447f-9513-0e1cbfc9631a', NULL, NULL),
(74, 9999, 'BitcoinPassword', 'asya5652*Poker', NULL, NULL),
(75, 9999, 'BitcoinPassword2', 'atasoyyigit5652', NULL, NULL),
(76, 9999, 'defaultUserLimit', '100', NULL, NULL),
(77, 9999, 'defaultCouponMinLimit', '0.5', NULL, NULL),
(78, 9999, 'wallet', 'casino1x2', '2016-10-06 13:24:04', '2016-10-06 13:24:04');

-- --------------------------------------------------------

--
-- Table structure for table `slider`
--

CREATE TABLE `slider` (
  `id` int(10) UNSIGNED NOT NULL,
  `site_id` int(10) UNSIGNED NOT NULL,
  `image_url` varchar(255) DEFAULT NULL,
  `locale` varchar(255) DEFAULT NULL,
  `created_at` timestamp NULL DEFAULT NULL,
  `updated_at` timestamp NULL DEFAULT NULL
) ENGINE=InnoDB DEFAULT CHARSET=utf8;

-- --------------------------------------------------------

--
-- Table structure for table `transaction`
--

CREATE TABLE `transaction` (
  `id` int(10) UNSIGNED NOT NULL,
  `site_id` int(10) UNSIGNED NOT NULL,
  `user_id` int(10) UNSIGNED NOT NULL,
  `doer_id` int(10) UNSIGNED NOT NULL,
  `payment_id` int(10) UNSIGNED DEFAULT NULL,
  `PurchaseID` int(11) DEFAULT NULL,
  `provider_trans_id` varchar(255) DEFAULT NULL,
  `transaction_type_id` int(10) UNSIGNED DEFAULT NULL,
  `from_wallet_id` int(11) DEFAULT NULL,
  `to_wallet_id` int(11) DEFAULT NULL,
  `before_balance` decimal(65,2) DEFAULT NULL,
  `after_balance` decimal(65,2) DEFAULT NULL,
  `amount` decimal(65,2) DEFAULT NULL,
  `bonus` decimal(65,2) DEFAULT NULL,
  `tl_equivalent` decimal(65,2) DEFAULT NULL,
  `exchange_rate` decimal(65,2) DEFAULT NULL,
  `note` longtext,
  `status` enum('approved','rejected','cancelled','waiting','new') NOT NULL,
  `want_to_bonus` enum('yes','no','yes_sport','yes_casino') DEFAULT 'no',
  `device` enum('Desktop','Mobile','Tablet') NOT NULL DEFAULT 'Desktop',
  `created_at` timestamp NULL DEFAULT NULL,
  `updated_at` timestamp NULL DEFAULT NULL
) ENGINE=InnoDB DEFAULT CHARSET=utf8;

--
-- Dumping data for table `transaction`
--

INSERT INTO `transaction` (`id`, `site_id`, `user_id`, `doer_id`, `payment_id`, `PurchaseID`, `provider_trans_id`, `transaction_type_id`, `from_wallet_id`, `to_wallet_id`, `before_balance`, `after_balance`, `amount`, `bonus`, `tl_equivalent`, `exchange_rate`, `note`, `status`, `want_to_bonus`, `device`, `created_at`, `updated_at`) VALUES
(1, 9999, 11036, 11034, NULL, NULL, NULL, 1, -1, 0, '0.00', '500.00', '500.00', NULL, '500.00', '1.00', '', 'approved', 'no', 'Desktop', '2016-10-06 13:27:53', '2016-10-06 13:27:53'),
(5, 9999, 11036, 0, NULL, NULL, '112047120', 38, 0, 78, '1429.66', '1462.36', '-32.70', '-32.70', '-32.70', '0.31', NULL, 'approved', 'no', 'Desktop', '2016-10-07 08:54:14', '2016-10-07 08:54:14'),
(6, 9999, 11036, 0, NULL, NULL, '112047121', 38, 0, 78, '1536.59', '1569.29', '-32.70', '-32.70', '-32.70', '0.31', NULL, 'approved', 'no', 'Desktop', '2016-10-07 08:54:50', '2016-10-07 08:54:50'),
(7, 9999, 11036, 0, NULL, NULL, '112047122', 38, 0, 78, '1643.52', '1676.22', '-32.70', '-32.70', '-32.70', '0.31', NULL, 'approved', 'no', 'Desktop', '2016-10-07 08:55:05', '2016-10-07 08:55:05'),
(8, 9999, 11036, 0, NULL, NULL, '112047123', 38, 0, 78, '1750.45', '1783.15', '-32.70', '-32.70', '-32.70', '0.31', NULL, 'approved', 'no', 'Desktop', '2016-10-07 08:55:35', '2016-10-07 08:55:35'),
(9, 9999, 11036, 0, NULL, NULL, '112047124', 38, 0, 78, '1857.38', '1890.08', '-32.70', '-32.70', '-32.70', '0.31', NULL, 'approved', 'no', 'Desktop', '2016-10-07 09:08:10', '2016-10-07 09:08:10'),
(10, 9999, 11036, 0, NULL, NULL, '112047125', 38, 0, 78, '1815.85', '1783.15', '32.70', '32.70', '32.70', '0.31', NULL, 'approved', 'no', 'Desktop', '2016-10-07 09:10:13', '2016-10-07 09:10:13'),
(11, 9999, 11036, 0, NULL, NULL, '112047126', 38, 0, 78, '1708.92', '1676.22', '32.70', '32.70', '32.70', '0.31', NULL, 'approved', 'no', 'Desktop', '2016-10-07 09:10:20', '2016-10-07 09:10:20'),
(12, 9999, 11036, 0, NULL, NULL, '112047127', 37, 78, 0, '1750.45', '1783.15', '32.70', NULL, '32.70', '0.31', NULL, 'approved', 'no', 'Desktop', '2016-10-07 09:11:50', '2016-10-07 09:11:50'),
(13, 9999, 11036, 0, NULL, NULL, '112047128', 37, 78, 0, '1857.38', '1890.08', '32.70', NULL, '32.70', '0.31', NULL, 'approved', 'no', 'Desktop', '2016-10-07 09:11:59', '2016-10-07 09:11:59'),
(14, 9999, 11036, 0, NULL, NULL, '112047129', 37, 78, 0, '1964.31', '1997.01', '32.70', NULL, '32.70', '0.31', NULL, 'approved', 'no', 'Desktop', '2016-10-07 09:12:03', '2016-10-07 09:12:03'),
(15, 9999, 11036, 0, NULL, NULL, '112047130', 37, 78, 0, '2071.24', '2103.94', '32.70', NULL, '32.70', '0.31', NULL, 'approved', 'no', 'Desktop', '2016-10-07 09:13:07', '2016-10-07 09:13:07'),
(16, 9999, 11036, 0, NULL, NULL, '112047131', 37, 78, 0, '2178.16', '2210.86', '32.70', NULL, '32.70', '0.31', NULL, 'approved', 'no', 'Desktop', '2016-10-07 09:13:15', '2016-10-07 09:13:15'),
(17, 6666, 11014, 11014, 1, NULL, NULL, 4, -1, 0, '0.00', '0.00', '98.10', '0.00', '98.10', '3.27', NULL, 'new', 'no', 'Desktop', '2016-10-08 13:24:28', '2016-10-08 13:24:28');

-- --------------------------------------------------------

--
-- Table structure for table `transaction_casino`
--

CREATE TABLE `transaction_casino` (
  `id` int(10) UNSIGNED NOT NULL,
  `site_id` int(10) UNSIGNED NOT NULL,
  `user_id` int(10) UNSIGNED NOT NULL,
  `transaction_id` int(10) UNSIGNED NOT NULL,
  `transaction_type_id` int(10) UNSIGNED DEFAULT NULL,
  `game_id` int(10) UNSIGNED NOT NULL,
  `provider_trans_id` varchar(255) DEFAULT NULL,
  `before_balance` decimal(65,2) DEFAULT NULL,
  `after_balance` decimal(65,2) DEFAULT NULL,
  `amount` decimal(65,2) DEFAULT NULL,
  `bonus` decimal(65,2) DEFAULT NULL,
  `tl_equivalent` decimal(65,2) DEFAULT NULL,
  `exchange_rate` decimal(65,2) DEFAULT NULL,
  `status` enum('approved','rejected','cancelled','waiting','new') NOT NULL,
  `device` enum('Desktop','Mobile','Tablet') NOT NULL DEFAULT 'Desktop',
  `created_at` timestamp NULL DEFAULT NULL,
  `updated_at` timestamp NULL DEFAULT NULL
) ENGINE=InnoDB DEFAULT CHARSET=utf8;

--
-- Dumping data for table `transaction_casino`
--

INSERT INTO `transaction_casino` (`id`, `site_id`, `user_id`, `transaction_id`, `transaction_type_id`, `game_id`, `provider_trans_id`, `before_balance`, `after_balance`, `amount`, `bonus`, `tl_equivalent`, `exchange_rate`, `status`, `device`, `created_at`, `updated_at`) VALUES
(1, 9999, 11036, 5, 38, 1, '112047120', '1355.43', '1462.36', '-32.70', '-32.70', '-32.70', '0.31', 'approved', 'Desktop', '2016-10-07 08:54:14', '2016-10-07 08:54:14'),
(2, 9999, 11036, 6, 38, 1, '112047121', '1462.36', '1569.29', '-32.70', '-32.70', '-32.70', '0.31', 'approved', 'Desktop', '2016-10-07 08:54:50', '2016-10-07 08:54:50'),
(3, 9999, 11036, 7, 38, 1, '112047122', '1569.29', '1676.22', '-32.70', '-32.70', '-32.70', '0.31', 'approved', 'Desktop', '2016-10-07 08:55:05', '2016-10-07 08:55:05'),
(4, 9999, 11036, 8, 38, 1, '112047123', '1676.22', '1783.15', '-32.70', '-32.70', '-32.70', '0.31', 'approved', 'Desktop', '2016-10-07 08:55:35', '2016-10-07 08:55:35'),
(5, 9999, 11036, 9, 38, 1, '112047124', '1783.15', '1890.08', '-32.70', '-32.70', '-32.70', '0.31', 'approved', 'Desktop', '2016-10-07 09:08:10', '2016-10-07 09:08:10'),
(6, 9999, 11036, 10, 38, 1, '112047125', '1890.08', '1783.15', '32.70', '32.70', '32.70', '0.31', 'approved', 'Desktop', '2016-10-07 09:10:13', '2016-10-07 09:10:13'),
(7, 9999, 11036, 11, 38, 1, '112047126', '1783.15', '1676.22', '32.70', '32.70', '32.70', '0.31', 'approved', 'Desktop', '2016-10-07 09:10:20', '2016-10-07 09:10:20'),
(9, 9999, 11036, 12, 37, 1, '112047127', '1676.22', '1783.15', '32.70', NULL, '32.70', '0.31', 'approved', 'Desktop', '2016-10-07 09:11:50', '2016-10-07 09:11:50'),
(10, 9999, 11036, 13, 37, 1, '112047128', '1783.15', '1890.08', '32.70', NULL, '32.70', '0.31', 'approved', 'Desktop', '2016-10-07 09:11:59', '2016-10-07 09:11:59'),
(11, 9999, 11036, 14, 37, 1, '112047129', '1890.08', '1997.01', '32.70', NULL, '32.70', '0.31', 'approved', 'Desktop', '2016-10-07 09:12:03', '2016-10-07 09:12:03'),
(12, 9999, 11036, 15, 37, 1, '112047130', '1997.01', '2103.94', '32.70', NULL, '32.70', '0.31', 'approved', 'Desktop', '2016-10-07 09:13:07', '2016-10-07 09:13:07'),
(13, 9999, 11036, 16, 37, 1, '112047131', '2103.94', '2210.86', '32.70', NULL, '32.70', '0.31', 'approved', 'Desktop', '2016-10-07 09:13:15', '2016-10-07 09:13:15');

-- --------------------------------------------------------

--
-- Table structure for table `transaction_type`
--

CREATE TABLE `transaction_type` (
  `id` int(10) UNSIGNED NOT NULL,
  `name` varchar(255) DEFAULT NULL,
  `type` varchar(255) DEFAULT NULL,
  `status` enum('active','passive') NOT NULL,
  `created_at` timestamp NULL DEFAULT NULL,
  `updated_at` timestamp NULL DEFAULT NULL
) ENGINE=InnoDB DEFAULT CHARSET=utf8;

--
-- Dumping data for table `transaction_type`
--

INSERT INTO `transaction_type` (`id`, `name`, `type`, `status`, `created_at`, `updated_at`) VALUES
(1, 'Manual', 'deposit', 'active', '2016-01-07 14:12:57', '2016-01-07 14:14:49'),
(2, 'Neteller', 'deposit', 'active', '2016-01-07 14:16:29', '2016-01-07 14:16:29'),
(3, 'Skrill', 'deposit', 'active', '2016-01-07 14:16:45', '2016-01-07 14:16:45'),
(4, 'Ecopayz', 'deposit', 'active', '2016-01-07 14:16:57', '2016-01-07 14:16:57'),
(5, 'Bitcoin', 'deposit', 'active', '2016-01-07 14:17:12', '2016-01-07 14:17:12'),
(6, 'Auto', 'deposit', 'active', '2016-01-07 14:17:31', '2016-01-07 14:17:31'),
(7, 'Havale', 'deposit', 'active', '2016-01-07 14:17:42', '2016-01-07 14:17:42'),
(8, 'Cepbank', 'deposit', 'active', '2016-01-07 14:17:50', '2016-01-07 14:17:50'),
(9, 'Manual', 'withdraw', 'active', '2016-01-07 14:18:04', '2016-01-07 14:18:04'),
(10, 'Neteller', 'withdraw', 'active', '2016-01-07 14:18:15', '2016-01-07 14:18:15'),
(11, 'Skrill', 'withdraw', 'active', '2016-01-07 14:18:26', '2016-01-07 14:18:26'),
(12, 'Ecopayz', 'withdraw', 'active', '2016-01-07 14:18:37', '2016-01-07 14:18:37'),
(13, 'Bitcoin', 'withdraw', 'active', '2016-01-07 14:18:47', '2016-01-07 14:18:47'),
(14, 'Auto', 'withdraw', 'active', '2016-01-07 14:18:56', '2016-01-07 14:18:56'),
(15, 'Havale', 'withdraw', 'active', '2016-01-07 14:19:04', '2016-01-07 14:19:04'),
(16, 'Manual', 'correction', 'active', '2016-01-07 14:19:27', '2016-01-07 14:19:27'),
(17, 'Auto', 'correction', 'active', '2016-01-07 14:20:20', '2016-01-07 14:20:20'),
(18, 'Manual', 'affiliate', 'active', '2016-01-07 14:20:30', '2016-01-07 14:20:30'),
(19, 'Auto', 'affiliate', 'active', '2016-01-07 14:20:43', '2016-01-07 14:20:43'),
(20, 'Manual', 'credit', 'active', '2016-01-07 14:20:52', '2016-01-07 14:20:52'),
(21, 'Manual', 'bonus', 'active', '2016-01-07 14:21:04', '2016-01-07 14:21:04'),
(22, 'Auto', 'bonus', 'active', '2016-01-07 14:21:12', '2016-01-07 14:21:12'),
(23, 'Manual', 'rakeback', 'active', '2016-01-07 14:21:21', '2016-01-07 14:21:21'),
(24, 'Auto', 'rakeback', 'active', '2016-01-07 14:21:30', '2016-01-07 14:21:30'),
(25, 'Manual', 'transfer', 'active', '2016-01-08 14:42:22', '2016-01-08 14:42:22'),
(26, 'Auto', 'transfer', 'active', '2016-01-08 14:42:39', '2016-01-08 14:42:39'),
(27, 'PlacedBet', 'sportsbook', 'active', '2016-01-12 16:08:07', '2016-01-12 16:08:07'),
(28, 'BetWinning', 'sportsbook', 'active', '2016-01-14 16:16:19', '2016-01-14 16:16:19'),
(29, 'BetCorrection', 'sportsbook', 'active', '2016-01-14 16:29:01', '2016-01-14 16:29:01'),
(30, 'AstroPay', 'deposit', 'passive', '2016-01-14 16:29:01', '2016-01-14 16:29:01'),
(31, 'AstroPay', 'withdraw', 'passive', '2016-01-14 16:29:01', '2016-01-14 16:29:01'),
(32, 'Affiliate', 'deposit', 'active', '2016-01-14 16:29:01', '2016-01-14 16:29:01'),
(33, 'Affiliate', 'withdraw', 'active', '2016-01-14 16:29:01', '2016-01-14 16:29:01'),
(34, 'Affiiate', 'credit_to', 'active', '2016-01-14 16:29:01', '2016-01-14 16:29:01'),
(35, 'Affiliate', 'credit_from', 'active', '2016-01-14 16:29:01', '2016-01-14 16:29:01'),
(36, 'BonusCancelled', 'bonus', 'active', '2016-01-14 16:29:01', '2016-01-14 16:29:01'),
(37, 'Credit', 'casino', 'active', '2016-01-14 16:29:01', '2016-01-14 16:29:01'),
(38, 'Debit', 'casino', 'active', '2016-01-14 16:29:01', '2016-01-14 16:29:01'),
(39, 'Rollback', 'casino', 'active', '2016-01-14 16:29:01', '2016-01-14 16:29:01'),
(40, 'depositOne2Pay', 'deposit', 'active', '2016-01-14 16:29:01', '2016-01-14 16:29:01');

-- --------------------------------------------------------

--
-- Table structure for table `user`
--

CREATE TABLE `user` (
  `id` int(10) UNSIGNED NOT NULL,
  `site_id` int(10) UNSIGNED NOT NULL,
  `username` varchar(255) DEFAULT NULL,
  `email` varchar(255) DEFAULT NULL,
  `password` varchar(60) DEFAULT NULL,
  `password_sha1` varchar(60) DEFAULT NULL,
  `firstname` varchar(255) DEFAULT NULL,
  `lastname` varchar(255) DEFAULT NULL,
  `birthdate` datetime DEFAULT NULL,
  `email_verification` tinyint(4) NOT NULL,
  `phone` varchar(255) DEFAULT NULL,
  `phone_verification` tinyint(4) NOT NULL,
  `account_status` enum('waiting_email_verification','waiting_phone_verification','waiting_kyc_verification','approved','unapproved') NOT NULL,
  `user_status` enum('not_approved','active','suspended','user_demand','deleted','locked') NOT NULL,
  `user_role` enum('standard','vip','fraud','operator','agent','superAgent','cepci') NOT NULL,
  `address` varchar(255) DEFAULT NULL,
  `tc_no` double DEFAULT NULL,
  `affiliate_code` varchar(255) DEFAULT NULL,
  `bitcoin_address` varchar(255) DEFAULT NULL,
  `rake` decimal(65,2) DEFAULT NULL,
  `can_take_autorake` tinyint(4) NOT NULL,
  `is_super_reseller` tinyint(4) NOT NULL,
  `poker1_username` varchar(255) DEFAULT NULL,
  `poker2_username` varchar(255) DEFAULT NULL,
  `country_id` int(11) NOT NULL,
  `city_id` int(11) NOT NULL,
  `user_group_id` int(11) DEFAULT NULL,
  `lang` varchar(255) DEFAULT 'tr_TR',
  `balance` decimal(65,2) DEFAULT NULL,
  `balance_currency` varchar(255) DEFAULT NULL,
  `defaultLimit` decimal(65,2) NOT NULL DEFAULT '100.00',
  `token` varchar(255) DEFAULT NULL,
  `token_sport` varchar(255) DEFAULT NULL,
  `google2fa_secret` varchar(255) DEFAULT NULL,
  `is_google_validated` tinyint(4) NOT NULL,
  `confirmation_code` varchar(255) DEFAULT NULL,
  `last_login` datetime DEFAULT NULL,
  `profit` decimal(65,2) NOT NULL DEFAULT '100.00',
  `addTime` decimal(65,2) NOT NULL DEFAULT '0.00',
  `gender` enum('man','woman') NOT NULL DEFAULT 'man',
  `remember_token` varchar(100) DEFAULT NULL,
  `created_at` timestamp NULL DEFAULT NULL,
  `updated_at` timestamp NULL DEFAULT NULL
) ENGINE=InnoDB DEFAULT CHARSET=utf8;

--
-- Dumping data for table `user`
--

INSERT INTO `user` (`id`, `site_id`, `username`, `email`, `password`, `password_sha1`, `firstname`, `lastname`, `birthdate`, `email_verification`, `phone`, `phone_verification`, `account_status`, `user_status`, `user_role`, `address`, `tc_no`, `affiliate_code`, `bitcoin_address`, `rake`, `can_take_autorake`, `is_super_reseller`, `poker1_username`, `poker2_username`, `country_id`, `city_id`, `user_group_id`, `lang`, `balance`, `balance_currency`, `defaultLimit`, `token`, `token_sport`, `google2fa_secret`, `is_google_validated`, `confirmation_code`, `last_login`, `profit`, `addTime`, `gender`, `remember_token`, `created_at`, `updated_at`) VALUES
(11000, 5900, 'kaanyıldız', 'kaan@icelandplatform.com', '$2y$10$KqGu45vzqMFiNdmjg8BFR.s1zCaVpKVIlgg4H7kjK3Wcq/.55DLMm', '0350bcbf9595ec2847585370777c28eaf6daf367', 'Kaan', 'Yıldız', NULL, 0, NULL, 0, 'approved', 'active', 'operator', NULL, NULL, NULL, NULL, '0.00', 1, 0, NULL, NULL, 1, 1, NULL, 'tr_TR', '0.00', 'TRY', '100.00', NULL, NULL, NULL, 0, NULL, NULL, '100.00', '0.00', 'man', NULL, '2016-10-06 13:22:58', NULL),
(11001, 5900, 'ozanyıldırım', 'ozan@icelandplatform.com', '$2y$10$MGzqbhNqEwTXuuu9h0djReT4mmIEu/pRP6bTOw7Xdtv2ZA0VaD5bW', '7bf2e82b67dd02af75045f98dc773d225cf093b6', 'Ozan', 'Yıldırım', NULL, 0, NULL, 0, 'approved', 'active', 'operator', NULL, NULL, NULL, NULL, '0.00', 1, 0, NULL, NULL, 1, 1, NULL, 'tr_TR', '0.00', 'TRY', '100.00', NULL, NULL, NULL, 0, NULL, NULL, '100.00', '0.00', 'man', NULL, '2016-10-06 13:22:58', NULL),
(11002, 5900, 'dorukkahireli', 'doruk@icelandplatform.com', '$2y$10$bXnqasCoedaG7DkgW8ozC.EoiCv4zSalqtusa2IuH01Nu6V2grWtq', 'c20a5e8affd090620b9a1833a052c2c54eed94fd', 'Doruk', 'Kahireli', NULL, 0, NULL, 0, 'approved', 'active', 'operator', NULL, NULL, NULL, NULL, '0.00', 1, 0, NULL, NULL, 1, 1, NULL, 'tr_TR', '0.00', 'TRY', '100.00', NULL, NULL, NULL, 0, NULL, NULL, '100.00', '0.00', 'man', NULL, '2016-10-06 13:22:58', NULL),
(11003, 5900, 'test', 'test_try@icelandplatform.com', '$2y$10$udYVnhQyST62hY1IYULnTezwaJ6FEroi3G2qlmMRtuRQ391YxHNMO', '05fe7461c607c33229772d402505601016a7d0ea', 'test', 'test', NULL, 0, NULL, 0, 'approved', 'active', 'standard', NULL, NULL, NULL, NULL, '0.00', 1, 0, NULL, NULL, 1, 1, NULL, 'tr_TR', '0.00', 'TRY', '100.00', NULL, NULL, NULL, 0, NULL, NULL, '100.00', '0.00', 'man', NULL, '2016-10-06 13:22:58', NULL),
(11004, 5900, 'test_eur', 'test_eur@icelandplatform.com', '$2y$10$cijpzPOYstfwknlV4spxku8Yb0KYcEAGQsyptKo6iDJ6D5naNjKwy', '05fe7461c607c33229772d402505601016a7d0ea', 'test', 'test', NULL, 0, NULL, 0, 'approved', 'active', 'standard', NULL, NULL, NULL, NULL, '0.00', 1, 0, NULL, NULL, 1, 1, NULL, 'tr_TR', '0.00', 'EUR', '100.00', NULL, NULL, NULL, 0, NULL, NULL, '100.00', '0.00', 'man', NULL, '2016-10-06 13:22:59', NULL),
(11005, 5900, 'test_usd', 'test_usd@icelandplatform.com', '$2y$10$bjHUmfYhf1Cnyb9q6Ix.FOue3KT9C0xtTKUKSa93y79MEMZH5GGDi', '05fe7461c607c33229772d402505601016a7d0ea', 'test', 'test', NULL, 0, NULL, 0, 'approved', 'active', 'standard', NULL, NULL, NULL, NULL, '0.00', 1, 0, NULL, NULL, 1, 1, NULL, 'tr_TR', '0.00', 'USD', '100.00', NULL, NULL, NULL, 0, NULL, NULL, '100.00', '0.00', 'man', NULL, '2016-10-06 13:22:59', NULL),
(11006, 5900, 'test_gbp', 'test_gbp@icelandplatform.com', '$2y$10$OKEqYi7TYUmDRZtk1aDqE.vs4nFRgZj7AcQv6ExePgvJg0/O8lzjy', '05fe7461c607c33229772d402505601016a7d0ea', 'test', 'test', NULL, 0, NULL, 0, 'approved', 'active', 'standard', NULL, NULL, NULL, NULL, '0.00', 1, 0, NULL, NULL, 1, 1, NULL, 'tr_TR', '0.00', 'GBP', '100.00', NULL, NULL, NULL, 0, NULL, NULL, '100.00', '0.00', 'man', NULL, '2016-10-06 13:22:59', NULL),
(11007, 5900, 'test_pln', 'test_pln@icelandplatform.com', '$2y$10$yIcFPSp8VIBWBpXsppQg1OI2BAdWsZALSUKVCrpQvlIzEIbYkyEHC', '05fe7461c607c33229772d402505601016a7d0ea', 'test', 'test', NULL, 0, NULL, 0, 'approved', 'active', 'standard', NULL, NULL, NULL, NULL, '0.00', 1, 0, NULL, NULL, 1, 1, NULL, 'tr_TR', '0.00', 'PLN', '100.00', NULL, NULL, NULL, 0, NULL, NULL, '100.00', '0.00', 'man', NULL, '2016-10-06 13:22:59', NULL),
(11008, 5900, 'test_rub', 'test_rub@icelandplatform.com', '$2y$10$h9uEmBeO9AADyXUEyKU6JuuZVum3X1Nx4idJWBp/4Q6gUD6IS596u', '05fe7461c607c33229772d402505601016a7d0ea', 'test', 'test', NULL, 0, NULL, 0, 'approved', 'active', 'standard', NULL, NULL, NULL, NULL, '0.00', 1, 0, NULL, NULL, 1, 1, NULL, 'tr_TR', '0.00', 'RUB', '100.00', NULL, NULL, NULL, 0, NULL, NULL, '100.00', '0.00', 'man', NULL, '2016-10-06 13:22:59', NULL),
(11009, 5900, 'cepci', 'cepci@icelandplatform.com', '$2y$10$Ix2KQoYLEFGoVFJgd7vGkOSQH/uEZKrb2fkomQ8Mvxv0apFiXIqVK', '05fe7461c607c33229772d402505601016a7d0ea', 'cepci', 'cepci', NULL, 0, NULL, 0, 'approved', 'active', 'cepci', NULL, NULL, NULL, NULL, '0.00', 1, 0, NULL, NULL, 1, 1, NULL, 'tr_TR', '0.00', 'TRY', '100.00', NULL, NULL, NULL, 0, NULL, NULL, '100.00', '0.00', 'man', NULL, '2016-10-06 13:22:59', NULL),
(11010, 5900, 'agent', 'agent@icelandplatform.com', '$2y$10$8Oqw3xZni55vSxmZ98MKtOfdqewxa8eW8aY29YhZ52mvnY7UC3q.i', '05fe7461c607c33229772d402505601016a7d0ea', 'agent', 'agent', NULL, 0, NULL, 0, 'approved', 'active', 'agent', NULL, NULL, NULL, NULL, '0.00', 1, 0, NULL, NULL, 1, 1, NULL, 'tr_TR', '0.00', 'TRY', '100.00', NULL, NULL, NULL, 0, NULL, NULL, '100.00', '0.00', 'man', NULL, '2016-10-06 13:22:59', NULL),
(11011, 6666, 'kaanyıldız', 'kaan@icelandplatform.com', '$2y$10$3jikZ3v5iQYiHqKg7TGayOMipwHh5Hrqh.K.yFv13GheQ3KlLfjwy', '0350bcbf9595ec2847585370777c28eaf6daf367', 'Kaan', 'Yıldız', NULL, 0, NULL, 0, 'approved', 'active', 'operator', NULL, NULL, NULL, NULL, '0.00', 1, 0, NULL, NULL, 1, 1, NULL, 'tr_TR', '0.00', 'TRY', '100.00', NULL, NULL, NULL, 0, NULL, NULL, '100.00', '0.00', 'man', NULL, '2016-10-06 13:22:59', NULL),
(11012, 6666, 'ozanyıldırım', 'ozan@icelandplatform.com', '$2y$10$V0nwwvX1grOyCbdJ4S7aC.ZRFmWftRj41ryeR0H6HxpArok1EDS9C', '7bf2e82b67dd02af75045f98dc773d225cf093b6', 'Ozan', 'Yıldırım', NULL, 0, NULL, 0, 'approved', 'active', 'operator', NULL, NULL, NULL, NULL, '0.00', 1, 0, NULL, NULL, 1, 1, NULL, 'tr_TR', '0.00', 'TRY', '100.00', NULL, NULL, 'ZPW7O7CMYBBMYPXM6MPJRRL4WX34R4TM', 1, NULL, '2016-10-11 10:33:38', '100.00', '0.00', 'man', NULL, '2016-10-06 13:22:59', '2016-10-11 10:33:38'),
(11013, 6666, 'dorukkahireli', 'doruk@icelandplatform.com', '$2y$10$kfXYwETkSYKZd8hzO2fb7OHz4n98POpifXvV9ZgiqjDuqQu9.M7Va', 'c20a5e8affd090620b9a1833a052c2c54eed94fd', 'Doruk', 'Kahireli', NULL, 0, NULL, 0, 'approved', 'active', 'operator', NULL, NULL, NULL, NULL, '0.00', 1, 0, NULL, NULL, 1, 1, NULL, 'tr_TR', '0.00', 'TRY', '100.00', NULL, NULL, NULL, 0, NULL, NULL, '100.00', '0.00', 'man', NULL, '2016-10-06 13:22:59', NULL),
(11014, 6666, 'test', 'test_try@icelandplatform.com', '$2y$10$V8YgH1dDXsR24kw75ytCO.8OT9QylVKBa4wF8HemixDNVR2eKTbUS', '05fe7461c607c33229772d402505601016a7d0ea', 'test', 'test', NULL, 0, NULL, 0, 'approved', 'active', 'standard', NULL, NULL, NULL, NULL, '0.00', 1, 0, NULL, NULL, 1, 1, NULL, 'tr_TR', '0.00', 'TRY', '100.00', NULL, '1037F116-C845-4FA4-B2C8-7FFD225FF39D', NULL, 0, NULL, '2016-10-14 08:22:07', '100.00', '0.00', 'man', NULL, '2016-10-06 13:22:59', '2016-10-14 08:22:07'),
(11015, 6666, 'test_eur', 'test_eur@icelandplatform.com', '$2y$10$LP92L/1AvEGdnV.MgJytXecjnnQAE0yig984K7cxtDQ.gbL01omQK', '05fe7461c607c33229772d402505601016a7d0ea', 'test', 'test', NULL, 0, NULL, 0, 'approved', 'active', 'standard', NULL, NULL, NULL, NULL, '0.00', 1, 0, NULL, NULL, 1, 1, NULL, 'tr_TR', '0.00', 'EUR', '100.00', NULL, NULL, NULL, 0, NULL, NULL, '100.00', '0.00', 'man', NULL, '2016-10-06 13:22:59', NULL),
(11016, 6666, 'test_usd', 'test_usd@icelandplatform.com', '$2y$10$w8goSzjKnNQsi1HQAgabGeWS4IWB8efCTacrU8AAI1jUEPgKZyqAO', '05fe7461c607c33229772d402505601016a7d0ea', 'test', 'test', NULL, 0, NULL, 0, 'approved', 'active', 'standard', NULL, NULL, NULL, NULL, '0.00', 1, 0, NULL, NULL, 1, 1, NULL, 'tr_TR', '0.00', 'USD', '100.00', NULL, NULL, NULL, 0, NULL, NULL, '100.00', '0.00', 'man', NULL, '2016-10-06 13:23:00', NULL),
(11017, 6666, 'test_gbp', 'test_gbp@icelandplatform.com', '$2y$10$nopSBWXbc3de/dyvhomieOQiWIkYsq.X9hqkYBj9xOCjUfq2j5ZTy', '05fe7461c607c33229772d402505601016a7d0ea', 'test', 'test', NULL, 0, NULL, 0, 'approved', 'active', 'standard', NULL, NULL, NULL, NULL, '0.00', 1, 0, NULL, NULL, 1, 1, NULL, 'tr_TR', '0.00', 'GBP', '100.00', NULL, NULL, NULL, 0, NULL, NULL, '100.00', '0.00', 'man', NULL, '2016-10-06 13:23:00', NULL),
(11018, 6666, 'test_pln', 'test_pln@icelandplatform.com', '$2y$10$ljKciO7NjWXm3RbLUfV9c.j6btemkwg453wqwsaRnHFuW2UBmoECG', '05fe7461c607c33229772d402505601016a7d0ea', 'test', 'test', NULL, 0, NULL, 0, 'approved', 'active', 'standard', NULL, NULL, NULL, NULL, '0.00', 1, 0, NULL, NULL, 1, 1, NULL, 'tr_TR', '0.00', 'PLN', '100.00', NULL, NULL, NULL, 0, NULL, NULL, '100.00', '0.00', 'man', NULL, '2016-10-06 13:23:00', NULL),
(11019, 6666, 'test_rub', 'test_rub@icelandplatform.com', '$2y$10$ghlPraz/h0k7WXikNU/cx.X9GxtPf3Y8QlpZQ9HI8H1P8KhG9LAkG', '05fe7461c607c33229772d402505601016a7d0ea', 'test', 'test', NULL, 0, NULL, 0, 'approved', 'active', 'standard', NULL, NULL, NULL, NULL, '0.00', 1, 0, NULL, NULL, 1, 1, NULL, 'tr_TR', '0.00', 'RUB', '100.00', NULL, NULL, NULL, 0, NULL, NULL, '100.00', '0.00', 'man', NULL, '2016-10-06 13:23:00', NULL),
(11020, 6666, 'cepci', 'cepci@icelandplatform.com', '$2y$10$vZBQXfF7K1RNZDrh1eZDSeb8H71O5fSyl0N.THnJJzrh8qP5fswyO', '05fe7461c607c33229772d402505601016a7d0ea', 'cepci', 'cepci', NULL, 0, NULL, 0, 'approved', 'active', 'cepci', NULL, NULL, NULL, NULL, '0.00', 1, 0, NULL, NULL, 1, 1, NULL, 'tr_TR', '0.00', 'TRY', '100.00', NULL, NULL, NULL, 0, NULL, NULL, '100.00', '0.00', 'man', NULL, '2016-10-06 13:23:00', NULL),
(11021, 6666, 'agent', 'agent@icelandplatform.com', '$2y$10$ODf7qt.H63.YMCa4n7wIWeFBOZs4CbIKb8S44bPpCnBSbD/RU3H3e', '05fe7461c607c33229772d402505601016a7d0ea', 'agent', 'agent', NULL, 0, NULL, 0, 'approved', 'active', 'agent', NULL, NULL, NULL, NULL, '0.00', 1, 0, NULL, NULL, 1, 1, NULL, 'tr_TR', '0.00', 'TRY', '100.00', NULL, NULL, NULL, 0, NULL, NULL, '100.00', '0.00', 'man', NULL, '2016-10-06 13:23:00', NULL),
(11022, 7777, 'kaanyıldız', 'kaan@icelandplatform.com', '$2y$10$GmaQDasPgSk8.ktHVKATk.mG06hvrT8x/XI4..fDvGSGCod/XJr.q', '0350bcbf9595ec2847585370777c28eaf6daf367', 'Kaan', 'Yıldız', NULL, 0, NULL, 0, 'approved', 'active', 'operator', NULL, NULL, NULL, NULL, '0.00', 1, 0, NULL, NULL, 1, 1, NULL, 'tr_TR', '0.00', 'TRY', '100.00', NULL, NULL, NULL, 0, NULL, NULL, '100.00', '0.00', 'man', NULL, '2016-10-06 13:23:00', NULL),
(11023, 7777, 'ozanyıldırım', 'ozan@icelandplatform.com', '$2y$10$Ot3ilE7afe2KgEK61VG2Guw0SW0Si0NdvkiiTuydCarFOMBJsMnby', '7bf2e82b67dd02af75045f98dc773d225cf093b6', 'Ozan', 'Yıldırım', NULL, 0, NULL, 0, 'approved', 'active', 'operator', NULL, NULL, NULL, NULL, '0.00', 1, 0, NULL, NULL, 1, 1, NULL, 'tr_TR', '0.00', 'TRY', '100.00', NULL, NULL, NULL, 0, NULL, NULL, '100.00', '0.00', 'man', NULL, '2016-10-06 13:23:00', NULL),
(11024, 7777, 'dorukkahireli', 'doruk@icelandplatform.com', '$2y$10$cLQirGx2gsQSfb8lwyH4B.dW7WHaMPEOTbqjbo.a/ZYyBPxTVbQQS', 'c20a5e8affd090620b9a1833a052c2c54eed94fd', 'Doruk', 'Kahireli', NULL, 0, NULL, 0, 'approved', 'active', 'operator', NULL, NULL, NULL, NULL, '0.00', 1, 0, NULL, NULL, 1, 1, NULL, 'tr_TR', '0.00', 'TRY', '100.00', NULL, NULL, NULL, 0, NULL, NULL, '100.00', '0.00', 'man', NULL, '2016-10-06 13:23:00', NULL),
(11025, 7777, 'test', 'test_try@icelandplatform.com', '$2y$10$D3RP0erEgS9memVi9OGZSOaSjZEePQorHTiOHBWbu82uhJnrTcp82', '05fe7461c607c33229772d402505601016a7d0ea', 'test', 'test', NULL, 0, NULL, 0, 'approved', 'active', 'standard', NULL, NULL, NULL, NULL, '0.00', 1, 0, NULL, NULL, 1, 1, NULL, 'tr_TR', '0.00', 'TRY', '100.00', NULL, NULL, NULL, 0, NULL, NULL, '100.00', '0.00', 'man', NULL, '2016-10-06 13:23:00', NULL),
(11026, 7777, 'test_eur', 'test_eur@icelandplatform.com', '$2y$10$e0.7ufOLXHmKHe9O6BChOuFw4OmJD1ZuhQ6kq9.nZYwxCrm5e0Nny', '05fe7461c607c33229772d402505601016a7d0ea', 'test', 'test', NULL, 0, NULL, 0, 'approved', 'active', 'standard', NULL, NULL, NULL, NULL, '0.00', 1, 0, NULL, NULL, 1, 1, NULL, 'tr_TR', '0.00', 'EUR', '100.00', NULL, NULL, NULL, 0, NULL, NULL, '100.00', '0.00', 'man', NULL, '2016-10-06 13:23:00', NULL),
(11027, 7777, 'test_usd', 'test_usd@icelandplatform.com', '$2y$10$UEtgLNRFRAnMM6f1LvY8hO5YD.k/vqIwpVZaFCBRRAUZjOhzQlxQy', '05fe7461c607c33229772d402505601016a7d0ea', 'test', 'test', NULL, 0, NULL, 0, 'approved', 'active', 'standard', NULL, NULL, NULL, NULL, '0.00', 1, 0, NULL, NULL, 1, 1, NULL, 'tr_TR', '0.00', 'USD', '100.00', NULL, NULL, NULL, 0, NULL, NULL, '100.00', '0.00', 'man', NULL, '2016-10-06 13:23:01', NULL),
(11028, 7777, 'test_gbp', 'test_gbp@icelandplatform.com', '$2y$10$PUGOGj6X3zK.ASBNqiEqn.4Zhy17iielKLevI7EOt7p5SN3gZYVmG', '05fe7461c607c33229772d402505601016a7d0ea', 'test', 'test', NULL, 0, NULL, 0, 'approved', 'active', 'standard', NULL, NULL, NULL, NULL, '0.00', 1, 0, NULL, NULL, 1, 1, NULL, 'tr_TR', '0.00', 'GBP', '100.00', NULL, NULL, NULL, 0, NULL, NULL, '100.00', '0.00', 'man', NULL, '2016-10-06 13:23:01', NULL),
(11029, 7777, 'test_pln', 'test_pln@icelandplatform.com', '$2y$10$5e5YPMdnD8ASTl5P5jI7w.GEbCi6Lzmrgo7N9iNnTykbcrU.QI9Lm', '05fe7461c607c33229772d402505601016a7d0ea', 'test', 'test', NULL, 0, NULL, 0, 'approved', 'active', 'standard', NULL, NULL, NULL, NULL, '0.00', 1, 0, NULL, NULL, 1, 1, NULL, 'tr_TR', '0.00', 'PLN', '100.00', NULL, NULL, NULL, 0, NULL, NULL, '100.00', '0.00', 'man', NULL, '2016-10-06 13:23:01', NULL),
(11030, 7777, 'test_rub', 'test_rub@icelandplatform.com', '$2y$10$.D.mXhw1KA99HBbyC02m6Oz5ZxJkmCyBO6J2D/1qoWwKOLlM7FRfq', '05fe7461c607c33229772d402505601016a7d0ea', 'test', 'test', NULL, 0, NULL, 0, 'approved', 'active', 'standard', NULL, NULL, NULL, NULL, '0.00', 1, 0, NULL, NULL, 1, 1, NULL, 'tr_TR', '0.00', 'RUB', '100.00', NULL, NULL, NULL, 0, NULL, NULL, '100.00', '0.00', 'man', NULL, '2016-10-06 13:23:01', NULL),
(11031, 7777, 'cepci', 'cepci@icelandplatform.com', '$2y$10$29oCH.FldtqofVSTpSKJEeK7jjRInQUweNis7zbhmd18VMIU.TtKm', '05fe7461c607c33229772d402505601016a7d0ea', 'cepci', 'cepci', NULL, 0, NULL, 0, 'approved', 'active', 'cepci', NULL, NULL, NULL, NULL, '0.00', 1, 0, NULL, NULL, 1, 1, NULL, 'tr_TR', '0.00', 'TRY', '100.00', NULL, NULL, NULL, 0, NULL, NULL, '100.00', '0.00', 'man', NULL, '2016-10-06 13:23:01', NULL),
(11032, 7777, 'agent', 'agent@icelandplatform.com', '$2y$10$pzeKR15LBpXDdIhKF/OP5OSbN34LJmRPPDQ8fBrhwTFNzESb04CHe', '05fe7461c607c33229772d402505601016a7d0ea', 'agent', 'agent', NULL, 0, NULL, 0, 'approved', 'active', 'agent', NULL, NULL, NULL, NULL, '0.00', 1, 0, NULL, NULL, 1, 1, NULL, 'tr_TR', '0.00', 'TRY', '100.00', NULL, NULL, NULL, 0, NULL, NULL, '100.00', '0.00', 'man', NULL, '2016-10-06 13:23:01', NULL),
(11033, 9999, 'kaanyıldız', 'kaan@icelandplatform.com', '$2y$10$CuG03aI6pC6adt.27xv3Le1pVIpTpqDmCQkQJHk9eE8jGNZO20r7u', '0350bcbf9595ec2847585370777c28eaf6daf367', 'Kaan', 'Yıldız', NULL, 0, NULL, 0, 'approved', 'active', 'operator', NULL, NULL, NULL, NULL, '0.00', 1, 0, NULL, NULL, 1, 1, NULL, 'tr_TR', '0.00', 'TRY', '100.00', NULL, NULL, NULL, 0, NULL, NULL, '100.00', '0.00', 'man', NULL, '2016-10-06 13:23:01', NULL),
(11034, 9999, 'ozanyıldırım', 'ozan@icelandplatform.com', '$2y$10$Q72huuWlQYeyT3cx4qpj/.Hvacy7mVk3KVsuTnOqUlbkh1WVeLiTa', '7bf2e82b67dd02af75045f98dc773d225cf093b6', 'Ozan', 'Yıldırım', NULL, 0, NULL, 0, 'approved', 'active', 'operator', NULL, NULL, NULL, NULL, '0.00', 1, 0, NULL, NULL, 1, 1, NULL, 'tr_TR', '0.00', 'TRY', '100.00', NULL, NULL, 'O5UWIWDCZKATE7FZJKEONKUKBWPE7SXV', 1, NULL, '2016-10-10 08:09:14', '100.00', '0.00', 'man', NULL, '2016-10-06 13:23:01', '2016-10-10 08:09:14'),
(11035, 9999, 'dorukkahireli', 'doruk@icelandplatform.com', '$2y$10$pEIrLxWOzLKBNbps2Zs0oOmTVf9S2z3eyqqbuQF0uBMxojV.UmGv2', 'c20a5e8affd090620b9a1833a052c2c54eed94fd', 'Doruk', 'Kahireli', NULL, 0, NULL, 0, 'approved', 'active', 'operator', NULL, NULL, NULL, NULL, '0.00', 1, 0, NULL, NULL, 1, 1, NULL, 'tr_TR', '0.00', 'TRY', '100.00', NULL, NULL, NULL, 0, NULL, NULL, '100.00', '0.00', 'man', NULL, '2016-10-06 13:23:01', NULL),
(11036, 9999, 'test', 'test_try@icelandplatform.com', '$2y$10$MD438EieSFLjovf54nXEBOABej30Gg67Pf01qPLYBFPsw6jv7NMpe', '05fe7461c607c33229772d402505601016a7d0ea', 'test', 'test', NULL, 0, NULL, 0, 'approved', 'active', 'standard', NULL, NULL, NULL, NULL, '0.00', 1, 0, NULL, NULL, 1, 1, NULL, 'tr_TR', '500.00', 'TRY', '100.00', NULL, NULL, NULL, 0, NULL, '2016-10-20 14:17:48', '100.00', '0.00', 'man', 'JxFxmaq6UmNPeuOXN3Oz4XpgRHYoy9TOSSbPJ52XCKKSuDOQ7lzkiazuelE7', '2016-10-06 13:23:01', '2016-10-20 14:17:48'),
(11037, 9999, 'test_eur', 'test_eur@icelandplatform.com', '$2y$10$3N6zjGho4A7NPVtbwiq/r.nVwXOwz3gFXDHG7mt04utNcHgFauduy', '05fe7461c607c33229772d402505601016a7d0ea', 'test', 'test', NULL, 0, NULL, 0, 'approved', 'active', 'standard', NULL, NULL, NULL, NULL, '0.00', 1, 0, NULL, NULL, 1, 1, NULL, 'tr_TR', '0.00', 'EUR', '100.00', NULL, NULL, NULL, 0, NULL, NULL, '100.00', '0.00', 'man', NULL, '2016-10-06 13:23:01', NULL),
(11038, 9999, 'test_usd', 'test_usd@icelandplatform.com', '$2y$10$dpTkUyIIp0i4tOoW0PZ0g.3X4KDd0NA.hm4mNnkGCmzKHJS9GwMBW', '05fe7461c607c33229772d402505601016a7d0ea', 'test', 'test', NULL, 0, NULL, 0, 'approved', 'active', 'standard', NULL, NULL, NULL, NULL, '0.00', 1, 0, NULL, NULL, 1, 1, NULL, 'tr_TR', '0.00', 'USD', '100.00', NULL, NULL, NULL, 0, NULL, NULL, '100.00', '0.00', 'man', NULL, '2016-10-06 13:23:01', NULL),
(11039, 9999, 'test_gbp', 'test_gbp@icelandplatform.com', '$2y$10$hCP3u6J/DesX.AC0RmEkWOAr/eMf4hCRY4MzW8hGOtZKsiLSk2JVe', '05fe7461c607c33229772d402505601016a7d0ea', 'test', 'test', NULL, 0, NULL, 0, 'approved', 'active', 'standard', NULL, NULL, NULL, NULL, '0.00', 1, 0, NULL, NULL, 1, 1, NULL, 'tr_TR', '0.00', 'GBP', '100.00', NULL, NULL, NULL, 0, NULL, NULL, '100.00', '0.00', 'man', NULL, '2016-10-06 13:23:02', NULL),
(11040, 9999, 'test_pln', 'test_pln@icelandplatform.com', '$2y$10$x2VWcINRQRZbOcCdvA4MMuq194BV7npDVoHAJpG0ezYo03o3jypm2', '05fe7461c607c33229772d402505601016a7d0ea', 'test', 'test', NULL, 0, NULL, 0, 'approved', 'active', 'standard', NULL, NULL, NULL, NULL, '0.00', 1, 0, NULL, NULL, 1, 1, NULL, 'tr_TR', '0.00', 'PLN', '100.00', NULL, NULL, NULL, 0, NULL, NULL, '100.00', '0.00', 'man', NULL, '2016-10-06 13:23:02', NULL),
(11041, 9999, 'test_rub', 'test_rub@icelandplatform.com', '$2y$10$6iZ2Iq875lS.qQiq72fh8eWbdJ1.QEDANT2MwRAVKZgdFjkZhBL6.', '05fe7461c607c33229772d402505601016a7d0ea', 'test', 'test', NULL, 0, NULL, 0, 'approved', 'active', 'standard', NULL, NULL, NULL, NULL, '0.00', 1, 0, NULL, NULL, 1, 1, NULL, 'tr_TR', '0.00', 'RUB', '100.00', NULL, NULL, NULL, 0, NULL, NULL, '100.00', '0.00', 'man', NULL, '2016-10-06 13:23:02', NULL),
(11042, 9999, 'cepci', 'cepci@icelandplatform.com', '$2y$10$SrzR501SsmW3Dyj9r1XZEuPSgLSblLlQcqbh4IAoTTIxTdxssKWQa', '05fe7461c607c33229772d402505601016a7d0ea', 'cepci', 'cepci', NULL, 0, NULL, 0, 'approved', 'active', 'cepci', NULL, NULL, NULL, NULL, '0.00', 1, 0, NULL, NULL, 1, 1, NULL, 'tr_TR', '0.00', 'TRY', '100.00', NULL, NULL, NULL, 0, NULL, NULL, '100.00', '0.00', 'man', NULL, '2016-10-06 13:23:02', NULL),
(11043, 9999, 'agent', 'agent@icelandplatform.com', '$2y$10$iqh/jRyfKR4mMI7fQvawX.XKnF1yUbwejxljgnQD6RiiLVT2dgqQe', '05fe7461c607c33229772d402505601016a7d0ea', 'agent', 'agent', NULL, 0, NULL, 0, 'approved', 'active', 'agent', NULL, NULL, NULL, NULL, '0.00', 1, 0, NULL, NULL, 1, 1, NULL, 'tr_TR', '0.00', 'TRY', '100.00', NULL, NULL, NULL, 0, NULL, NULL, '100.00', '0.00', 'man', NULL, '2016-10-06 13:23:02', NULL);

-- --------------------------------------------------------

--
-- Table structure for table `user_alert`
--

CREATE TABLE `user_alert` (
  `id` int(10) UNSIGNED NOT NULL,
  `site_id` int(10) UNSIGNED NOT NULL,
  `user_id` int(10) UNSIGNED NOT NULL,
  `note` longtext NOT NULL,
  `created_at` timestamp NULL DEFAULT NULL,
  `updated_at` timestamp NULL DEFAULT NULL
) ENGINE=InnoDB DEFAULT CHARSET=utf8;

-- --------------------------------------------------------

--
-- Table structure for table `user_chase`
--

CREATE TABLE `user_chase` (
  `id` int(10) UNSIGNED NOT NULL,
  `site_id` int(10) UNSIGNED NOT NULL,
  `user_id` int(10) UNSIGNED NOT NULL,
  `created_at` timestamp NULL DEFAULT NULL,
  `updated_at` timestamp NULL DEFAULT NULL
) ENGINE=InnoDB DEFAULT CHARSET=utf8;

-- --------------------------------------------------------

--
-- Table structure for table `user_freespin`
--

CREATE TABLE `user_freespin` (
  `id` int(10) UNSIGNED NOT NULL,
  `site_id` int(10) UNSIGNED NOT NULL,
  `user_id` int(10) UNSIGNED NOT NULL,
  `game_id` varchar(255) DEFAULT NULL,
  `available` int(11) DEFAULT NULL,
  `valid_from` datetime DEFAULT NULL,
  `valid_to` datetime DEFAULT NULL,
  `created_at` timestamp NULL DEFAULT NULL,
  `updated_at` timestamp NULL DEFAULT NULL
) ENGINE=InnoDB DEFAULT CHARSET=utf8;

-- --------------------------------------------------------

--
-- Table structure for table `user_group`
--

CREATE TABLE `user_group` (
  `id` int(10) UNSIGNED NOT NULL,
  `site_id` int(10) UNSIGNED NOT NULL,
  `name` varchar(255) DEFAULT NULL,
  `created_at` timestamp NULL DEFAULT NULL,
  `updated_at` timestamp NULL DEFAULT NULL
) ENGINE=InnoDB DEFAULT CHARSET=utf8;

-- --------------------------------------------------------

--
-- Table structure for table `user_group_limit`
--

CREATE TABLE `user_group_limit` (
  `id` int(10) UNSIGNED NOT NULL,
  `site_id` int(10) UNSIGNED NOT NULL,
  `user_group_id` int(10) UNSIGNED NOT NULL,
  `type` enum('sport','bet_type','transfer') NOT NULL,
  `type_id` int(11) NOT NULL,
  `limit` double DEFAULT NULL,
  `created_at` timestamp NULL DEFAULT NULL,
  `updated_at` timestamp NULL DEFAULT NULL
) ENGINE=InnoDB DEFAULT CHARSET=utf8;

-- --------------------------------------------------------

--
-- Table structure for table `user_limit`
--

CREATE TABLE `user_limit` (
  `id` int(10) UNSIGNED NOT NULL,
  `site_id` int(10) UNSIGNED NOT NULL,
  `user_id` int(10) UNSIGNED NOT NULL,
  `type` enum('sport','bet_type','transfer') NOT NULL,
  `type_id` int(11) NOT NULL,
  `limit` double DEFAULT NULL,
  `created_at` timestamp NULL DEFAULT NULL,
  `updated_at` timestamp NULL DEFAULT NULL
) ENGINE=InnoDB DEFAULT CHARSET=utf8;

-- --------------------------------------------------------

--
-- Table structure for table `user_note`
--

CREATE TABLE `user_note` (
  `id` int(10) UNSIGNED NOT NULL,
  `site_id` int(10) UNSIGNED NOT NULL,
  `user_id` int(10) UNSIGNED NOT NULL,
  `doer_id` int(10) UNSIGNED NOT NULL,
  `note` longtext,
  `created_at` timestamp NULL DEFAULT NULL,
  `updated_at` timestamp NULL DEFAULT NULL
) ENGINE=InnoDB DEFAULT CHARSET=utf8;

-- --------------------------------------------------------

--
-- Table structure for table `wallet`
--

CREATE TABLE `wallet` (
  `id` int(10) UNSIGNED NOT NULL,
  `site_id` int(10) UNSIGNED NOT NULL,
  `user_id` int(10) UNSIGNED NOT NULL,
  `name` enum('sportsbook','klas','asia','casino','live_casino','casino_booming','casino1x2') NOT NULL,
  `balance` decimal(65,2) NOT NULL,
  `currency` varchar(255) DEFAULT NULL,
  `bonus_amount` decimal(65,2) NOT NULL,
  `status` enum('active','passive') NOT NULL,
  `created_at` timestamp NULL DEFAULT NULL,
  `updated_at` timestamp NULL DEFAULT NULL
) ENGINE=InnoDB DEFAULT CHARSET=utf8;

--
-- Dumping data for table `wallet`
--

INSERT INTO `wallet` (`id`, `site_id`, `user_id`, `name`, `balance`, `currency`, `bonus_amount`, `status`, `created_at`, `updated_at`) VALUES
(1, 5900, 11000, 'sportsbook', '0.00', 'TRY', '0.00', 'active', NULL, NULL),
(2, 5900, 11001, 'sportsbook', '0.00', 'TRY', '0.00', 'active', NULL, NULL),
(3, 5900, 11002, 'sportsbook', '0.00', 'TRY', '0.00', 'active', NULL, NULL),
(4, 5900, 11003, 'sportsbook', '0.00', 'TRY', '0.00', 'active', NULL, NULL),
(5, 5900, 11004, 'sportsbook', '0.00', 'EUR', '0.00', 'active', NULL, NULL),
(6, 5900, 11005, 'sportsbook', '0.00', 'USD', '0.00', 'active', NULL, NULL),
(7, 5900, 11006, 'sportsbook', '0.00', 'GBP', '0.00', 'active', NULL, NULL),
(8, 5900, 11007, 'sportsbook', '0.00', 'PLN', '0.00', 'active', NULL, NULL),
(9, 5900, 11008, 'sportsbook', '0.00', 'RUB', '0.00', 'active', NULL, NULL),
(10, 5900, 11009, 'sportsbook', '0.00', 'TRY', '0.00', 'active', NULL, NULL),
(11, 5900, 11010, 'sportsbook', '0.00', 'TRY', '0.00', 'active', NULL, NULL),
(12, 5900, 11000, 'asia', '0.00', 'USD', '0.00', 'active', NULL, NULL),
(13, 5900, 11001, 'asia', '0.00', 'USD', '0.00', 'active', NULL, NULL),
(14, 5900, 11002, 'asia', '0.00', 'USD', '0.00', 'active', NULL, NULL),
(15, 5900, 11003, 'asia', '0.00', 'USD', '0.00', 'active', NULL, NULL),
(16, 5900, 11004, 'asia', '0.00', 'USD', '0.00', 'active', NULL, NULL),
(17, 5900, 11005, 'asia', '0.00', 'USD', '0.00', 'active', NULL, NULL),
(18, 5900, 11006, 'asia', '0.00', 'USD', '0.00', 'active', NULL, NULL),
(19, 5900, 11007, 'asia', '0.00', 'USD', '0.00', 'active', NULL, NULL),
(20, 5900, 11008, 'asia', '0.00', 'USD', '0.00', 'active', NULL, NULL),
(21, 5900, 11009, 'asia', '0.00', 'USD', '0.00', 'active', NULL, NULL),
(22, 5900, 11010, 'asia', '0.00', 'USD', '0.00', 'active', NULL, NULL),
(23, 5900, 11000, 'klas', '0.00', 'TRY', '0.00', 'active', NULL, NULL),
(24, 5900, 11001, 'klas', '0.00', 'TRY', '0.00', 'active', NULL, NULL),
(25, 5900, 11002, 'klas', '0.00', 'TRY', '0.00', 'active', NULL, NULL),
(26, 5900, 11003, 'klas', '0.00', 'TRY', '0.00', 'active', NULL, NULL),
(27, 5900, 11004, 'klas', '0.00', 'EUR', '0.00', 'active', NULL, NULL),
(28, 5900, 11005, 'klas', '0.00', 'USD', '0.00', 'active', NULL, NULL),
(29, 5900, 11006, 'klas', '0.00', 'GBP', '0.00', 'active', NULL, NULL),
(30, 5900, 11007, 'klas', '0.00', 'PLN', '0.00', 'active', NULL, NULL),
(31, 5900, 11008, 'klas', '0.00', 'RUB', '0.00', 'active', NULL, NULL),
(32, 5900, 11009, 'klas', '0.00', 'TRY', '0.00', 'active', NULL, NULL),
(33, 5900, 11010, 'klas', '0.00', 'TRY', '0.00', 'active', NULL, NULL),
(34, 5900, 11000, 'casino_booming', '0.00', 'EUR', '0.00', 'active', NULL, NULL),
(35, 5900, 11001, 'casino_booming', '0.00', 'EUR', '0.00', 'active', NULL, NULL),
(36, 5900, 11002, 'casino_booming', '0.00', 'EUR', '0.00', 'active', NULL, NULL),
(37, 5900, 11003, 'casino_booming', '0.00', 'EUR', '0.00', 'active', NULL, NULL),
(38, 5900, 11004, 'casino_booming', '0.00', 'EUR', '0.00', 'active', NULL, NULL),
(39, 5900, 11005, 'casino_booming', '0.00', 'EUR', '0.00', 'active', NULL, NULL),
(40, 5900, 11006, 'casino_booming', '0.00', 'EUR', '0.00', 'active', NULL, NULL),
(41, 5900, 11007, 'casino_booming', '0.00', 'EUR', '0.00', 'active', NULL, NULL),
(42, 5900, 11008, 'casino_booming', '0.00', 'EUR', '0.00', 'active', NULL, NULL),
(43, 5900, 11009, 'casino_booming', '0.00', 'EUR', '0.00', 'active', NULL, NULL),
(44, 5900, 11010, 'casino_booming', '0.00', 'EUR', '0.00', 'active', NULL, NULL),
(45, 6666, 11011, 'sportsbook', '0.00', 'TRY', '0.00', 'active', NULL, NULL),
(46, 6666, 11012, 'sportsbook', '0.00', 'TRY', '0.00', 'active', NULL, NULL),
(47, 6666, 11013, 'sportsbook', '0.00', 'TRY', '0.00', 'active', NULL, NULL),
(48, 6666, 11014, 'sportsbook', '0.00', 'TRY', '0.00', 'active', NULL, NULL),
(49, 6666, 11015, 'sportsbook', '0.00', 'EUR', '0.00', 'active', NULL, NULL),
(50, 6666, 11016, 'sportsbook', '0.00', 'USD', '0.00', 'active', NULL, NULL),
(51, 6666, 11017, 'sportsbook', '0.00', 'GBP', '0.00', 'active', NULL, NULL),
(52, 6666, 11018, 'sportsbook', '0.00', 'PLN', '0.00', 'active', NULL, NULL),
(53, 6666, 11019, 'sportsbook', '0.00', 'RUB', '0.00', 'active', NULL, NULL),
(54, 6666, 11020, 'sportsbook', '0.00', 'TRY', '0.00', 'active', NULL, NULL),
(55, 6666, 11021, 'sportsbook', '0.00', 'TRY', '0.00', 'active', NULL, NULL),
(56, 6666, 11011, 'casino', '0.00', 'TRY', '0.00', 'active', NULL, NULL),
(57, 6666, 11012, 'casino', '0.00', 'TRY', '0.00', 'active', NULL, NULL),
(58, 6666, 11013, 'casino', '0.00', 'TRY', '0.00', 'active', NULL, NULL),
(59, 6666, 11014, 'casino', '0.00', 'TRY', '0.00', 'active', NULL, NULL),
(60, 6666, 11015, 'casino', '0.00', 'EUR', '0.00', 'active', NULL, NULL),
(61, 6666, 11016, 'casino', '0.00', 'USD', '0.00', 'active', NULL, NULL),
(62, 6666, 11017, 'casino', '0.00', 'GBP', '0.00', 'active', NULL, NULL),
(63, 6666, 11018, 'casino', '0.00', 'PLN', '0.00', 'active', NULL, NULL),
(64, 6666, 11019, 'casino', '0.00', 'RUB', '0.00', 'active', NULL, NULL),
(65, 6666, 11020, 'casino', '0.00', 'TRY', '0.00', 'active', NULL, NULL),
(66, 6666, 11021, 'casino', '0.00', 'TRY', '0.00', 'active', NULL, NULL),
(67, 7777, 11022, 'sportsbook', '0.00', 'TRY', '0.00', 'active', NULL, NULL),
(68, 7777, 11023, 'sportsbook', '0.00', 'TRY', '0.00', 'active', NULL, NULL),
(69, 7777, 11024, 'sportsbook', '0.00', 'TRY', '0.00', 'active', NULL, NULL),
(70, 7777, 11025, 'sportsbook', '0.00', 'TRY', '0.00', 'active', NULL, NULL),
(71, 7777, 11026, 'sportsbook', '0.00', 'EUR', '0.00', 'active', NULL, NULL),
(72, 7777, 11027, 'sportsbook', '0.00', 'USD', '0.00', 'active', NULL, NULL),
(73, 7777, 11028, 'sportsbook', '0.00', 'GBP', '0.00', 'active', NULL, NULL),
(74, 7777, 11029, 'sportsbook', '0.00', 'PLN', '0.00', 'active', NULL, NULL),
(75, 7777, 11030, 'sportsbook', '0.00', 'RUB', '0.00', 'active', NULL, NULL),
(76, 7777, 11031, 'sportsbook', '0.00', 'TRY', '0.00', 'active', NULL, NULL),
(77, 7777, 11032, 'sportsbook', '0.00', 'TRY', '0.00', 'active', NULL, NULL),
(78, 9999, 11036, 'casino1x2', '0.00', 'EUR', '523.20', 'active', '2016-10-06 13:24:19', '2016-10-07 09:13:15');

-- --------------------------------------------------------

--
-- Table structure for table `xml_bet_type`
--

CREATE TABLE `xml_bet_type` (
  `id` int(10) UNSIGNED NOT NULL,
  `sideID` int(11) NOT NULL,
  `name` varchar(255) NOT NULL,
  `sportID` int(11) NOT NULL,
  `maxlimit` decimal(65,2) NOT NULL DEFAULT '100.00',
  `profit` decimal(65,2) NOT NULL DEFAULT '120.00',
  `status` enum('active','passive') NOT NULL,
  `order_id` int(11) NOT NULL DEFAULT '100',
  `created_at` timestamp NULL DEFAULT NULL,
  `updated_at` timestamp NULL DEFAULT NULL
) ENGINE=InnoDB DEFAULT CHARSET=utf8;

--
-- Dumping data for table `xml_bet_type`
--

INSERT INTO `xml_bet_type` (`id`, `sideID`, `name`, `sportID`, `maxlimit`, `profit`, `status`, `order_id`, `created_at`, `updated_at`) VALUES
(1, 20, '2-Way', 1, '100.00', '120.00', 'active', 100, NULL, NULL),
(2, 30, 'Outright championship', 1, '100.00', '120.00', 'active', 100, NULL, NULL),
(3, 10, '3-Way', 1, '100.00', '120.00', 'active', 100, NULL, NULL),
(4, 60, 'Total', 1, '100.00', '120.00', 'active', 100, NULL, NULL),
(5, 50, 'Placebet 1-3', 1, '100.00', '120.00', 'active', 100, NULL, NULL),
(6, 70, 'Spread', 1, '100.00', '120.00', 'active', 100, NULL, NULL),
(7, 1, 'Handicap', 1, '100.00', '120.00', 'active', 100, NULL, NULL),
(8, 2, 'Correct score', 1, '100.00', '120.00', 'active', 100, NULL, NULL),
(9, 41, 'First Team to Score', 1, '100.00', '120.00', 'active', 100, NULL, NULL),
(10, 201, 'First goalscorer', 1, '100.00', '120.00', 'active', 100, NULL, NULL),
(11, 42, '1st Half - 1X2', 1, '100.00', '120.00', 'active', 100, NULL, NULL),
(12, 43, 'Both Teams to Score', 1, '100.00', '120.00', 'active', 100, NULL, NULL),
(13, 44, 'Halftime/Fulltime', 1, '100.00', '120.00', 'active', 100, NULL, NULL),
(14, 45, 'Odd/Even goals', 1, '100.00', '120.00', 'active', 100, NULL, NULL),
(15, 46, 'Double Chance', 1, '100.00', '120.00', 'active', 100, NULL, NULL),
(16, 47, 'Draw no bet', 1, '100.00', '120.00', 'active', 100, NULL, NULL),
(17, 48, 'Goals home team', 1, '100.00', '120.00', 'active', 100, NULL, NULL),
(18, 49, 'Goals away team', 1, '100.00', '120.00', 'active', 100, NULL, NULL),
(19, 51, 'Asian Handicap', 1, '100.00', '120.00', 'active', 100, NULL, NULL),
(20, 52, 'Asian Total', 1, '100.00', '120.00', 'active', 100, NULL, NULL),
(21, 53, '1st Half - Asian Handicap', 1, '100.00', '120.00', 'active', 100, NULL, NULL),
(22, 54, '1st Half - Asian Total', 1, '100.00', '120.00', 'active', 100, NULL, NULL),
(23, 352, 'Totals Awayteam', 1, '100.00', '120.00', 'active', 100, NULL, NULL),
(24, 353, 'Totals Hometeam', 1, '100.00', '120.00', 'active', 100, NULL, NULL),
(25, 202, 'Total Goals (aggregated)', 1, '100.00', '120.00', 'active', 100, NULL, NULL),
(26, 203, '1st Half - Correct Score', 1, '100.00', '120.00', 'active', 100, NULL, NULL),
(27, 55, 'European Handicap', 1, '100.00', '120.00', 'active', 100, NULL, NULL),
(28, 56, 'Totals', 1, '100.00', '120.00', 'active', 100, NULL, NULL),
(29, 207, 'Highest scoring half', 1, '100.00', '120.00', 'active', 100, NULL, NULL),
(30, 208, 'Matchbet + Totals', 1, '100.00', '120.00', 'active', 100, NULL, NULL),
(31, 209, 'Matchflow', 1, '100.00', '120.00', 'active', 100, NULL, NULL),
(32, 220, '1st Half - Odd/Even Goals', 1, '100.00', '120.00', 'active', 100, NULL, NULL),
(33, 221, 'Overtime yes/no', 1, '100.00', '120.00', 'active', 100, NULL, NULL),
(34, 222, 'Winning margins', 1, '100.00', '120.00', 'active', 100, NULL, NULL),
(35, 290, 'Last team to score', 1, '100.00', '120.00', 'active', 100, NULL, NULL),
(36, 235, 'Anytime goalscorer', 1, '100.00', '120.00', 'active', 100, NULL, NULL),
(37, 236, 'Total number of bookings', 1, '100.00', '120.00', 'active', 100, NULL, NULL),
(38, 237, '1st Half - Total Number of Bookings', 1, '100.00', '120.00', 'active', 100, NULL, NULL),
(39, 238, 'Total number of booking points', 1, '100.00', '120.00', 'active', 100, NULL, NULL),
(40, 239, '1st Half - Total Number of Booking Points', 1, '100.00', '120.00', 'active', 100, NULL, NULL),
(41, 240, 'Player sent off?', 1, '100.00', '120.00', 'active', 100, NULL, NULL),
(42, 241, '1st Half - Player Sent Off?', 1, '100.00', '120.00', 'active', 100, NULL, NULL),
(43, 242, 'Number of bookings home', 1, '100.00', '120.00', 'active', 100, NULL, NULL),
(44, 243, '1st Half - Number of Bookings Home', 1, '100.00', '120.00', 'active', 100, NULL, NULL),
(45, 244, 'Number of bookings away', 1, '100.00', '120.00', 'active', 100, NULL, NULL),
(46, 245, '1st Half - Number of Bookings Away', 1, '100.00', '120.00', 'active', 100, NULL, NULL),
(47, 246, 'First Team Booked', 1, '100.00', '120.00', 'active', 100, NULL, NULL),
(48, 247, '1st Half - First Team Booked', 1, '100.00', '120.00', 'active', 100, NULL, NULL),
(49, 248, 'Match bookings', 1, '100.00', '120.00', 'active', 100, NULL, NULL),
(50, 249, '1st Half - Match Bookings', 1, '100.00', '120.00', 'active', 100, NULL, NULL),
(51, 250, 'Aggregated booking points', 1, '100.00', '120.00', 'active', 100, NULL, NULL),
(52, 251, '1st Half - Aggregated Booking Points', 1, '100.00', '120.00', 'active', 100, NULL, NULL),
(53, 252, 'Exact bookings', 1, '100.00', '120.00', 'active', 100, NULL, NULL),
(54, 253, '1st Half - Exact Bookings', 1, '100.00', '120.00', 'active', 100, NULL, NULL),
(55, 254, 'Home Team Player Sent Off', 1, '100.00', '120.00', 'active', 100, NULL, NULL),
(56, 255, '1st Half - Home Team Player Sent Off', 1, '100.00', '120.00', 'active', 100, NULL, NULL),
(57, 256, 'Away Team Player Sent Off', 1, '100.00', '120.00', 'active', 100, NULL, NULL),
(58, 257, '1st Half - Away team Player Sent Off', 1, '100.00', '120.00', 'active', 100, NULL, NULL),
(59, 258, 'Total Goals (exact)', 1, '100.00', '120.00', 'active', 100, NULL, NULL),
(60, 259, '2nd Half - 1X2', 1, '100.00', '120.00', 'active', 100, NULL, NULL),
(61, 260, '2nd Half - Asian Total', 1, '100.00', '120.00', 'active', 100, NULL, NULL),
(62, 261, '2nd Half - Asian Handicap', 1, '100.00', '120.00', 'active', 100, NULL, NULL),
(63, 262, 'Halftime/Fulltime Correct Score', 1, '100.00', '120.00', 'active', 100, NULL, NULL),
(64, 263, 'Overtime + goal Yes/No', 1, '100.00', '120.00', 'active', 100, NULL, NULL),
(65, 264, 'Penalty shoot out Yes/No', 1, '100.00', '120.00', 'active', 100, NULL, NULL),
(66, 265, 'How will the match be decided?', 1, '100.00', '120.00', 'active', 100, NULL, NULL),
(67, 267, 'Clean sheet home team', 1, '100.00', '120.00', 'active', 100, NULL, NULL),
(68, 268, 'Clean sheet away team', 1, '100.00', '120.00', 'active', 100, NULL, NULL),
(69, 269, 'Which team to score', 1, '100.00', '120.00', 'active', 100, NULL, NULL),
(70, 270, '1st Half - Total Goals', 1, '100.00', '120.00', 'active', 100, NULL, NULL),
(71, 271, '2nd Half - Total Goals', 1, '100.00', '120.00', 'active', 100, NULL, NULL),
(72, 272, 'Total corners', 1, '100.00', '120.00', 'active', 100, NULL, NULL),
(73, 273, '1st Half - Total Corners', 1, '100.00', '120.00', 'active', 100, NULL, NULL),
(74, 274, 'Corner handicap', 1, '100.00', '120.00', 'active', 100, NULL, NULL),
(75, 275, '1st Half - Corner Handicap', 1, '100.00', '120.00', 'active', 100, NULL, NULL),
(76, 276, 'Corner matchbet', 1, '100.00', '120.00', 'active', 100, NULL, NULL),
(77, 277, '1st Half - Corner Matchbet', 1, '100.00', '120.00', 'active', 100, NULL, NULL),
(78, 278, 'Corner Odd/Even', 1, '100.00', '120.00', 'active', 100, NULL, NULL),
(79, 279, '1st Half - Corner Odd/Even', 1, '100.00', '120.00', 'active', 100, NULL, NULL),
(80, 280, 'First corner', 1, '100.00', '120.00', 'active', 100, NULL, NULL),
(81, 281, '1st Half - First Corner', 1, '100.00', '120.00', 'active', 100, NULL, NULL),
(82, 282, 'Home Team Number of Corners', 1, '100.00', '120.00', 'active', 100, NULL, NULL),
(83, 283, '1st Half - Home Team Number of Corners', 1, '100.00', '120.00', 'active', 100, NULL, NULL),
(84, 284, '1st Half - Totals', 1, '100.00', '120.00', 'active', 100, NULL, NULL),
(85, 285, '2nd Half - Totals', 1, '100.00', '120.00', 'active', 100, NULL, NULL),
(86, 286, 'Last corner', 1, '100.00', '120.00', 'active', 100, NULL, NULL),
(87, 287, '1st Half - Last Corner', 1, '100.00', '120.00', 'active', 100, NULL, NULL),
(88, 288, 'Away Team Number of Corners', 1, '100.00', '120.00', 'active', 100, NULL, NULL),
(89, 289, '1st Half - Away Team Number of Corners', 1, '100.00', '120.00', 'active', 100, NULL, NULL),
(90, 292, 'Corner Total (Aggregated)', 1, '100.00', '120.00', 'active', 100, NULL, NULL),
(91, 293, '1st Half - Corner Total (Aggregated)', 1, '100.00', '120.00', 'active', 100, NULL, NULL),
(92, 315, 'Home to win both halves?', 1, '100.00', '120.00', 'active', 100, NULL, NULL),
(93, 316, 'Home to win either half?', 1, '100.00', '120.00', 'active', 100, NULL, NULL),
(94, 317, 'Home to score in both halves?', 1, '100.00', '120.00', 'active', 100, NULL, NULL),
(95, 318, 'Away to win both halves?', 1, '100.00', '120.00', 'active', 100, NULL, NULL),
(96, 319, 'Away to win either half?', 1, '100.00', '120.00', 'active', 100, NULL, NULL),
(97, 320, 'Away to score in both halves?', 1, '100.00', '120.00', 'active', 100, NULL, NULL),
(98, 321, 'Both halves over 1.5?', 1, '100.00', '120.00', 'active', 100, NULL, NULL),
(99, 322, 'Both halves under 1.5?', 1, '100.00', '120.00', 'active', 100, NULL, NULL),
(100, 323, '1st Half - Double Chance', 1, '100.00', '120.00', 'active', 100, NULL, NULL),
(101, 324, '1st Half - Draw no Bet', 1, '100.00', '120.00', 'active', 100, NULL, NULL),
(102, 325, 'First goal interval 10 min', 1, '100.00', '120.00', 'active', 100, NULL, NULL),
(103, 326, 'First goal interval 15 min', 1, '100.00', '120.00', 'active', 100, NULL, NULL),
(104, 327, 'First 10 minutes - 3 way', 1, '100.00', '120.00', 'active', 100, NULL, NULL),
(105, 328, '1st Half - Both Teams to score', 1, '100.00', '120.00', 'active', 100, NULL, NULL),
(106, 329, '2nd Half - Both Teams to score', 1, '100.00', '120.00', 'active', 100, NULL, NULL),
(107, 330, 'Highest Scoring Half Hometeam', 1, '100.00', '120.00', 'active', 100, NULL, NULL),
(108, 331, 'Highest Scoring Half Awayteam', 1, '100.00', '120.00', 'active', 100, NULL, NULL),
(109, 332, 'Correct score (incl. other)', 1, '100.00', '120.00', 'active', 100, NULL, NULL),
(110, 334, '2nd Half - Odd / Even', 1, '100.00', '120.00', 'active', 100, NULL, NULL),
(111, 335, '2nd half - Draw no bet', 1, '100.00', '120.00', 'active', 100, NULL, NULL),
(112, 336, '2nd half - Double Chance', 1, '100.00', '120.00', 'active', 100, NULL, NULL),
(113, 381, '3Way', 1, '100.00', '120.00', 'active', 100, NULL, NULL),
(114, 383, 'Total', 1, '100.00', '120.00', 'active', 100, NULL, NULL),
(115, 384, 'Handicap', 1, '100.00', '120.00', 'active', 100, NULL, NULL),
(116, 385, 'Correct Score', 1, '100.00', '120.00', 'active', 100, NULL, NULL),
(117, 386, 'Matchbet + Both Teams to Score', 1, '100.00', '120.00', 'active', 100, NULL, NULL),
(118, 387, 'To Qualify', 1, '100.00', '120.00', 'active', 100, NULL, NULL),
(119, 388, 'Correct Score (incl other) 2', 1, '100.00', '120.00', 'active', 100, NULL, NULL),
(120, 389, 'Last Goalscorer', 1, '100.00', '120.00', 'active', 100, NULL, NULL),
(121, 390, '1st Half - First team to score', 1, '100.00', '120.00', 'active', 100, NULL, NULL),
(122, 391, '1st Half - Correct Score 2', 1, '100.00', '120.00', 'active', 100, NULL, NULL),
(123, 392, '1st Half - Totals Home Team', 1, '100.00', '120.00', 'active', 100, NULL, NULL),
(124, 393, '1st Half - Totals Away Team', 1, '100.00', '120.00', 'active', 100, NULL, NULL),
(125, 394, '1st Half - Clean Sheet Home Team', 1, '100.00', '120.00', 'active', 100, NULL, NULL),
(126, 395, '1st Half - Clean Sheet Away Team', 1, '100.00', '120.00', 'active', 100, NULL, NULL),
(127, 396, '1st Half - European Handicap', 1, '100.00', '120.00', 'active', 100, NULL, NULL),
(128, 397, '2nd Half - Totals Home Team', 1, '100.00', '120.00', 'active', 100, NULL, NULL),
(129, 398, '2nd Half - Totals Away Team', 1, '100.00', '120.00', 'active', 100, NULL, NULL),
(130, 399, '2nd Half - Clean Sheet Home Team', 1, '100.00', '120.00', 'active', 100, NULL, NULL),
(131, 401, '2nd Half - Clean Sheet Away Team', 1, '100.00', '120.00', 'active', 100, NULL, NULL),
(132, 402, '2nd Half - Correct Score', 1, '100.00', '120.00', 'active', 100, NULL, NULL),
(133, 403, '2nd Half - Correct Score 2', 1, '100.00', '120.00', 'active', 100, NULL, NULL),
(134, 404, '2nd Half - First Team to score', 1, '100.00', '120.00', 'active', 100, NULL, NULL),
(135, 405, '2nd Half - European Handicap', 1, '100.00', '120.00', 'active', 100, NULL, NULL),
(136, 406, 'Home No Bet', 1, '100.00', '120.00', 'active', 100, NULL, NULL),
(137, 407, 'Away No Bet', 1, '100.00', '120.00', 'active', 100, NULL, NULL),
(138, 408, 'Home Win To Nil', 1, '100.00', '120.00', 'active', 100, NULL, NULL),
(139, 409, 'Away Win To Nil', 1, '100.00', '120.00', 'active', 100, NULL, NULL),
(140, 410, 'Odd / Even Home Team', 1, '100.00', '120.00', 'active', 100, NULL, NULL),
(141, 411, 'Odd / Even Away Team', 1, '100.00', '120.00', 'active', 100, NULL, NULL),
(142, 412, 'First Half - Matchbet + Totals', 1, '100.00', '120.00', 'active', 100, NULL, NULL),
(143, 413, 'First Half - Matchbet + Both Teams To Score', 1, '100.00', '120.00', 'active', 100, NULL, NULL),
(144, 414, 'Both Teams To Score + Totals', 1, '100.00', '120.00', 'active', 100, NULL, NULL),
(145, 464, 'Correct Score AAMS', 1, '100.00', '120.00', 'active', 100, NULL, NULL),
(146, 553, 'Total Goals AAMS', 1, '100.00', '120.00', 'active', 100, NULL, NULL),
(147, 554, 'Both Teams to Score 1st Half/2nd Half', 1, '100.00', '120.00', 'active', 100, NULL, NULL),
(148, 20, '2-Way', 75, '100.00', '120.00', 'active', 100, NULL, NULL),
(149, 30, 'Outright championship', 75, '100.00', '120.00', 'active', 100, NULL, NULL),
(150, 10, '3-Way', 75, '100.00', '120.00', 'active', 100, NULL, NULL),
(151, 60, 'Total', 75, '100.00', '120.00', 'active', 100, NULL, NULL),
(152, 50, 'Placebet 1-3', 75, '100.00', '120.00', 'active', 100, NULL, NULL),
(153, 70, 'Spread', 75, '100.00', '120.00', 'active', 100, NULL, NULL),
(154, 1, 'Handicap', 75, '100.00', '120.00', 'active', 100, NULL, NULL),
(155, 2, 'Correct score', 75, '100.00', '120.00', 'active', 100, NULL, NULL),
(156, 20, '2-Way', 36, '100.00', '120.00', 'active', 100, NULL, NULL),
(157, 30, 'Outright championship', 36, '100.00', '120.00', 'active', 100, NULL, NULL),
(158, 10, '3-Way', 36, '100.00', '120.00', 'active', 100, NULL, NULL),
(159, 60, 'Total', 36, '100.00', '120.00', 'active', 100, NULL, NULL),
(160, 50, 'Placebet 1-3', 36, '100.00', '120.00', 'active', 100, NULL, NULL),
(161, 70, 'Spread', 36, '100.00', '120.00', 'active', 100, NULL, NULL),
(162, 1, 'Handicap', 36, '100.00', '120.00', 'active', 100, NULL, NULL),
(163, 2, 'Correct score', 36, '100.00', '120.00', 'active', 100, NULL, NULL),
(164, 20, '2-Way', 13, '100.00', '120.00', 'active', 100, NULL, NULL),
(165, 30, 'Outright championship', 13, '100.00', '120.00', 'active', 100, NULL, NULL),
(166, 10, '3-Way', 13, '100.00', '120.00', 'active', 100, NULL, NULL),
(167, 60, 'Total', 13, '100.00', '120.00', 'active', 100, NULL, NULL),
(168, 50, 'Placebet 1-3', 13, '100.00', '120.00', 'active', 100, NULL, NULL),
(169, 70, 'Spread', 13, '100.00', '120.00', 'active', 100, NULL, NULL),
(170, 1, 'Handicap', 13, '100.00', '120.00', 'active', 100, NULL, NULL),
(171, 2, 'Correct score', 13, '100.00', '120.00', 'active', 100, NULL, NULL),
(172, 20, '2-Way', 31, '100.00', '120.00', 'active', 100, NULL, NULL),
(173, 30, 'Outright championship', 31, '100.00', '120.00', 'active', 100, NULL, NULL),
(174, 10, '3-Way', 31, '100.00', '120.00', 'active', 100, NULL, NULL),
(175, 60, 'Total', 31, '100.00', '120.00', 'active', 100, NULL, NULL),
(176, 50, 'Placebet 1-3', 31, '100.00', '120.00', 'active', 100, NULL, NULL),
(177, 70, 'Spread', 31, '100.00', '120.00', 'active', 100, NULL, NULL),
(178, 1, 'Handicap', 31, '100.00', '120.00', 'active', 100, NULL, NULL),
(179, 2, 'Correct score', 31, '100.00', '120.00', 'active', 100, NULL, NULL),
(180, 20, '2-Way', 15, '100.00', '120.00', 'active', 100, NULL, NULL),
(181, 30, 'Outright championship', 15, '100.00', '120.00', 'active', 100, NULL, NULL),
(182, 10, '3-Way', 15, '100.00', '120.00', 'active', 100, NULL, NULL),
(183, 60, 'Total', 15, '100.00', '120.00', 'active', 100, NULL, NULL),
(184, 50, 'Placebet 1-3', 1, '100.00', '120.00', 'active', 100, NULL, NULL),
(185, 70, 'Spread', 15, '100.00', '120.00', 'active', 100, NULL, NULL),
(186, 1, 'Handicap', 15, '100.00', '120.00', 'active', 100, NULL, NULL),
(187, 2, 'Correct score', 15, '100.00', '120.00', 'active', 100, NULL, NULL),
(188, 20, '2-Way', 3, '100.00', '120.00', 'active', 100, NULL, NULL),
(189, 30, 'Outright championship', 3, '100.00', '120.00', 'active', 100, NULL, NULL),
(190, 10, '3-Way', 3, '100.00', '120.00', 'active', 100, NULL, NULL),
(191, 60, 'Total', 3, '100.00', '120.00', 'active', 100, NULL, NULL),
(192, 50, 'Placebet 1-3', 3, '100.00', '120.00', 'active', 100, NULL, NULL),
(193, 70, 'Spread', 3, '100.00', '120.00', 'active', 100, NULL, NULL),
(194, 1, 'Handicap', 3, '100.00', '120.00', 'active', 100, NULL, NULL),
(195, 2, 'Correct score', 3, '100.00', '120.00', 'active', 100, NULL, NULL),
(196, 20, '2-Way', 2, '100.00', '120.00', 'active', 100, NULL, NULL),
(197, 30, 'Outright championship', 2, '100.00', '120.00', 'active', 100, NULL, NULL),
(198, 10, '3-Way', 2, '100.00', '120.00', 'active', 100, NULL, NULL),
(199, 60, 'Total', 2, '100.00', '120.00', 'active', 100, NULL, NULL),
(200, 50, 'Placebet 1-3', 2, '100.00', '120.00', 'active', 100, NULL, NULL),
(201, 70, 'Spread', 2, '100.00', '120.00', 'active', 100, NULL, NULL),
(202, 1, 'Handicap', 2, '100.00', '120.00', 'active', 100, NULL, NULL),
(203, 2, 'Correct score', 2, '100.00', '120.00', 'active', 100, NULL, NULL),
(204, 20, '2-Way', 60, '100.00', '120.00', 'active', 100, NULL, NULL),
(205, 30, 'Outright championship', 60, '100.00', '120.00', 'active', 100, NULL, NULL),
(206, 10, '3-Way', 60, '100.00', '120.00', 'active', 100, NULL, NULL),
(207, 60, 'Total', 60, '100.00', '120.00', 'active', 100, NULL, NULL),
(208, 50, 'Placebet 1-3', 60, '100.00', '120.00', 'active', 100, NULL, NULL),
(209, 70, 'Spread', 60, '100.00', '120.00', 'active', 100, NULL, NULL),
(210, 1, 'Handicap', 60, '100.00', '120.00', 'active', 100, NULL, NULL),
(211, 2, 'Correct score', 60, '100.00', '120.00', 'active', 100, NULL, NULL),
(212, 20, '2-Way', 98, '100.00', '120.00', 'active', 100, NULL, NULL),
(213, 30, 'Outright championship', 98, '100.00', '120.00', 'active', 100, NULL, NULL),
(214, 10, '3-Way', 98, '100.00', '120.00', 'active', 100, NULL, NULL),
(215, 60, 'Total', 98, '100.00', '120.00', 'active', 100, NULL, NULL),
(216, 50, 'Placebet 1-3', 98, '100.00', '120.00', 'active', 100, NULL, NULL),
(217, 70, 'Spread', 98, '100.00', '120.00', 'active', 100, NULL, NULL),
(218, 1, 'Handicap', 98, '100.00', '120.00', 'active', 100, NULL, NULL),
(219, 2, 'Correct score', 98, '100.00', '120.00', 'active', 100, NULL, NULL),
(220, 20, '2-Way', 34, '100.00', '120.00', 'active', 100, NULL, NULL),
(221, 30, 'Outright championship', 34, '100.00', '120.00', 'active', 100, NULL, NULL),
(222, 10, '3-Way', 34, '100.00', '120.00', 'active', 100, NULL, NULL),
(223, 60, 'Total', 34, '100.00', '120.00', 'active', 100, NULL, NULL),
(224, 50, 'Placebet 1-3', 34, '100.00', '120.00', 'active', 100, NULL, NULL),
(225, 70, 'Spread', 34, '100.00', '120.00', 'active', 100, NULL, NULL),
(226, 1, 'Handicap', 34, '100.00', '120.00', 'active', 100, NULL, NULL),
(227, 2, 'Correct score', 34, '100.00', '120.00', 'active', 100, NULL, NULL),
(228, 20, '2-Way', 44, '100.00', '120.00', 'active', 100, NULL, NULL),
(229, 30, 'Outright championship', 44, '100.00', '120.00', 'active', 100, NULL, NULL),
(230, 10, '3-Way', 44, '100.00', '120.00', 'active', 100, NULL, NULL),
(231, 60, 'Total', 44, '100.00', '120.00', 'active', 100, NULL, NULL),
(232, 50, 'Placebet 1-3', 44, '100.00', '120.00', 'active', 100, NULL, NULL),
(233, 70, 'Spread', 44, '100.00', '120.00', 'active', 100, NULL, NULL),
(234, 1, 'Handicap', 44, '100.00', '120.00', 'active', 100, NULL, NULL),
(235, 2, 'Correct score', 44, '100.00', '120.00', 'active', 100, NULL, NULL),
(236, 20, '2-Way', 32, '100.00', '120.00', 'active', 100, NULL, NULL),
(237, 30, 'Outright championship', 32, '100.00', '120.00', 'active', 100, NULL, NULL),
(238, 10, '3-Way', 32, '100.00', '120.00', 'active', 100, NULL, NULL),
(239, 60, 'Total', 32, '100.00', '120.00', 'active', 100, NULL, NULL),
(240, 50, 'Placebet 1-3', 32, '100.00', '120.00', 'active', 100, NULL, NULL),
(241, 70, 'Spread', 32, '100.00', '120.00', 'active', 100, NULL, NULL),
(242, 1, 'Handicap', 32, '100.00', '120.00', 'active', 100, NULL, NULL),
(243, 2, 'Correct score', 32, '100.00', '120.00', 'active', 100, NULL, NULL),
(244, 20, '2-Way', 10, '100.00', '120.00', 'active', 100, NULL, NULL),
(245, 30, 'Outright championship', 10, '100.00', '120.00', 'active', 100, NULL, NULL),
(246, 10, '3-Way', 10, '100.00', '120.00', 'active', 100, NULL, NULL),
(247, 60, 'Total', 10, '100.00', '120.00', 'active', 100, NULL, NULL),
(248, 50, 'Placebet 1-3', 10, '100.00', '120.00', 'active', 100, NULL, NULL),
(249, 70, 'Spread', 10, '100.00', '120.00', 'active', 100, NULL, NULL),
(250, 1, 'Handicap', 10, '100.00', '120.00', 'active', 100, NULL, NULL),
(251, 2, 'Correct score', 10, '100.00', '120.00', 'active', 100, NULL, NULL),
(252, 20, '2-Way', 72, '100.00', '120.00', 'active', 100, NULL, NULL),
(253, 30, 'Outright championship', 72, '100.00', '120.00', 'active', 100, NULL, NULL),
(254, 10, '3-Way', 72, '100.00', '120.00', 'active', 100, NULL, NULL),
(255, 60, 'Total', 72, '100.00', '120.00', 'active', 100, NULL, NULL),
(256, 50, 'Placebet 1-3', 72, '100.00', '120.00', 'active', 100, NULL, NULL),
(257, 70, 'Spread', 72, '100.00', '120.00', 'active', 100, NULL, NULL),
(258, 1, 'Handicap', 72, '100.00', '120.00', 'active', 100, NULL, NULL),
(259, 2, 'Correct score', 72, '100.00', '120.00', 'active', 100, NULL, NULL),
(260, 20, '2-Way', 33, '100.00', '120.00', 'active', 100, NULL, NULL),
(261, 30, 'Outright championship', 33, '100.00', '120.00', 'active', 100, NULL, NULL),
(262, 10, '3-Way', 33, '100.00', '120.00', 'active', 100, NULL, NULL),
(263, 60, 'Total', 33, '100.00', '120.00', 'active', 100, NULL, NULL),
(264, 50, 'Placebet 1-3', 33, '100.00', '120.00', 'active', 100, NULL, NULL),
(265, 70, 'Spread', 33, '100.00', '120.00', 'active', 100, NULL, NULL),
(266, 1, 'Handicap', 33, '100.00', '120.00', 'active', 100, NULL, NULL),
(267, 2, 'Correct score', 33, '100.00', '120.00', 'active', 100, NULL, NULL),
(268, 20, '2-Way', 21, '100.00', '120.00', 'active', 100, NULL, NULL),
(269, 30, 'Outright championship', 21, '100.00', '120.00', 'active', 100, NULL, NULL),
(270, 10, '3-Way', 21, '100.00', '120.00', 'active', 100, NULL, NULL),
(271, 60, 'Total', 21, '100.00', '120.00', 'active', 100, NULL, NULL),
(272, 50, 'Placebet 1-3', 21, '100.00', '120.00', 'active', 100, NULL, NULL),
(273, 70, 'Spread', 21, '100.00', '120.00', 'active', 100, NULL, NULL),
(274, 1, 'Handicap', 21, '100.00', '120.00', 'active', 100, NULL, NULL),
(275, 2, 'Correct score', 21, '100.00', '120.00', 'active', 100, NULL, NULL),
(276, 20, '2-Way', 28, '100.00', '120.00', 'active', 100, NULL, NULL),
(277, 30, 'Outright championship', 28, '100.00', '120.00', 'active', 100, NULL, NULL),
(278, 10, '3-Way', 28, '100.00', '120.00', 'active', 100, NULL, NULL),
(279, 60, 'Total', 28, '100.00', '120.00', 'active', 100, NULL, NULL),
(280, 50, 'Placebet 1-3', 28, '100.00', '120.00', 'active', 100, NULL, NULL),
(281, 70, 'Spread', 28, '100.00', '120.00', 'active', 100, NULL, NULL),
(282, 1, 'Handicap', 28, '100.00', '120.00', 'active', 100, NULL, NULL),
(283, 2, 'Correct score', 28, '100.00', '120.00', 'active', 100, NULL, NULL),
(284, 20, '2-Way', 17, '100.00', '120.00', 'active', 100, NULL, NULL),
(285, 30, 'Outright championship', 17, '100.00', '120.00', 'active', 100, NULL, NULL),
(286, 10, '3-Way', 17, '100.00', '120.00', 'active', 100, NULL, NULL),
(287, 60, 'Total', 17, '100.00', '120.00', 'active', 100, NULL, NULL),
(288, 50, 'Placebet 1-3', 17, '100.00', '120.00', 'active', 100, NULL, NULL),
(289, 70, 'Spread', 17, '100.00', '120.00', 'active', 100, NULL, NULL),
(290, 1, 'Handicap', 17, '100.00', '120.00', 'active', 100, NULL, NULL),
(291, 2, 'Correct score', 17, '100.00', '120.00', 'active', 100, NULL, NULL),
(292, 20, '2-Way', 22, '100.00', '120.00', 'active', 100, NULL, NULL),
(293, 30, 'Outright championship', 22, '100.00', '120.00', 'active', 100, NULL, NULL),
(294, 10, '3-Way', 22, '100.00', '120.00', 'active', 100, NULL, NULL),
(295, 60, 'Total', 22, '100.00', '120.00', 'active', 100, NULL, NULL),
(296, 50, 'Placebet 1-3', 22, '100.00', '120.00', 'active', 100, NULL, NULL),
(297, 70, 'Spread', 22, '100.00', '120.00', 'active', 100, NULL, NULL),
(298, 1, 'Handicap', 22, '100.00', '120.00', 'active', 100, NULL, NULL),
(299, 2, 'Correct score', 22, '100.00', '120.00', 'active', 100, NULL, NULL),
(300, 20, '2-Way', 96, '100.00', '120.00', 'active', 100, NULL, NULL),
(301, 30, 'Outright championship', 96, '100.00', '120.00', 'active', 100, NULL, NULL),
(302, 10, '3-Way', 96, '100.00', '120.00', 'active', 100, NULL, NULL),
(303, 60, 'Total', 96, '100.00', '120.00', 'active', 100, NULL, NULL),
(304, 50, 'Placebet 1-3', 96, '100.00', '120.00', 'active', 100, NULL, NULL),
(305, 70, 'Spread', 96, '100.00', '120.00', 'active', 100, NULL, NULL),
(306, 1, 'Handicap', 96, '100.00', '120.00', 'active', 100, NULL, NULL),
(307, 2, 'Correct score', 96, '100.00', '120.00', 'active', 100, NULL, NULL),
(308, 20, '2-Way', 107, '100.00', '120.00', 'active', 100, NULL, NULL),
(309, 30, 'Outright championship', 107, '100.00', '120.00', 'active', 100, NULL, NULL),
(310, 10, '3-Way', 107, '100.00', '120.00', 'active', 100, NULL, NULL),
(311, 60, 'Total', 107, '100.00', '120.00', 'active', 100, NULL, NULL),
(312, 50, 'Placebet 1-3', 107, '100.00', '120.00', 'active', 100, NULL, NULL),
(313, 70, 'Spread', 107, '100.00', '120.00', 'active', 100, NULL, NULL),
(314, 1, 'Handicap', 107, '100.00', '120.00', 'active', 100, NULL, NULL),
(315, 2, 'Correct score', 107, '100.00', '120.00', 'active', 100, NULL, NULL),
(316, 20, '2-Way', 118, '100.00', '120.00', 'active', 100, NULL, NULL),
(317, 30, 'Outright championship', 118, '100.00', '120.00', 'active', 100, NULL, NULL),
(318, 10, '3-Way', 118, '100.00', '120.00', 'active', 100, NULL, NULL),
(319, 60, 'Total', 118, '100.00', '120.00', 'active', 100, NULL, NULL),
(320, 50, 'Placebet 1-3', 118, '100.00', '120.00', 'active', 100, NULL, NULL),
(321, 70, 'Spread', 118, '100.00', '120.00', 'active', 100, NULL, NULL),
(322, 1, 'Handicap', 118, '100.00', '120.00', 'active', 100, NULL, NULL),
(323, 2, 'Correct score', 118, '100.00', '120.00', 'active', 100, NULL, NULL),
(324, 20, '2-Way', 109, '100.00', '120.00', 'active', 100, NULL, NULL),
(325, 30, 'Outright championship', 109, '100.00', '120.00', 'active', 100, NULL, NULL),
(326, 10, '3-Way', 109, '100.00', '120.00', 'active', 100, NULL, NULL),
(327, 60, 'Total', 109, '100.00', '120.00', 'active', 100, NULL, NULL),
(328, 50, 'Placebet 1-3', 109, '100.00', '120.00', 'active', 100, NULL, NULL),
(329, 70, 'Spread', 109, '100.00', '120.00', 'active', 100, NULL, NULL),
(330, 1, 'Handicap', 109, '100.00', '120.00', 'active', 100, NULL, NULL),
(331, 2, 'Correct score', 109, '100.00', '120.00', 'active', 100, NULL, NULL),
(332, 20, '2-Way', 111, '100.00', '120.00', 'active', 100, NULL, NULL),
(333, 30, 'Outright championship', 111, '100.00', '120.00', 'active', 100, NULL, NULL),
(334, 10, '3-Way', 111, '100.00', '120.00', 'active', 100, NULL, NULL),
(335, 60, 'Total', 111, '100.00', '120.00', 'active', 100, NULL, NULL),
(336, 50, 'Placebet 1-3', 111, '100.00', '120.00', 'active', 100, NULL, NULL),
(337, 70, 'Spread', 111, '100.00', '120.00', 'active', 100, NULL, NULL),
(338, 1, 'Handicap', 111, '100.00', '120.00', 'active', 100, NULL, NULL),
(339, 2, 'Correct score', 111, '100.00', '120.00', 'active', 100, NULL, NULL),
(340, 20, '2-Way', 113, '100.00', '120.00', 'active', 100, NULL, NULL),
(341, 30, 'Outright championship', 113, '100.00', '120.00', 'active', 100, NULL, NULL),
(342, 10, '3-Way', 113, '100.00', '120.00', 'active', 100, NULL, NULL),
(343, 60, 'Total', 113, '100.00', '120.00', 'active', 100, NULL, NULL),
(344, 50, 'Placebet 1-3', 113, '100.00', '120.00', 'active', 100, NULL, NULL),
(345, 70, 'Spread', 113, '100.00', '120.00', 'active', 100, NULL, NULL),
(346, 1, 'Handicap', 113, '100.00', '120.00', 'active', 100, NULL, NULL),
(347, 2, 'Correct score', 113, '100.00', '120.00', 'active', 100, NULL, NULL),
(348, 20, '2-Way', 114, '100.00', '120.00', 'active', 100, NULL, NULL),
(349, 30, 'Outright championship', 114, '100.00', '120.00', 'active', 100, NULL, NULL),
(350, 10, '3-Way', 114, '100.00', '120.00', 'active', 100, NULL, NULL),
(351, 60, 'Total', 114, '100.00', '120.00', 'active', 100, NULL, NULL),
(352, 50, 'Placebet 1-3', 114, '100.00', '120.00', 'active', 100, NULL, NULL),
(353, 70, 'Spread', 114, '100.00', '120.00', 'active', 100, NULL, NULL),
(354, 1, 'Handicap', 114, '100.00', '120.00', 'active', 100, NULL, NULL),
(355, 2, 'Correct score', 114, '100.00', '120.00', 'active', 100, NULL, NULL),
(356, 20, '2-Way', 110, '100.00', '120.00', 'active', 100, NULL, NULL),
(357, 30, 'Outright championship', 110, '100.00', '120.00', 'active', 100, NULL, NULL),
(358, 10, '3-Way', 110, '100.00', '120.00', 'active', 100, NULL, NULL),
(359, 60, 'Total', 110, '100.00', '120.00', 'active', 100, NULL, NULL),
(360, 50, 'Placebet 1-3', 110, '100.00', '120.00', 'active', 100, NULL, NULL),
(361, 70, 'Spread', 110, '100.00', '120.00', 'active', 100, NULL, NULL),
(362, 1, 'Handicap', 110, '100.00', '120.00', 'active', 100, NULL, NULL),
(363, 2, 'Correct score', 110, '100.00', '120.00', 'active', 100, NULL, NULL),
(364, 20, '2-Way', 112, '100.00', '120.00', 'active', 100, NULL, NULL),
(365, 30, 'Outright championship', 112, '100.00', '120.00', 'active', 100, NULL, NULL),
(366, 10, '3-Way', 112, '100.00', '120.00', 'active', 100, NULL, NULL),
(367, 60, 'Total', 112, '100.00', '120.00', 'active', 100, NULL, NULL),
(368, 50, 'Placebet 1-3', 112, '100.00', '120.00', 'active', 100, NULL, NULL),
(369, 70, 'Spread', 112, '100.00', '120.00', 'active', 100, NULL, NULL),
(370, 1, 'Handicap', 112, '100.00', '120.00', 'active', 100, NULL, NULL),
(371, 2, 'Correct score', 112, '100.00', '120.00', 'active', 100, NULL, NULL),
(372, 20, '2-Way', 115, '100.00', '120.00', 'active', 100, NULL, NULL),
(373, 30, 'Outright championship', 115, '100.00', '120.00', 'active', 100, NULL, NULL),
(374, 10, '3-Way', 115, '100.00', '120.00', 'active', 100, NULL, NULL),
(375, 60, 'Total', 115, '100.00', '120.00', 'active', 100, NULL, NULL),
(376, 50, 'Placebet 1-3', 115, '100.00', '120.00', 'active', 100, NULL, NULL),
(377, 70, 'Spread', 115, '100.00', '120.00', 'active', 100, NULL, NULL),
(378, 1, 'Handicap', 115, '100.00', '120.00', 'active', 100, NULL, NULL),
(379, 2, 'Correct score', 115, '100.00', '120.00', 'active', 100, NULL, NULL),
(380, 20, '2-Way', 24, '100.00', '120.00', 'active', 100, NULL, NULL),
(381, 30, 'Outright championship', 24, '100.00', '120.00', 'active', 100, NULL, NULL),
(382, 10, '3-Way', 24, '100.00', '120.00', 'active', 100, NULL, NULL),
(383, 60, 'Total', 24, '100.00', '120.00', 'active', 100, NULL, NULL),
(384, 50, 'Placebet 1-3', 24, '100.00', '120.00', 'active', 100, NULL, NULL),
(385, 70, 'Spread', 24, '100.00', '120.00', 'active', 100, NULL, NULL),
(386, 1, 'Handicap', 24, '100.00', '120.00', 'active', 100, NULL, NULL),
(387, 2, 'Correct score', 24, '100.00', '120.00', 'active', 100, NULL, NULL),
(388, 20, '2-Way', 7, '100.00', '120.00', 'active', 100, NULL, NULL),
(389, 30, 'Outright championship', 7, '100.00', '120.00', 'active', 100, NULL, NULL),
(390, 10, '3-Way', 7, '100.00', '120.00', 'active', 100, NULL, NULL),
(391, 60, 'Total', 7, '100.00', '120.00', 'active', 100, NULL, NULL),
(392, 50, 'Placebet 1-3', 7, '100.00', '120.00', 'active', 100, NULL, NULL),
(393, 70, 'Spread', 7, '100.00', '120.00', 'active', 100, NULL, NULL),
(394, 1, 'Handicap', 7, '100.00', '120.00', 'active', 100, NULL, NULL),
(395, 2, 'Correct score', 7, '100.00', '120.00', 'active', 100, NULL, NULL),
(396, 20, '2-Way', 16, '100.00', '120.00', 'active', 100, NULL, NULL),
(397, 30, 'Outright championship', 16, '100.00', '120.00', 'active', 100, NULL, NULL),
(398, 10, '3-Way', 16, '100.00', '120.00', 'active', 100, NULL, NULL),
(399, 60, 'Total', 16, '100.00', '120.00', 'active', 100, NULL, NULL),
(400, 50, 'Placebet 1-3', 16, '100.00', '120.00', 'active', 100, NULL, NULL),
(401, 70, 'Spread', 16, '100.00', '120.00', 'active', 100, NULL, NULL),
(402, 1, 'Handicap', 16, '100.00', '120.00', 'active', 100, NULL, NULL),
(403, 2, 'Correct score', 16, '100.00', '120.00', 'active', 100, NULL, NULL),
(404, 20, '2-Way', 40, '100.00', '120.00', 'active', 100, NULL, NULL),
(405, 30, 'Outright championship', 40, '100.00', '120.00', 'active', 100, NULL, NULL),
(406, 10, '3-Way', 40, '100.00', '120.00', 'active', 100, NULL, NULL),
(407, 60, 'Total', 40, '100.00', '120.00', 'active', 100, NULL, NULL),
(408, 50, 'Placebet 1-3', 40, '100.00', '120.00', 'active', 100, NULL, NULL),
(409, 70, 'Spread', 40, '100.00', '120.00', 'active', 100, NULL, NULL),
(410, 1, 'Handicap', 40, '100.00', '120.00', 'active', 100, NULL, NULL),
(411, 2, 'Correct score', 40, '100.00', '120.00', 'active', 100, NULL, NULL),
(412, 20, '2-Way', 29, '100.00', '120.00', 'active', 100, NULL, NULL),
(413, 30, 'Outright championship', 29, '100.00', '120.00', 'active', 100, NULL, NULL),
(414, 10, '3-Way', 29, '100.00', '120.00', 'active', 100, NULL, NULL),
(415, 60, 'Total', 29, '100.00', '120.00', 'active', 100, NULL, NULL),
(416, 50, 'Placebet 1-3', 29, '100.00', '120.00', 'active', 100, NULL, NULL),
(417, 70, 'Spread', 29, '100.00', '120.00', 'active', 100, NULL, NULL),
(418, 1, 'Handicap', 29, '100.00', '120.00', 'active', 100, NULL, NULL),
(419, 2, 'Correct score', 29, '100.00', '120.00', 'active', 100, NULL, NULL),
(420, 20, '2-Way', 27, '100.00', '120.00', 'active', 100, NULL, NULL),
(421, 30, 'Outright championship', 27, '100.00', '120.00', 'active', 100, NULL, NULL),
(422, 10, '3-Way', 27, '100.00', '120.00', 'active', 100, NULL, NULL),
(423, 60, 'Total', 27, '100.00', '120.00', 'active', 100, NULL, NULL),
(424, 50, 'Placebet 1-3', 27, '100.00', '120.00', 'active', 100, NULL, NULL),
(425, 70, 'Spread', 27, '100.00', '120.00', 'active', 100, NULL, NULL),
(426, 1, 'Handicap', 27, '100.00', '120.00', 'active', 100, NULL, NULL),
(427, 2, 'Correct score', 27, '100.00', '120.00', 'active', 100, NULL, NULL),
(428, 20, '2-Way', 9, '100.00', '120.00', 'active', 100, NULL, NULL),
(429, 30, 'Outright championship', 9, '100.00', '120.00', 'active', 100, NULL, NULL),
(430, 10, '3-Way', 9, '100.00', '120.00', 'active', 100, NULL, NULL),
(431, 60, 'Total', 9, '100.00', '120.00', 'active', 100, NULL, NULL),
(432, 50, 'Placebet 1-3', 9, '100.00', '120.00', 'active', 100, NULL, NULL),
(433, 70, 'Spread', 9, '100.00', '120.00', 'active', 100, NULL, NULL),
(434, 1, 'Handicap', 9, '100.00', '120.00', 'active', 100, NULL, NULL),
(435, 2, 'Correct score', 9, '100.00', '120.00', 'active', 100, NULL, NULL),
(436, 20, '2-Way', 58, '100.00', '120.00', 'active', 100, NULL, NULL),
(437, 30, 'Outright championship', 58, '100.00', '120.00', 'active', 100, NULL, NULL),
(438, 10, '3-Way', 58, '100.00', '120.00', 'active', 100, NULL, NULL),
(439, 60, 'Total', 58, '100.00', '120.00', 'active', 100, NULL, NULL),
(440, 50, 'Placebet 1-3', 58, '100.00', '120.00', 'active', 100, NULL, NULL),
(441, 70, 'Spread', 58, '100.00', '120.00', 'active', 100, NULL, NULL),
(442, 1, 'Handicap', 58, '100.00', '120.00', 'active', 100, NULL, NULL),
(443, 2, 'Correct score', 58, '100.00', '120.00', 'active', 100, NULL, NULL),
(444, 20, '2-Way', 78, '100.00', '120.00', 'active', 100, NULL, NULL),
(445, 30, 'Outright championship', 78, '100.00', '120.00', 'active', 100, NULL, NULL),
(446, 10, '3-Way', 78, '100.00', '120.00', 'active', 100, NULL, NULL),
(447, 60, 'Total', 78, '100.00', '120.00', 'active', 100, NULL, NULL),
(448, 50, 'Placebet 1-3', 78, '100.00', '120.00', 'active', 100, NULL, NULL),
(449, 70, 'Spread', 78, '100.00', '120.00', 'active', 100, NULL, NULL),
(450, 1, 'Handicap', 78, '100.00', '120.00', 'active', 100, NULL, NULL),
(451, 2, 'Correct score', 78, '100.00', '120.00', 'active', 100, NULL, NULL),
(452, 20, '2-Way', 6, '100.00', '120.00', 'active', 100, NULL, NULL),
(453, 30, 'Outright championship', 6, '100.00', '120.00', 'active', 100, NULL, NULL),
(454, 10, '3-Way', 6, '100.00', '120.00', 'active', 100, NULL, NULL),
(455, 60, 'Total', 6, '100.00', '120.00', 'active', 100, NULL, NULL),
(456, 50, 'Placebet 1-3', 6, '100.00', '120.00', 'active', 100, NULL, NULL),
(457, 70, 'Spread', 6, '100.00', '120.00', 'active', 100, NULL, NULL),
(458, 1, 'Handicap', 6, '100.00', '120.00', 'active', 100, NULL, NULL),
(459, 2, 'Correct score', 6, '100.00', '120.00', 'active', 100, NULL, NULL),
(460, 20, '2-Way', 55, '100.00', '120.00', 'active', 100, NULL, NULL),
(461, 30, 'Outright championship', 55, '100.00', '120.00', 'active', 100, NULL, NULL),
(462, 10, '3-Way', 55, '100.00', '120.00', 'active', 100, NULL, NULL),
(463, 60, 'Total', 55, '100.00', '120.00', 'active', 100, NULL, NULL),
(464, 50, 'Placebet 1-3', 55, '100.00', '120.00', 'active', 100, NULL, NULL),
(465, 70, 'Spread', 55, '100.00', '120.00', 'active', 100, NULL, NULL),
(466, 1, 'Handicap', 55, '100.00', '120.00', 'active', 100, NULL, NULL),
(467, 2, 'Correct score', 55, '100.00', '120.00', 'active', 100, NULL, NULL),
(468, 20, '2-Way', 73, '100.00', '120.00', 'active', 100, NULL, NULL),
(469, 30, 'Outright championship', 73, '100.00', '120.00', 'active', 100, NULL, NULL),
(470, 10, '3-Way', 73, '100.00', '120.00', 'active', 100, NULL, NULL),
(471, 60, 'Total', 73, '100.00', '120.00', 'active', 100, NULL, NULL),
(472, 50, 'Placebet 1-3', 73, '100.00', '120.00', 'active', 100, NULL, NULL),
(473, 70, 'Spread', 73, '100.00', '120.00', 'active', 100, NULL, NULL),
(474, 1, 'Handicap', 73, '100.00', '120.00', 'active', 100, NULL, NULL),
(475, 2, 'Correct score', 73, '100.00', '120.00', 'active', 100, NULL, NULL),
(476, 20, '2-Way', 4, '100.00', '120.00', 'active', 100, NULL, NULL),
(477, 30, 'Outright championship', 4, '100.00', '120.00', 'active', 100, NULL, NULL),
(478, 10, '3-Way', 4, '100.00', '120.00', 'active', 100, NULL, NULL),
(479, 60, 'Total', 4, '100.00', '120.00', 'active', 100, NULL, NULL),
(480, 50, 'Placebet 1-3', 4, '100.00', '120.00', 'active', 100, NULL, NULL),
(481, 70, 'Spread', 4, '100.00', '120.00', 'active', 100, NULL, NULL),
(482, 1, 'Handicap', 4, '100.00', '120.00', 'active', 100, NULL, NULL),
(483, 2, 'Correct score', 4, '100.00', '120.00', 'active', 100, NULL, NULL),
(484, 20, '2-Way', 57, '100.00', '120.00', 'active', 100, NULL, NULL),
(485, 30, 'Outright championship', 57, '100.00', '120.00', 'active', 100, NULL, NULL),
(486, 10, '3-Way', 57, '100.00', '120.00', 'active', 100, NULL, NULL),
(487, 60, 'Total', 57, '100.00', '120.00', 'active', 100, NULL, NULL),
(488, 50, 'Placebet 1-3', 57, '100.00', '120.00', 'active', 100, NULL, NULL),
(489, 70, 'Spread', 57, '100.00', '120.00', 'active', 100, NULL, NULL),
(490, 1, 'Handicap', 57, '100.00', '120.00', 'active', 100, NULL, NULL),
(491, 2, 'Correct score', 57, '100.00', '120.00', 'active', 100, NULL, NULL),
(492, 20, '2-Way', 79, '100.00', '120.00', 'active', 100, NULL, NULL),
(493, 30, 'Outright championship', 79, '100.00', '120.00', 'active', 100, NULL, NULL),
(494, 10, '3-Way', 79, '100.00', '120.00', 'active', 100, NULL, NULL),
(495, 60, 'Total', 79, '100.00', '120.00', 'active', 100, NULL, NULL),
(496, 50, 'Placebet 1-3', 79, '100.00', '120.00', 'active', 100, NULL, NULL),
(497, 70, 'Spread', 79, '100.00', '120.00', 'active', 100, NULL, NULL),
(498, 1, 'Handicap', 79, '100.00', '120.00', 'active', 100, NULL, NULL),
(499, 2, 'Correct score', 79, '100.00', '120.00', 'active', 100, NULL, NULL),
(500, 20, '2-Way', 39, '100.00', '120.00', 'active', 100, NULL, NULL),
(501, 30, 'Outright championship', 39, '100.00', '120.00', 'active', 100, NULL, NULL),
(502, 10, '3-Way', 39, '100.00', '120.00', 'active', 100, NULL, NULL),
(503, 60, 'Total', 39, '100.00', '120.00', 'active', 100, NULL, NULL),
(504, 50, 'Placebet 1-3', 39, '100.00', '120.00', 'active', 100, NULL, NULL),
(505, 70, 'Spread', 39, '100.00', '120.00', 'active', 100, NULL, NULL),
(506, 1, 'Handicap', 39, '100.00', '120.00', 'active', 100, NULL, NULL),
(507, 2, 'Correct score', 39, '100.00', '120.00', 'active', 100, NULL, NULL),
(508, 20, '2-Way', 117, '100.00', '120.00', 'active', 100, NULL, NULL),
(509, 30, 'Outright championship', 117, '100.00', '120.00', 'active', 100, NULL, NULL),
(510, 10, '3-Way', 117, '100.00', '120.00', 'active', 100, NULL, NULL),
(511, 60, 'Total', 117, '100.00', '120.00', 'active', 100, NULL, NULL),
(512, 50, 'Placebet 1-3', 117, '100.00', '120.00', 'active', 100, NULL, NULL),
(513, 70, 'Spread', 117, '100.00', '120.00', 'active', 100, NULL, NULL),
(514, 1, 'Handicap', 117, '100.00', '120.00', 'active', 100, NULL, NULL),
(515, 2, 'Correct score', 117, '100.00', '120.00', 'active', 100, NULL, NULL),
(516, 20, '2-Way', 11, '100.00', '120.00', 'active', 100, NULL, NULL),
(517, 30, 'Outright championship', 11, '100.00', '120.00', 'active', 100, NULL, NULL),
(518, 10, '3-Way', 11, '100.00', '120.00', 'active', 100, NULL, NULL),
(519, 60, 'Total', 11, '100.00', '120.00', 'active', 100, NULL, NULL),
(520, 50, 'Placebet 1-3', 11, '100.00', '120.00', 'active', 100, NULL, NULL),
(521, 70, 'Spread', 11, '100.00', '120.00', 'active', 100, NULL, NULL),
(522, 1, 'Handicap', 11, '100.00', '120.00', 'active', 100, NULL, NULL),
(523, 2, 'Correct score', 11, '100.00', '120.00', 'active', 100, NULL, NULL),
(524, 20, '2-Way', 35, '100.00', '120.00', 'active', 100, NULL, NULL),
(525, 30, 'Outright championship', 35, '100.00', '120.00', 'active', 100, NULL, NULL),
(526, 10, '3-Way', 35, '100.00', '120.00', 'active', 100, NULL, NULL),
(527, 60, 'Total', 35, '100.00', '120.00', 'active', 100, NULL, NULL),
(528, 50, 'Placebet 1-3', 35, '100.00', '120.00', 'active', 100, NULL, NULL),
(529, 70, 'Spread', 35, '100.00', '120.00', 'active', 100, NULL, NULL),
(530, 1, 'Handicap', 35, '100.00', '120.00', 'active', 100, NULL, NULL),
(531, 2, 'Correct score', 35, '100.00', '120.00', 'active', 100, NULL, NULL),
(532, 20, '2-Way', 30, '100.00', '120.00', 'active', 100, NULL, NULL),
(533, 30, 'Outright championship', 30, '100.00', '120.00', 'active', 100, NULL, NULL),
(534, 10, '3-Way', 30, '100.00', '120.00', 'active', 100, NULL, NULL),
(535, 60, 'Total', 30, '100.00', '120.00', 'active', 100, NULL, NULL),
(536, 50, 'Placebet 1-3', 30, '100.00', '120.00', 'active', 100, NULL, NULL),
(537, 70, 'Spread', 30, '100.00', '120.00', 'active', 100, NULL, NULL),
(538, 1, 'Handicap', 30, '100.00', '120.00', 'active', 100, NULL, NULL),
(539, 2, 'Correct score', 30, '100.00', '120.00', 'active', 100, NULL, NULL),
(540, 20, '2-Way', 87, '100.00', '120.00', 'active', 100, NULL, NULL),
(541, 30, 'Outright championship', 87, '100.00', '120.00', 'active', 100, NULL, NULL),
(542, 10, '3-Way', 87, '100.00', '120.00', 'active', 100, NULL, NULL),
(543, 60, 'Total', 87, '100.00', '120.00', 'active', 100, NULL, NULL),
(544, 50, 'Placebet 1-3', 87, '100.00', '120.00', 'active', 100, NULL, NULL),
(545, 70, 'Spread', 87, '100.00', '120.00', 'active', 100, NULL, NULL),
(546, 1, 'Handicap', 87, '100.00', '120.00', 'active', 100, NULL, NULL),
(547, 2, 'Correct score', 87, '100.00', '120.00', 'active', 100, NULL, NULL),
(548, 20, '2-Way', 61, '100.00', '120.00', 'active', 100, NULL, NULL),
(549, 30, 'Outright championship', 61, '100.00', '120.00', 'active', 100, NULL, NULL),
(550, 10, '3-Way', 61, '100.00', '120.00', 'active', 100, NULL, NULL),
(551, 60, 'Total', 61, '100.00', '120.00', 'active', 100, NULL, NULL),
(552, 50, 'Placebet 1-3', 61, '100.00', '120.00', 'active', 100, NULL, NULL),
(553, 70, 'Spread', 61, '100.00', '120.00', 'active', 100, NULL, NULL),
(554, 1, 'Handicap', 61, '100.00', '120.00', 'active', 100, NULL, NULL),
(555, 2, 'Correct score', 61, '100.00', '120.00', 'active', 100, NULL, NULL),
(556, 20, '2-Way', 116, '100.00', '120.00', 'active', 100, NULL, NULL),
(557, 30, 'Outright championship', 116, '100.00', '120.00', 'active', 100, NULL, NULL),
(558, 10, '3-Way', 116, '100.00', '120.00', 'active', 100, NULL, NULL),
(559, 60, 'Total', 116, '100.00', '120.00', 'active', 100, NULL, NULL),
(560, 50, 'Placebet 1-3', 116, '100.00', '120.00', 'active', 100, NULL, NULL),
(561, 70, 'Spread', 116, '100.00', '120.00', 'active', 100, NULL, NULL),
(562, 1, 'Handicap', 116, '100.00', '120.00', 'active', 100, NULL, NULL),
(563, 2, 'Correct score', 116, '100.00', '120.00', 'active', 100, NULL, NULL),
(564, 20, '2-Way', 25, '100.00', '120.00', 'active', 100, NULL, NULL),
(565, 30, 'Outright championship', 25, '100.00', '120.00', 'active', 100, NULL, NULL),
(566, 10, '3-Way', 25, '100.00', '120.00', 'active', 100, NULL, NULL),
(567, 60, 'Total', 25, '100.00', '120.00', 'active', 100, NULL, NULL),
(568, 50, 'Placebet 1-3', 25, '100.00', '120.00', 'active', 100, NULL, NULL),
(569, 70, 'Spread', 25, '100.00', '120.00', 'active', 100, NULL, NULL),
(570, 1, 'Handicap', 25, '100.00', '120.00', 'active', 100, NULL, NULL),
(571, 2, 'Correct score', 25, '100.00', '120.00', 'active', 100, NULL, NULL),
(572, 20, '2-Way', 71, '100.00', '120.00', 'active', 100, NULL, NULL),
(573, 30, 'Outright championship', 71, '100.00', '120.00', 'active', 100, NULL, NULL),
(574, 10, '3-Way', 71, '100.00', '120.00', 'active', 100, NULL, NULL),
(575, 60, 'Total', 71, '100.00', '120.00', 'active', 100, NULL, NULL),
(576, 50, 'Placebet 1-3', 71, '100.00', '120.00', 'active', 100, NULL, NULL),
(577, 70, 'Spread', 71, '100.00', '120.00', 'active', 100, NULL, NULL),
(578, 1, 'Handicap', 71, '100.00', '120.00', 'active', 100, NULL, NULL),
(579, 2, 'Correct score', 71, '100.00', '120.00', 'active', 100, NULL, NULL),
(580, 20, '2-Way', 38, '100.00', '120.00', 'active', 100, NULL, NULL),
(581, 30, 'Outright championship', 38, '100.00', '120.00', 'active', 100, NULL, NULL),
(582, 10, '3-Way', 38, '100.00', '120.00', 'active', 100, NULL, NULL),
(583, 60, 'Total', 38, '100.00', '120.00', 'active', 100, NULL, NULL),
(584, 50, 'Placebet 1-3', 38, '100.00', '120.00', 'active', 100, NULL, NULL),
(585, 70, 'Spread', 38, '100.00', '120.00', 'active', 100, NULL, NULL),
(586, 1, 'Handicap', 38, '100.00', '120.00', 'active', 100, NULL, NULL),
(587, 2, 'Correct score', 38, '100.00', '120.00', 'active', 100, NULL, NULL),
(588, 20, '2-Way', 64, '100.00', '120.00', 'active', 100, NULL, NULL),
(589, 30, 'Outright championship', 64, '100.00', '120.00', 'active', 100, NULL, NULL),
(590, 10, '3-Way', 64, '100.00', '120.00', 'active', 100, NULL, NULL),
(591, 60, 'Total', 64, '100.00', '120.00', 'active', 100, NULL, NULL),
(592, 50, 'Placebet 1-3', 64, '100.00', '120.00', 'active', 100, NULL, NULL),
(593, 70, 'Spread', 64, '100.00', '120.00', 'active', 100, NULL, NULL),
(594, 1, 'Handicap', 64, '100.00', '120.00', 'active', 100, NULL, NULL),
(595, 2, 'Correct score', 64, '100.00', '120.00', 'active', 100, NULL, NULL),
(596, 20, '2-Way', 12, '100.00', '120.00', 'active', 100, NULL, NULL),
(597, 30, 'Outright championship', 12, '100.00', '120.00', 'active', 100, NULL, NULL),
(598, 10, '3-Way', 12, '100.00', '120.00', 'active', 100, NULL, NULL),
(599, 60, 'Total', 12, '100.00', '120.00', 'active', 100, NULL, NULL),
(600, 50, 'Placebet 1-3', 12, '100.00', '120.00', 'active', 100, NULL, NULL),
(601, 70, 'Spread', 12, '100.00', '120.00', 'active', 100, NULL, NULL),
(602, 1, 'Handicap', 12, '100.00', '120.00', 'active', 100, NULL, NULL),
(603, 2, 'Correct score', 12, '100.00', '120.00', 'active', 100, NULL, NULL),
(604, 20, '2-Way', 56, '100.00', '120.00', 'active', 100, NULL, NULL),
(605, 30, 'Outright championship', 56, '100.00', '120.00', 'active', 100, NULL, NULL),
(606, 10, '3-Way', 56, '100.00', '120.00', 'active', 100, NULL, NULL),
(607, 60, 'Total', 56, '100.00', '120.00', 'active', 100, NULL, NULL),
(608, 50, 'Placebet 1-3', 56, '100.00', '120.00', 'active', 100, NULL, NULL),
(609, 70, 'Spread', 56, '100.00', '120.00', 'active', 100, NULL, NULL),
(610, 17, '2-Way', 40, '100.00', '120.00', 'active', 100, NULL, NULL),
(611, 9, '2-Way', 40, '100.00', '120.00', 'active', 100, NULL, NULL),
(612, 11, '2-Way', 40, '100.00', '120.00', 'active', 100, NULL, NULL),
(613, 1, 'Handicap', 56, '100.00', '120.00', 'active', 100, NULL, NULL),
(614, 2, 'Correct score', 56, '100.00', '120.00', 'active', 100, NULL, NULL),
(615, 20, '2-Way', 82, '100.00', '120.00', 'active', 100, NULL, NULL),
(616, 30, 'Outright championship', 82, '100.00', '120.00', 'active', 100, NULL, NULL),
(617, 10, '3-Way', 82, '100.00', '120.00', 'active', 100, NULL, NULL),
(618, 60, 'Total', 82, '100.00', '120.00', 'active', 100, NULL, NULL),
(619, 50, 'Placebet 1-3', 82, '100.00', '120.00', 'active', 100, NULL, NULL),
(620, 70, 'Spread', 82, '100.00', '120.00', 'active', 100, NULL, NULL),
(621, 1, 'Handicap', 82, '100.00', '120.00', 'active', 100, NULL, NULL),
(622, 2, 'Correct score', 82, '100.00', '120.00', 'active', 100, NULL, NULL),
(623, 20, '2-Way', 19, '100.00', '120.00', 'active', 100, NULL, NULL),
(624, 30, 'Outright championship', 19, '100.00', '120.00', 'active', 100, NULL, NULL),
(625, 10, '3-Way', 19, '100.00', '120.00', 'active', 100, NULL, NULL),
(626, 60, 'Total', 19, '100.00', '120.00', 'active', 100, NULL, NULL),
(627, 50, 'Placebet 1-3', 19, '100.00', '120.00', 'active', 100, NULL, NULL),
(628, 70, 'Spread', 19, '100.00', '120.00', 'active', 100, NULL, NULL),
(629, 1, 'Handicap', 19, '100.00', '120.00', 'active', 100, NULL, NULL),
(630, 2, 'Correct score', 19, '100.00', '120.00', 'active', 100, NULL, NULL),
(631, 20, '2-Way', 54, '100.00', '120.00', 'active', 100, NULL, NULL),
(632, 30, 'Outright championship', 54, '100.00', '120.00', 'active', 100, NULL, NULL),
(633, 10, '3-Way', 54, '100.00', '120.00', 'active', 100, NULL, NULL),
(634, 60, 'Total', 54, '100.00', '120.00', 'active', 100, NULL, NULL),
(635, 50, 'Placebet 1-3', 54, '100.00', '120.00', 'active', 100, NULL, NULL),
(636, 70, 'Spread', 54, '100.00', '120.00', 'active', 100, NULL, NULL),
(637, 1, 'Handicap', 54, '100.00', '120.00', 'active', 100, NULL, NULL),
(638, 2, 'Correct score', 54, '100.00', '120.00', 'active', 100, NULL, NULL),
(639, 20, '2-Way', 18, '100.00', '120.00', 'active', 100, NULL, NULL),
(640, 30, 'Outright championship', 18, '100.00', '120.00', 'active', 100, NULL, NULL),
(641, 10, '3-Way', 18, '100.00', '120.00', 'active', 100, NULL, NULL),
(642, 60, 'Total', 18, '100.00', '120.00', 'active', 100, NULL, NULL),
(643, 50, 'Placebet 1-3', 18, '100.00', '120.00', 'active', 100, NULL, NULL),
(644, 70, 'Spread', 18, '100.00', '120.00', 'active', 100, NULL, NULL),
(645, 1, 'Handicap', 18, '100.00', '120.00', 'active', 100, NULL, NULL),
(646, 2, 'Correct score', 18, '100.00', '120.00', 'active', 100, NULL, NULL),
(647, 20, '2-Way', 37, '100.00', '120.00', 'active', 100, NULL, NULL),
(648, 30, 'Outright championship', 37, '100.00', '120.00', 'active', 100, NULL, NULL),
(649, 10, '3-Way', 37, '100.00', '120.00', 'active', 100, NULL, NULL),
(650, 60, 'Total', 37, '100.00', '120.00', 'active', 100, NULL, NULL),
(651, 50, 'Placebet 1-3', 37, '100.00', '120.00', 'active', 100, NULL, NULL),
(652, 70, 'Spread', 37, '100.00', '120.00', 'active', 100, NULL, NULL),
(653, 1, 'Handicap', 37, '100.00', '120.00', 'active', 100, NULL, NULL),
(654, 2, 'Correct score', 37, '100.00', '120.00', 'active', 100, NULL, NULL),
(655, 20, '2-Way', 62, '100.00', '120.00', 'active', 100, NULL, NULL),
(656, 30, 'Outright championship', 62, '100.00', '120.00', 'active', 100, NULL, NULL),
(657, 10, '3-Way', 62, '100.00', '120.00', 'active', 100, NULL, NULL);
INSERT INTO `xml_bet_type` (`id`, `sideID`, `name`, `sportID`, `maxlimit`, `profit`, `status`, `order_id`, `created_at`, `updated_at`) VALUES
(658, 60, 'Total', 62, '100.00', '120.00', 'active', 100, NULL, NULL),
(659, 50, 'Placebet 1-3', 62, '100.00', '120.00', 'active', 100, NULL, NULL),
(660, 70, 'Spread', 62, '100.00', '120.00', 'active', 100, NULL, NULL),
(661, 1, 'Handicap', 62, '100.00', '120.00', 'active', 100, NULL, NULL),
(662, 2, 'Correct score', 62, '100.00', '120.00', 'active', 100, NULL, NULL),
(663, 20, '2-Way', 99, '100.00', '120.00', 'active', 100, NULL, NULL),
(664, 30, 'Outright championship', 99, '100.00', '120.00', 'active', 100, NULL, NULL),
(665, 10, '3-Way', 99, '100.00', '120.00', 'active', 100, NULL, NULL),
(666, 60, 'Total', 99, '100.00', '120.00', 'active', 100, NULL, NULL),
(667, 50, 'Placebet 1-3', 99, '100.00', '120.00', 'active', 100, NULL, NULL),
(668, 70, 'Spread', 99, '100.00', '120.00', 'active', 100, NULL, NULL),
(669, 1, 'Handicap', 99, '100.00', '120.00', 'active', 100, NULL, NULL),
(670, 2, 'Correct score', 99, '100.00', '120.00', 'active', 100, NULL, NULL),
(671, 20, '2-Way', 90, '100.00', '120.00', 'active', 100, NULL, NULL),
(672, 30, 'Outright championship', 90, '100.00', '120.00', 'active', 100, NULL, NULL),
(673, 10, '3-Way', 90, '100.00', '120.00', 'active', 100, NULL, NULL),
(674, 60, 'Total', 90, '100.00', '120.00', 'active', 100, NULL, NULL),
(675, 50, 'Placebet 1-3', 90, '100.00', '120.00', 'active', 100, NULL, NULL),
(676, 70, 'Spread', 90, '100.00', '120.00', 'active', 100, NULL, NULL),
(677, 1, 'Handicap', 90, '100.00', '120.00', 'active', 100, NULL, NULL),
(678, 2, 'Correct score', 90, '100.00', '120.00', 'active', 100, NULL, NULL),
(679, 20, '2-Way', 52, '100.00', '120.00', 'active', 100, NULL, NULL),
(680, 30, 'Outright championship', 52, '100.00', '120.00', 'active', 100, NULL, NULL),
(681, 10, '3-Way', 52, '100.00', '120.00', 'active', 100, NULL, NULL),
(682, 60, 'Total', 52, '100.00', '120.00', 'active', 100, NULL, NULL),
(683, 50, 'Placebet 1-3', 52, '100.00', '120.00', 'active', 100, NULL, NULL),
(684, 70, 'Spread', 52, '100.00', '120.00', 'active', 100, NULL, NULL),
(685, 1, 'Handicap', 52, '100.00', '120.00', 'active', 100, NULL, NULL),
(686, 2, 'Correct score', 52, '100.00', '120.00', 'active', 100, NULL, NULL),
(687, 20, '2-Way', 20, '100.00', '120.00', 'active', 100, NULL, NULL),
(688, 30, 'Outright championship', 20, '100.00', '120.00', 'active', 100, NULL, NULL),
(689, 10, '3-Way', 20, '100.00', '120.00', 'active', 100, NULL, NULL),
(690, 60, 'Total', 20, '100.00', '120.00', 'active', 100, NULL, NULL),
(691, 50, 'Placebet 1-3', 20, '100.00', '120.00', 'active', 100, NULL, NULL),
(692, 70, 'Spread', 20, '100.00', '120.00', 'active', 100, NULL, NULL),
(693, 1, 'Handicap', 20, '100.00', '120.00', 'active', 100, NULL, NULL),
(694, 2, 'Correct score', 20, '100.00', '120.00', 'active', 100, NULL, NULL),
(695, 20, '2-Way', 5, '100.00', '120.00', 'active', 100, NULL, NULL),
(696, 30, 'Outright championship', 5, '100.00', '120.00', 'active', 100, NULL, NULL),
(697, 10, '3-Way', 5, '100.00', '120.00', 'active', 100, NULL, NULL),
(698, 60, 'Total', 5, '100.00', '120.00', 'active', 100, NULL, NULL),
(699, 50, 'Placebet 1-3', 5, '100.00', '120.00', 'active', 100, NULL, NULL),
(700, 70, 'Spread', 5, '100.00', '120.00', 'active', 100, NULL, NULL),
(701, 1, 'Handicap', 5, '100.00', '120.00', 'active', 100, NULL, NULL),
(702, 2, 'Correct score', 5, '100.00', '120.00', 'active', 100, NULL, NULL),
(703, 20, '2-Way', 8, '100.00', '120.00', 'active', 100, NULL, NULL),
(704, 30, 'Outright championship', 8, '100.00', '120.00', 'active', 100, NULL, NULL),
(705, 10, '3-Way', 8, '100.00', '120.00', 'active', 100, NULL, NULL),
(706, 60, 'Total', 8, '100.00', '120.00', 'active', 100, NULL, NULL),
(707, 50, 'Placebet 1-3', 8, '100.00', '120.00', 'active', 100, NULL, NULL),
(708, 70, 'Spread', 8, '100.00', '120.00', 'active', 100, NULL, NULL),
(709, 1, 'Handicap', 8, '100.00', '120.00', 'active', 100, NULL, NULL),
(710, 2, 'Correct score', 8, '100.00', '120.00', 'active', 100, NULL, NULL),
(711, 20, '2-Way', 23, '100.00', '120.00', 'active', 100, NULL, NULL),
(712, 30, 'Outright championship', 23, '100.00', '120.00', 'active', 100, NULL, NULL),
(713, 10, '3-Way', 23, '100.00', '120.00', 'active', 100, NULL, NULL),
(714, 60, 'Total', 23, '100.00', '120.00', 'active', 100, NULL, NULL),
(715, 50, 'Placebet 1-3', 23, '100.00', '120.00', 'active', 100, NULL, NULL),
(716, 70, 'Spread', 23, '100.00', '120.00', 'active', 100, NULL, NULL),
(717, 1, 'Handicap', 23, '100.00', '120.00', 'active', 100, NULL, NULL),
(718, 2, 'Correct score', 23, '100.00', '120.00', 'active', 100, NULL, NULL),
(719, 20, '2-Way', 26, '100.00', '120.00', 'active', 100, NULL, NULL),
(720, 30, 'Outright championship', 26, '100.00', '120.00', 'active', 100, NULL, NULL),
(721, 10, '3-Way', 26, '100.00', '120.00', 'active', 100, NULL, NULL),
(722, 60, 'Total', 26, '100.00', '120.00', 'active', 100, NULL, NULL),
(723, 50, 'Placebet 1-3', 26, '100.00', '120.00', 'active', 100, NULL, NULL),
(724, 70, 'Spread', 26, '100.00', '120.00', 'active', 100, NULL, NULL),
(725, 1, 'Handicap', 26, '100.00', '120.00', 'active', 100, NULL, NULL),
(726, 2, 'Correct score', 26, '100.00', '120.00', 'active', 100, NULL, NULL),
(727, 20, '2-Way', 85, '100.00', '120.00', 'active', 100, NULL, NULL),
(728, 30, 'Outright championship', 85, '100.00', '120.00', 'active', 100, NULL, NULL),
(729, 10, '3-Way', 85, '100.00', '120.00', 'active', 100, NULL, NULL),
(730, 60, 'Total', 85, '100.00', '120.00', 'active', 100, NULL, NULL),
(731, 50, 'Placebet 1-3', 85, '100.00', '120.00', 'active', 100, NULL, NULL),
(732, 70, 'Spread', 85, '100.00', '120.00', 'active', 100, NULL, NULL),
(733, 1, 'Handicap', 85, '100.00', '120.00', 'active', 100, NULL, NULL),
(734, 2, 'Correct score', 85, '100.00', '120.00', 'active', 100, NULL, NULL),
(735, 20, '2-Way', 14, '100.00', '120.00', 'active', 100, NULL, NULL),
(736, 30, 'Outright championship', 14, '100.00', '120.00', 'active', 100, NULL, NULL),
(737, 10, '3-Way', 14, '100.00', '120.00', 'active', 100, NULL, NULL),
(738, 60, 'Total', 14, '100.00', '120.00', 'active', 100, NULL, NULL),
(739, 50, 'Placebet 1-3', 14, '100.00', '120.00', 'active', 100, NULL, NULL),
(740, 70, 'Spread', 14, '100.00', '120.00', 'active', 100, NULL, NULL),
(741, 1, 'Handicap', 14, '100.00', '120.00', 'active', 100, NULL, NULL),
(742, 2, 'Correct score', 14, '100.00', '120.00', 'active', 100, NULL, NULL),
(743, 20, '2-Way', 108, '100.00', '120.00', 'active', 100, NULL, NULL),
(744, 30, 'Outright championship', 108, '100.00', '120.00', 'active', 100, NULL, NULL),
(745, 10, '3-Way', 108, '100.00', '120.00', 'active', 100, NULL, NULL),
(746, 60, 'Total', 108, '100.00', '120.00', 'active', 100, NULL, NULL),
(747, 50, 'Placebet 1-3', 108, '100.00', '120.00', 'active', 100, NULL, NULL),
(748, 70, 'Spread', 108, '100.00', '120.00', 'active', 100, NULL, NULL),
(749, 1, 'Handicap', 108, '100.00', '120.00', 'active', 100, NULL, NULL),
(750, 2, 'Correct score', 108, '100.00', '120.00', 'active', 100, NULL, NULL),
(751, 20, '2-Way', 86, '100.00', '120.00', 'active', 100, NULL, NULL),
(752, 30, 'Outright championship', 86, '100.00', '120.00', 'active', 100, NULL, NULL),
(753, 10, '3-Way', 86, '100.00', '120.00', 'active', 100, NULL, NULL),
(754, 60, 'Total', 86, '100.00', '120.00', 'active', 100, NULL, NULL),
(755, 50, 'Placebet 1-3', 86, '100.00', '120.00', 'active', 100, NULL, NULL),
(756, 70, 'Spread', 86, '100.00', '120.00', 'active', 100, NULL, NULL),
(757, 1, 'Handicap', 86, '100.00', '120.00', 'active', 100, NULL, NULL),
(758, 2, 'Correct score', 86, '100.00', '120.00', 'active', 100, NULL, NULL),
(759, 42, '1st Half - 1X2', 2, '100.00', '120.00', 'active', 100, NULL, NULL),
(760, 44, 'Halftime/Fulltime', 2, '100.00', '120.00', 'active', 100, NULL, NULL),
(761, 45, 'Odd/Even Points', 2, '100.00', '120.00', 'active', 100, NULL, NULL),
(762, 51, 'Point Spreads', 2, '100.00', '120.00', 'active', 100, NULL, NULL),
(763, 52, 'Total Spreads', 2, '100.00', '120.00', 'active', 100, NULL, NULL),
(764, 53, '1st Half - Points Spread', 2, '100.00', '120.00', 'active', 100, NULL, NULL),
(765, 54, '1st Half - Total Spread', 2, '100.00', '120.00', 'active', 100, NULL, NULL),
(766, 352, 'Totals away team', 2, '100.00', '120.00', 'active', 100, NULL, NULL),
(767, 353, 'Totals home team', 2, '100.00', '120.00', 'active', 100, NULL, NULL),
(768, 55, 'European Handicap', 2, '100.00', '120.00', 'active', 100, NULL, NULL),
(769, 208, 'Matchbet and Totals', 2, '100.00', '120.00', 'active', 100, NULL, NULL),
(770, 220, '1st Half - Odd/Even Points', 2, '100.00', '120.00', 'active', 100, NULL, NULL),
(771, 221, 'Overtime Yes/No?', 2, '100.00', '120.00', 'active', 100, NULL, NULL),
(772, 222, 'Winning Margins', 2, '100.00', '120.00', 'active', 100, NULL, NULL),
(773, 223, '1st Half - 2way', 2, '100.00', '120.00', 'active', 100, NULL, NULL),
(774, 224, 'Highest Scoring Quarter', 2, '100.00', '120.00', 'active', 100, NULL, NULL),
(775, 225, '3way', 2, '100.00', '120.00', 'active', 100, NULL, NULL),
(776, 259, '2nd Half - 1X2', 2, '100.00', '120.00', 'active', 100, NULL, NULL),
(777, 261, '2nd Half - Points Spread', 2, '100.00', '120.00', 'active', 100, NULL, NULL),
(778, 285, '2nd Half - Total Spread', 2, '100.00', '120.00', 'active', 100, NULL, NULL),
(779, 354, '1st Quarter - 1X2', 2, '100.00', '120.00', 'active', 100, NULL, NULL),
(780, 355, '2nd Quarter - 1X2', 2, '100.00', '120.00', 'active', 100, NULL, NULL),
(781, 356, '3rd Quarter - 1X2', 2, '100.00', '120.00', 'active', 100, NULL, NULL),
(782, 357, '4th Quarter - 1X2', 2, '100.00', '120.00', 'active', 100, NULL, NULL),
(783, 362, '1st Quarter - Total Spread', 2, '100.00', '120.00', 'active', 100, NULL, NULL),
(784, 363, '2nd Quarter - Total Spread', 2, '100.00', '120.00', 'active', 100, NULL, NULL),
(785, 364, '3rd Quarter - Total Spread', 2, '100.00', '120.00', 'active', 100, NULL, NULL),
(786, 365, '4th Quarter - Total Spread', 2, '100.00', '120.00', 'active', 100, NULL, NULL),
(787, 366, '1st Quarter - Points Spread', 2, '100.00', '120.00', 'active', 100, NULL, NULL),
(788, 367, '2nd Quarter - Points Spread', 2, '100.00', '120.00', 'active', 100, NULL, NULL),
(789, 368, '3rd Quarter - Points Spread', 2, '100.00', '120.00', 'active', 100, NULL, NULL),
(790, 369, '4th Quarter - Points Spread', 2, '100.00', '120.00', 'active', 100, NULL, NULL),
(791, 324, '1st Half - Draw no bet', 2, '100.00', '120.00', 'active', 100, NULL, NULL),
(792, 334, '2nd Half - Odd/Even Points', 2, '100.00', '120.00', 'active', 100, NULL, NULL),
(793, 335, '2nd Half - Draw no bet', 2, '100.00', '120.00', 'active', 100, NULL, NULL),
(794, 348, 'Total margins NBA-ranges', 2, '100.00', '120.00', 'active', 100, NULL, NULL),
(795, 349, 'Total margins Regular-ranges', 2, '100.00', '120.00', 'active', 100, NULL, NULL),
(796, 358, '1st Quarter - Draw no bet', 2, '100.00', '120.00', 'active', 100, NULL, NULL),
(797, 359, '2nd Quarter - Draw no bet', 2, '100.00', '120.00', 'active', 100, NULL, NULL),
(798, 360, '3rd Quarter - Draw no bet', 2, '100.00', '120.00', 'active', 100, NULL, NULL),
(799, 361, '4th Quarter - Draw no bet', 2, '100.00', '120.00', 'active', 100, NULL, NULL),
(800, 370, '1st Quarter - Odd/Even Points', 2, '100.00', '120.00', 'active', 100, NULL, NULL),
(801, 371, '2nd Quarter - Odd/Even Points', 2, '100.00', '120.00', 'active', 100, NULL, NULL),
(802, 372, '3rd Quarter - Odd/Even Points', 2, '100.00', '120.00', 'active', 100, NULL, NULL),
(803, 373, '4th Quarter - Odd/Even Points', 2, '100.00', '120.00', 'active', 100, NULL, NULL),
(804, 374, 'First to x points', 2, '100.00', '120.00', 'active', 100, NULL, NULL),
(805, 375, 'Total AAMS', 2, '100.00', '120.00', 'active', 100, NULL, NULL),
(806, 376, 'Total 3way', 2, '100.00', '120.00', 'active', 100, NULL, NULL),
(807, 381, '3Way', 2, '100.00', '120.00', 'active', 100, NULL, NULL),
(808, 382, '2Way', 2, '100.00', '120.00', 'active', 100, NULL, NULL),
(809, 382, '2Way', 5, '100.00', '120.00', 'active', 100, NULL, NULL),
(810, 383, 'Total', 2, '100.00', '120.00', 'active', 100, NULL, NULL),
(811, 492, '3 way AAMS', 2, '100.00', '120.00', 'active', 100, NULL, NULL),
(812, 352, 'Totals away team', 3, '100.00', '120.00', 'active', 100, NULL, NULL),
(813, 353, 'Totals home team', 3, '100.00', '120.00', 'active', 100, NULL, NULL),
(814, 208, 'Matchbet and Totals', 3, '100.00', '120.00', 'active', 100, NULL, NULL),
(815, 221, 'Overtime Yes/No?', 3, '100.00', '120.00', 'active', 100, NULL, NULL),
(816, 222, 'Winning Margins', 3, '100.00', '120.00', 'active', 100, NULL, NULL),
(817, 225, '3way', 3, '100.00', '120.00', 'active', 100, NULL, NULL),
(818, 228, 'Points Spreads (overtime)', 3, '100.00', '120.00', 'active', 100, NULL, NULL),
(819, 229, 'Total Spreads (overtime)', 3, '100.00', '120.00', 'active', 100, NULL, NULL),
(820, 230, 'Odd/Even Runs (overtime)', 3, '100.00', '120.00', 'active', 100, NULL, NULL),
(821, 382, '2Way', 3, '100.00', '120.00', 'active', 100, NULL, NULL),
(822, 383, 'Total', 3, '100.00', '120.00', 'active', 100, NULL, NULL),
(823, 41, 'First team to Score', 4, '100.00', '120.00', 'active', 100, NULL, NULL),
(824, 43, 'Both teams to score', 4, '100.00', '120.00', 'active', 100, NULL, NULL),
(825, 2, 'Correct Score', 3, '100.00', '120.00', 'active', 100, NULL, NULL),
(826, 45, 'Odd/Even goals', 4, '100.00', '120.00', 'active', 100, NULL, NULL),
(827, 46, 'Double Chance', 4, '100.00', '120.00', 'active', 100, NULL, NULL),
(828, 47, 'Draw no bet', 4, '100.00', '120.00', 'active', 100, NULL, NULL),
(829, 51, 'Goal Spreads', 4, '100.00', '120.00', 'active', 100, NULL, NULL),
(830, 52, 'Total Spreads', 4, '100.00', '120.00', 'active', 100, NULL, NULL),
(831, 352, 'Totals away team', 4, '100.00', '120.00', 'active', 100, NULL, NULL),
(832, 353, 'Totals home team', 4, '100.00', '120.00', 'active', 100, NULL, NULL),
(833, 55, 'European Handicaps', 4, '100.00', '120.00', 'active', 100, NULL, NULL),
(834, 56, 'Totals', 4, '100.00', '120.00', 'active', 100, NULL, NULL),
(835, 208, 'Matchbet and Totals', 4, '100.00', '120.00', 'active', 100, NULL, NULL),
(836, 210, '1st Period - 3way', 4, '100.00', '120.00', 'active', 100, NULL, NULL),
(837, 291, '2nd Period - 3way', 4, '100.00', '120.00', 'active', 100, NULL, NULL),
(838, 211, '3rd Period - 3way', 4, '100.00', '120.00', 'active', 100, NULL, NULL),
(839, 212, '1st Period - Total', 4, '100.00', '120.00', 'active', 100, NULL, NULL),
(840, 213, '2nd Period - Total', 4, '100.00', '120.00', 'active', 100, NULL, NULL),
(841, 214, '3rd Period - Total', 4, '100.00', '120.00', 'active', 100, NULL, NULL),
(842, 215, '1st Period - Double Chance', 4, '100.00', '120.00', 'active', 100, NULL, NULL),
(843, 216, '2nd Period - Double Chance', 4, '100.00', '120.00', 'active', 100, NULL, NULL),
(844, 217, '3rd Period - Double Chance', 4, '100.00', '120.00', 'active', 100, NULL, NULL),
(845, 218, 'Odd/Even goals (Inc. OT and Penalty Shootout)', 4, '100.00', '120.00', 'active', 100, NULL, NULL),
(846, 221, 'Overtime Yes/No', 4, '100.00', '120.00', 'active', 100, NULL, NULL),
(847, 222, 'Winning Margins', 4, '100.00', '120.00', 'active', 100, NULL, NULL),
(848, 290, 'Last team to Score', 4, '100.00', '120.00', 'active', 100, NULL, NULL),
(849, 227, 'Highest Scoring Period', 4, '100.00', '120.00', 'active', 100, NULL, NULL),
(850, 228, 'Goal Spreads (incl. OT)', 4, '100.00', '120.00', 'active', 100, NULL, NULL),
(851, 229, 'Total Spreads (incl. OT)', 4, '100.00', '120.00', 'active', 100, NULL, NULL),
(852, 294, '1st Period - Odd/Even goals', 4, '100.00', '120.00', 'active', 100, NULL, NULL),
(853, 295, '2nd Period - Odd/Even goals', 4, '100.00', '120.00', 'active', 100, NULL, NULL),
(854, 296, '3rd Period - Odd/Even goals', 4, '100.00', '120.00', 'active', 100, NULL, NULL),
(855, 297, '1st Period - Draw no bet', 4, '100.00', '120.00', 'active', 100, NULL, NULL),
(856, 298, '2nd Period - Draw no bet', 4, '100.00', '120.00', 'active', 100, NULL, NULL),
(857, 299, '3rd Period - Draw no bet', 4, '100.00', '120.00', 'active', 100, NULL, NULL),
(858, 314, '1st Period - Both teams to score', 4, '100.00', '120.00', 'active', 100, NULL, NULL),
(859, 301, '2nd Period - Both teams to score', 4, '100.00', '120.00', 'active', 100, NULL, NULL),
(860, 302, '3rd Period - Both teams to score', 4, '100.00', '120.00', 'active', 100, NULL, NULL),
(861, 303, '1st Period - Goal Spreads', 4, '100.00', '120.00', 'active', 100, NULL, NULL),
(862, 304, '2nd Period - Goal Spreads', 4, '100.00', '120.00', 'active', 100, NULL, NULL),
(863, 305, '3rd Period - Goal Spreads', 4, '100.00', '120.00', 'active', 100, NULL, NULL),
(864, 306, '1st Period - First team to score', 4, '100.00', '120.00', 'active', 100, NULL, NULL),
(865, 307, '2nd Period - First team to score', 4, '100.00', '120.00', 'active', 100, NULL, NULL),
(866, 308, '3rd Period - First team to score', 4, '100.00', '120.00', 'active', 100, NULL, NULL),
(867, 309, '1st Period - Last team to score', 4, '100.00', '120.00', 'active', 100, NULL, NULL),
(868, 310, '2nd Period - Last team to score', 4, '100.00', '120.00', 'active', 100, NULL, NULL),
(869, 311, '3rd Period - Last team to score', 4, '100.00', '120.00', 'active', 100, NULL, NULL),
(870, 377, 'Totals (incl. OT)', 4, '100.00', '120.00', 'active', 100, NULL, NULL),
(871, 378, '2way (incl. OT)', 4, '100.00', '120.00', 'active', 100, NULL, NULL),
(872, 381, '3Way', 4, '100.00', '120.00', 'active', 100, NULL, NULL),
(873, 383, 'Total', 4, '100.00', '120.00', 'active', 100, NULL, NULL),
(874, 45, 'Odd/Even number of games', 5, '100.00', '120.00', 'active', 100, NULL, NULL),
(875, 51, 'Game Handicap', 5, '100.00', '120.00', 'active', 100, NULL, NULL),
(876, 352, 'Total Games - Player 2', 5, '100.00', '120.00', 'active', 100, NULL, NULL),
(877, 353, 'Total Games - Player 1', 5, '100.00', '120.00', 'active', 100, NULL, NULL),
(878, 204, '1st Set Winner', 5, '100.00', '120.00', 'active', 100, NULL, NULL),
(879, 206, 'Total Number of Sets (best of 3)', 5, '100.00', '120.00', 'active', 100, NULL, NULL),
(880, 219, '1st Set - Correct Score', 5, '100.00', '120.00', 'active', 100, NULL, NULL),
(881, 437, 'Player 1 to win a set', 5, '100.00', '120.00', 'active', 100, NULL, NULL),
(882, 438, 'Player 2 to win a set', 5, '100.00', '120.00', 'active', 100, NULL, NULL),
(883, 439, 'Set Handicap', 5, '100.00', '120.00', 'active', 100, NULL, NULL),
(884, 226, 'Total', 5, '100.00', '120.00', 'active', 100, NULL, NULL),
(885, 231, '2nd Set Winner', 5, '100.00', '120.00', 'active', 100, NULL, NULL),
(886, 232, 'Total Number of Sets (best of 5)', 5, '100.00', '120.00', 'active', 100, NULL, NULL),
(887, 233, 'Correct Set Score (best of 3 sets)', 5, '100.00', '120.00', 'active', 100, NULL, NULL),
(888, 234, 'Correct Set Score (best of 5 sets)', 5, '100.00', '120.00', 'active', 100, NULL, NULL),
(889, 339, '1st Set - Game Handicap', 5, '100.00', '120.00', 'active', 100, NULL, NULL),
(890, 340, '1st Set - Total', 5, '100.00', '120.00', 'active', 100, NULL, NULL),
(891, 383, '2Way', 5, '100.00', '120.00', 'active', 100, NULL, NULL),
(892, 433, 'Double Result', 5, '100.00', '120.00', 'active', 100, NULL, NULL),
(893, 434, 'Any Set To Nil', 5, '100.00', '120.00', 'active', 100, NULL, NULL),
(894, 435, 'Tiebreak Played?', 5, '100.00', '120.00', 'active', 100, NULL, NULL),
(895, 436, '1st Set - Tiebreak Played?', 5, '100.00', '120.00', 'active', 100, NULL, NULL),
(896, 42, '1st Half - 3way', 6, '100.00', '120.00', 'active', 100, NULL, NULL),
(897, 44, 'Halftime / Fulltime', 6, '100.00', '120.00', 'active', 100, NULL, NULL),
(898, 45, 'Odd/Even Goals', 6, '100.00', '120.00', 'active', 100, NULL, NULL),
(899, 46, 'Double Chance', 6, '100.00', '120.00', 'active', 100, NULL, NULL),
(900, 47, 'Draw no bet', 6, '100.00', '120.00', 'active', 100, NULL, NULL),
(901, 51, 'Goal Spreads', 6, '100.00', '120.00', 'active', 100, NULL, NULL),
(902, 52, 'Total Spreads', 6, '100.00', '120.00', 'active', 100, NULL, NULL),
(903, 53, '1st Half - Goal Spreads', 6, '100.00', '120.00', 'active', 100, NULL, NULL),
(904, 54, '1st Half - Total Spreads', 6, '100.00', '120.00', 'active', 100, NULL, NULL),
(905, 352, 'Totals away team', 6, '100.00', '120.00', 'active', 100, NULL, NULL),
(906, 353, 'Totals home team', 6, '100.00', '120.00', 'active', 100, NULL, NULL),
(907, 207, 'Highest Scoring Half', 6, '100.00', '120.00', 'active', 100, NULL, NULL),
(908, 208, 'Matchbet and Totals', 6, '100.00', '120.00', 'active', 100, NULL, NULL),
(909, 222, 'Winning Margins', 6, '100.00', '120.00', 'active', 100, NULL, NULL),
(910, 259, '2nd half - 3way', 6, '100.00', '120.00', 'active', 100, NULL, NULL),
(911, 323, '1st half - Double Chance', 6, '100.00', '120.00', 'active', 100, NULL, NULL),
(912, 324, '1st half - Draw no bet', 6, '100.00', '120.00', 'active', 100, NULL, NULL),
(913, 333, '1st Half - Odd / Even', 6, '100.00', '120.00', 'active', 100, NULL, NULL),
(914, 334, '2nd Half - Odd / Even', 6, '100.00', '120.00', 'active', 100, NULL, NULL),
(915, 335, '2nd half - Draw no bet', 6, '100.00', '120.00', 'active', 100, NULL, NULL),
(916, 336, '2nd half - Double Chance', 6, '100.00', '120.00', 'active', 100, NULL, NULL),
(917, 334, '2nd Half - Odd / Even', 6, '100.00', '120.00', 'active', 100, NULL, NULL),
(918, 335, '2nd half - Draw no bet', 6, '100.00', '120.00', 'active', 100, NULL, NULL),
(919, 336, '2nd half - Double Chance', 6, '100.00', '120.00', 'active', 100, NULL, NULL),
(920, 381, '3Way', 6, '100.00', '120.00', 'active', 100, NULL, NULL),
(921, 383, 'Total', 6, '100.00', '120.00', 'active', 100, NULL, NULL),
(922, 381, '3Way', 7, '100.00', '120.00', 'active', 100, NULL, NULL),
(923, 383, 'Total', 7, '100.00', '120.00', 'active', 100, NULL, NULL),
(924, 381, '3Way', 9, '100.00', '120.00', 'active', 100, NULL, NULL),
(925, 382, '2Way', 10, '100.00', '120.00', 'active', 100, NULL, NULL),
(926, 382, '2Way', 11, '100.00', '120.00', 'active', 100, NULL, NULL),
(927, 42, '1st Half - 3way', 12, '100.00', '120.00', 'active', 100, NULL, NULL),
(928, 44, 'Halftime/Fulltime', 12, '100.00', '120.00', 'active', 100, NULL, NULL),
(929, 45, 'Odd/Even Points', 12, '100.00', '120.00', 'active', 100, NULL, NULL),
(930, 46, 'Double Chance', 12, '100.00', '120.00', 'active', 100, NULL, NULL),
(931, 47, 'Draw no bet', 12, '100.00', '120.00', 'active', 100, NULL, NULL),
(932, 51, 'Points Spreads', 12, '100.00', '120.00', 'active', 100, NULL, NULL),
(933, 52, 'Asian Total', 12, '100.00', '120.00', 'active', 100, NULL, NULL),
(934, 53, '1st Half - Points Spreads', 12, '100.00', '120.00', 'active', 100, NULL, NULL),
(935, 54, 'First half Asian Total', 12, '100.00', '120.00', 'active', 100, NULL, NULL),
(936, 352, 'Totals Awayteam', 12, '100.00', '120.00', 'active', 100, NULL, NULL),
(937, 353, 'Totals Hometeam', 12, '100.00', '120.00', 'active', 100, NULL, NULL),
(938, 503, 'Who Wins The Rest', 12, '100.00', '120.00', 'active', 100, NULL, NULL),
(939, 55, 'Multiple Handicaps', 12, '100.00', '120.00', 'active', 100, NULL, NULL),
(940, 207, 'Highest Scoring Half', 12, '100.00', '120.00', 'active', 100, NULL, NULL),
(941, 208, 'Matchbet + Totals', 12, '100.00', '120.00', 'active', 100, NULL, NULL),
(942, 220, 'Half time Odd/Even Points', 12, '100.00', '120.00', 'active', 100, NULL, NULL),
(943, 323, '1st Half Double Chance', 12, '100.00', '120.00', 'active', 100, NULL, NULL),
(944, 324, '1st Half Draw no Bet', 12, '100.00', '120.00', 'active', 100, NULL, NULL),
(945, 504, 'First half who wins the rest', 12, '100.00', '120.00', 'active', 100, NULL, NULL),
(946, 374, 'First To X Points', 12, '100.00', '120.00', 'active', 100, NULL, NULL),
(947, 379, 'Winning Margins Rugby Union', 12, '100.00', '120.00', 'active', 100, NULL, NULL),
(948, 380, 'Winning Margins Rugby League', 12, '100.00', '120.00', 'active', 100, NULL, NULL),
(949, 381, '3Way', 12, '100.00', '120.00', 'active', 100, NULL, NULL),
(950, 383, 'Total', 12, '100.00', '120.00', 'active', 100, NULL, NULL),
(951, 392, '1st Half - Totals Home Team', 12, '100.00', '120.00', 'active', 100, NULL, NULL),
(952, 393, '1st Half - Totals Away Team', 12, '100.00', '120.00', 'active', 100, NULL, NULL),
(953, 396, '1st Half - European Handicap', 12, '100.00', '120.00', 'active', 100, NULL, NULL),
(954, 469, 'Total Margins', 12, '100.00', '120.00', 'active', 100, NULL, NULL),
(955, 470, 'Half time Winning Margins Rugby Union', 12, '100.00', '120.00', 'active', 100, NULL, NULL),
(956, 471, 'Matchbet tries', 12, '100.00', '120.00', 'active', 100, NULL, NULL),
(957, 472, 'Handicap tries', 12, '100.00', '120.00', 'active', 100, NULL, NULL),
(958, 473, 'Asian Handicap tries', 12, '100.00', '120.00', 'active', 100, NULL, NULL),
(959, 474, 'Draw no bet tries', 12, '100.00', '120.00', 'active', 100, NULL, NULL),
(960, 475, 'Double Chance tries', 12, '100.00', '120.00', 'active', 100, NULL, NULL),
(961, 476, 'Total tries', 12, '100.00', '120.00', 'active', 100, NULL, NULL),
(962, 477, 'Total tries Home Team', 12, '100.00', '120.00', 'active', 100, NULL, NULL),
(963, 478, 'Total tries Away Team', 12, '100.00', '120.00', 'active', 100, NULL, NULL),
(964, 479, 'Odd/Even tries', 12, '100.00', '120.00', 'active', 100, NULL, NULL),
(965, 480, '1st Half Matchbet tries', 12, '100.00', '120.00', 'active', 100, NULL, NULL),
(966, 481, '1st Half Handicap tries', 12, '100.00', '120.00', 'active', 100, NULL, NULL),
(967, 482, '1st Half Asian Handicap tries', 12, '100.00', '120.00', 'active', 100, NULL, NULL),
(968, 483, '1st Half Draw no bet tries', 12, '100.00', '120.00', 'active', 100, NULL, NULL),
(969, 484, '1st Half Double Chance tries', 12, '100.00', '120.00', 'active', 100, NULL, NULL),
(970, 485, '1st Half Total tries', 12, '100.00', '120.00', 'active', 100, NULL, NULL),
(971, 486, '1st Half Total tries Home Team', 12, '100.00', '120.00', 'active', 100, NULL, NULL),
(972, 487, '1st Half Total tries Away Team', 12, '100.00', '120.00', 'active', 100, NULL, NULL),
(973, 488, '1st Half Odd/Even tries', 12, '100.00', '120.00', 'active', 100, NULL, NULL),
(974, 489, 'First Scoring Play', 12, '100.00', '120.00', 'active', 100, NULL, NULL),
(975, 490, '1st Half First To X Points', 12, '100.00', '120.00', 'active', 100, NULL, NULL),
(976, 491, 'Half time Total Margins', 12, '100.00', '120.00', 'active', 100, NULL, NULL),
(977, 382, '2Way', 13, '100.00', '120.00', 'active', 100, NULL, NULL),
(978, 382, '2Way', 14, '100.00', '120.00', 'active', 100, NULL, NULL),
(979, 381, '3Way', 15, '100.00', '120.00', 'active', 100, NULL, NULL),
(980, 383, 'Total', 15, '100.00', '120.00', 'active', 100, NULL, NULL),
(981, 42, '1st Half - 3way', 16, '100.00', '120.00', 'active', 100, NULL, NULL),
(982, 44, 'Halftime/Fulltime', 16, '100.00', '120.00', 'active', 100, NULL, NULL),
(983, 45, 'Odd/Even Points', 16, '100.00', '120.00', 'active', 100, NULL, NULL),
(984, 53, '1st Half - Points Spreads', 16, '100.00', '120.00', 'active', 100, NULL, NULL),
(985, 54, '1st Half - Total Spreads', 16, '100.00', '120.00', 'active', 100, NULL, NULL),
(986, 352, 'Totals away team', 16, '100.00', '120.00', 'active', 100, NULL, NULL),
(987, 353, 'Totals home team', 16, '100.00', '120.00', 'active', 100, NULL, NULL),
(988, 220, '1st Half - Odd/Even Points', 16, '100.00', '120.00', 'active', 100, NULL, NULL),
(989, 221, 'Overtime Yes/No?', 16, '100.00', '120.00', 'active', 100, NULL, NULL),
(990, 222, 'Winning Margins', 16, '100.00', '120.00', 'active', 100, NULL, NULL),
(991, 224, 'Highest Scoring Quarter', 16, '100.00', '120.00', 'active', 100, NULL, NULL),
(992, 225, '3way', 16, '100.00', '120.00', 'active', 100, NULL, NULL),
(993, 228, 'Points Spreads (overtime)', 16, '100.00', '120.00', 'active', 100, NULL, NULL),
(994, 229, 'Total Spreads (overtime)', 16, '100.00', '120.00', 'active', 100, NULL, NULL),
(995, 230, 'Odd/Even Points (overtime)', 16, '100.00', '120.00', 'active', 100, NULL, NULL),
(996, 312, '2nd Half - Points Spreads (incl. overtime)', 16, '100.00', '120.00', 'active', 100, NULL, NULL),
(997, 313, '2nd Half - Total Spreads (incl. overtime)', 16, '100.00', '120.00', 'active', 100, NULL, NULL),
(998, 382, '2Way', 16, '100.00', '120.00', 'active', 100, NULL, NULL),
(999, 383, 'Total', 16, '100.00', '120.00', 'active', 100, NULL, NULL),
(1000, 382, '2Way', 17, '100.00', '120.00', 'active', 100, NULL, NULL),
(1001, 45, 'Odd/Even number of runs (excl. superovers)', 21, '100.00', '120.00', 'active', 100, NULL, NULL),
(1002, 52, 'Total Spreads (excl. superovers)', 21, '100.00', '120.00', 'active', 100, NULL, NULL),
(1003, 352, 'Totals Away Team (excl. superovers)', 21, '100.00', '120.00', 'active', 100, NULL, NULL),
(1004, 353, 'Totals Home Team (excl. superovers)', 21, '100.00', '120.00', 'active', 100, NULL, NULL),
(1005, 221, 'Super Overs Yes/No?', 21, '100.00', '120.00', 'active', 100, NULL, NULL),
(1006, 340, '1st overs - total runs', 21, '100.00', '120.00', 'active', 100, NULL, NULL),
(1007, 342, '1st overs - odd/even', 21, '100.00', '120.00', 'active', 100, NULL, NULL),
(1008, 382, '2way (incl. superovers)', 21, '100.00', '120.00', 'active', 100, NULL, NULL),
(1009, 419, 'First ten overs - 3way', 21, '100.00', '120.00', 'active', 100, NULL, NULL),
(1010, 420, 'First ten overs - Totals Home Team', 21, '100.00', '120.00', 'active', 100, NULL, NULL),
(1011, 421, 'First ten overs - Totals Away Team', 21, '100.00', '120.00', 'active', 100, NULL, NULL),
(1012, 422, 'First ten overs - Total ranges Home Team', 21, '100.00', '120.00', 'active', 100, NULL, NULL),
(1013, 423, 'First ten overs - Total ranges Away Team', 21, '100.00', '120.00', 'active', 100, NULL, NULL),
(1014, 424, 'First six overs - 3way', 21, '100.00', '120.00', 'active', 100, NULL, NULL),
(1015, 425, 'First six overs - Totals Home Team', 21, '100.00', '120.00', 'active', 100, NULL, NULL),
(1016, 426, 'First six overs - Totals Away Team', 21, '100.00', '120.00', 'active', 100, NULL, NULL),
(1017, 427, 'First six overs - Total ranges Home Team', 21, '100.00', '120.00', 'active', 100, NULL, NULL),
(1018, 428, 'First six overs - Total ranges Away Team', 21, '100.00', '120.00', 'active', 100, NULL, NULL),
(1019, 429, 'Total ranges Home Team (excl. superovers)', 21, '100.00', '120.00', 'active', 100, NULL, NULL),
(1020, 430, 'Total ranges Away Team (excl. superovers)', 21, '100.00', '120.00', 'active', 100, NULL, NULL),
(1021, 431, 'How many runs will the highest scoring overs have? (excl. superovers)', 21, '100.00', '120.00', 'active', 100, NULL, NULL),
(1022, 432, 'Which team will have the highest scoring overs? (excl. superovers)', 21, '100.00', '120.00', 'active', 100, NULL, NULL),
(1023, 382, '2Way', 20, '100.00', '120.00', 'active', 100, NULL, NULL),
(1024, 51, 'Frame Handicap', 19, '100.00', '120.00', 'active', 100, NULL, NULL),
(1025, 52, 'Total Frames', 19, '100.00', '120.00', 'active', 100, NULL, NULL),
(1026, 204, 'First Frame Winner', 19, '100.00', '120.00', 'active', 100, NULL, NULL),
(1027, 234, 'Correct Frame Score (best of 5 frames)', 19, '100.00', '120.00', 'active', 100, NULL, NULL),
(1028, 382, '2Way', 19, '100.00', '120.00', 'active', 100, NULL, NULL),
(1029, 416, 'Correct Frame Score (best of 7 frames)', 19, '100.00', '120.00', 'active', 100, NULL, NULL),
(1030, 417, 'Correct Frame Score (best of 9 frames)', 19, '100.00', '120.00', 'active', 100, NULL, NULL),
(1031, 418, 'Correct Frame Score (best of 11 frames)', 19, '100.00', '120.00', 'active', 100, NULL, NULL),
(1032, 204, '1st set winner', 22, '100.00', '120.00', 'active', 100, NULL, NULL),
(1033, 226, 'Total', 22, '100.00', '120.00', 'active', 100, NULL, NULL),
(1034, 233, 'Correct set score (BO3)', 22, '100.00', '120.00', 'active', 100, NULL, NULL),
(1035, 234, 'Correct set score (BO5)', 22, '100.00', '120.00', 'active', 100, NULL, NULL),
(1036, 339, '1st set leg handicap', 22, '100.00', '120.00', 'active', 100, NULL, NULL),
(1037, 340, '1st set leg total', 22, '100.00', '120.00', 'active', 100, NULL, NULL),
(1038, 381, '3Way', 22, '100.00', '120.00', 'active', 100, NULL, NULL),
(1039, 382, '2Way', 22, '100.00', '120.00', 'active', 100, NULL, NULL),
(1040, 440, '1st leg winner', 22, '100.00', '120.00', 'active', 100, NULL, NULL),
(1041, 441, 'First player to score a 180', 22, '100.00', '120.00', 'active', 100, NULL, NULL),
(1042, 442, 'Most 180s', 22, '100.00', '120.00', 'active', 100, NULL, NULL),
(1043, 443, 'Handicap 180s', 22, '100.00', '120.00', 'active', 100, NULL, NULL),
(1044, 444, 'Total 180s', 22, '100.00', '120.00', 'active', 100, NULL, NULL),
(1045, 445, 'Total 180s Player 1', 22, '100.00', '120.00', 'active', 100, NULL, NULL),
(1046, 446, 'Total 180s Player 2', 22, '100.00', '120.00', 'active', 100, NULL, NULL),
(1047, 447, 'Set handicap', 22, '100.00', '120.00', 'active', 100, NULL, NULL),
(1048, 448, 'Correct set score (BO7)', 22, '100.00', '120.00', 'active', 100, NULL, NULL),
(1049, 449, 'Correct set score (BO9)', 22, '100.00', '120.00', 'active', 100, NULL, NULL),
(1050, 450, 'Correct set score (BO11)', 22, '100.00', '120.00', 'active', 100, NULL, NULL),
(1051, 451, 'Correct set score (BO13)', 22, '100.00', '120.00', 'active', 100, NULL, NULL),
(1052, 452, 'Correct set score (BO15)', 22, '100.00', '120.00', 'active', 100, NULL, NULL),
(1053, 453, '1st Set - Correct leg score (BO5)', 22, '100.00', '120.00', 'active', 100, NULL, NULL),
(1054, 454, '1st Set - Correct leg score (BO11)', 22, '100.00', '120.00', 'active', 100, NULL, NULL),
(1055, 455, '1st Set - Correct leg score (BO12)', 22, '100.00', '120.00', 'active', 100, NULL, NULL),
(1056, 456, '1st Set - Correct leg score (BO17)', 22, '100.00', '120.00', 'active', 100, NULL, NULL),
(1057, 457, '1st Set - Correct leg score (BO19)', 22, '100.00', '120.00', 'active', 100, NULL, NULL),
(1058, 458, '1st Set - Correct leg score (BO21)', 22, '100.00', '120.00', 'active', 100, NULL, NULL),
(1059, 51, 'Asian Handicap', 23, '100.00', '120.00', 'active', 100, NULL, NULL),
(1060, 204, 'Who wins first set', 23, '100.00', '120.00', 'active', 100, NULL, NULL),
(1061, 226, 'Total', 23, '100.00', '120.00', 'active', 100, NULL, NULL),
(1062, 231, 'Who wins second set', 23, '100.00', '120.00', 'active', 100, NULL, NULL),
(1063, 232, 'Total number of sets (best of 5)', 23, '100.00', '120.00', 'active', 100, NULL, NULL),
(1064, 337, 'Correct Set Score', 23, '100.00', '120.00', 'active', 100, NULL, NULL),
(1065, 338, 'How many sets will exceed score limit?', 23, '100.00', '120.00', 'active', 100, NULL, NULL),
(1066, 339, '1st Set Handicap', 23, '100.00', '120.00', 'active', 100, NULL, NULL),
(1067, 340, '1st Set Total', 23, '100.00', '120.00', 'active', 100, NULL, NULL),
(1068, 341, '1st Set Race to X', 23, '100.00', '120.00', 'active', 100, NULL, NULL),
(1069, 342, '1st Set Odd/Even', 23, '100.00', '120.00', 'active', 100, NULL, NULL),
(1070, 343, 'Who wins third set', 23, '100.00', '120.00', 'active', 100, NULL, NULL),
(1071, 344, 'Who wins fourth set', 23, '100.00', '120.00', 'active', 100, NULL, NULL),
(1072, 345, 'Who wins fifth set', 23, '100.00', '120.00', 'active', 100, NULL, NULL),
(1073, 346, '5th Set Played?', 23, '100.00', '120.00', 'active', 100, NULL, NULL),
(1074, 351, '4th Set Played?', 23, '100.00', '120.00', 'active', 100, NULL, NULL),
(1075, 382, '2Way', 23, '100.00', '120.00', 'active', 100, NULL, NULL),
(1076, 381, '3Way', 24, '100.00', '120.00', 'active', 100, NULL, NULL),
(1077, 383, 'Total', 24, '100.00', '120.00', 'active', 100, NULL, NULL),
(1078, 381, '3Way', 26, '100.00', '120.00', 'active', 100, NULL, NULL),
(1079, 383, 'Total', 26, '100.00', '120.00', 'active', 100, NULL, NULL),
(1080, 382, '2Way', 28, '100.00', '120.00', 'active', 100, NULL, NULL),
(1081, 381, '3Way', 29, '100.00', '120.00', 'active', 100, NULL, NULL),
(1082, 383, 'Total', 29, '100.00', '120.00', 'active', 100, NULL, NULL),
(1083, 382, '2Way', 30, '100.00', '120.00', 'active', 100, NULL, NULL),
(1084, 51, 'Asian Handicap', 31, '100.00', '120.00', 'active', 100, NULL, NULL),
(1085, 204, 'Who wins first set', 31, '100.00', '120.00', 'active', 100, NULL, NULL),
(1086, 206, 'Total number of sets (best of 3)', 31, '100.00', '120.00', 'active', 100, NULL, NULL),
(1087, 555, '1st Set - Who will score the Xth goals', 31, '100.00', '120.00', 'active', 100, NULL, NULL),
(1088, 226, 'Total', 31, '100.00', '120.00', 'active', 100, NULL, NULL),
(1089, 231, 'Who wins second set', 31, '100.00', '120.00', 'active', 100, NULL, NULL),
(1090, 232, 'Total number of sets (best of 5)', 31, '100.00', '120.00', 'active', 100, NULL, NULL),
(1091, 233, 'Correct Set Score (best of 3)', 31, '100.00', '120.00', 'active', 100, NULL, NULL),
(1092, 234, 'Correct Set Score (best of 5)', 31, '100.00', '120.00', 'active', 100, NULL, NULL),
(1093, 339, '1st Set Handicap', 31, '100.00', '120.00', 'active', 100, NULL, NULL),
(1094, 340, '1st Set Total', 31, '100.00', '120.00', 'active', 100, NULL, NULL),
(1095, 342, '1st Set Odd/Even', 31, '100.00', '120.00', 'active', 100, NULL, NULL),
(1096, 343, 'Who wins third set', 31, '100.00', '120.00', 'active', 100, NULL, NULL),
(1097, 344, 'Who wins fourth set', 31, '100.00', '120.00', 'active', 100, NULL, NULL),
(1098, 345, 'Who wins fifth set', 31, '100.00', '120.00', 'active', 100, NULL, NULL),
(1099, 374, '1st Set - First To X Points', 31, '100.00', '120.00', 'active', 100, NULL, NULL),
(1100, 382, '2Way', 31, '100.00', '120.00', 'active', 100, NULL, NULL),
(1101, 556, 'How many sets will exceed score limit (best of 3)', 31, '100.00', '120.00', 'active', 100, NULL, NULL),
(1102, 2, 'Correct score', 32, '100.00', '120.00', 'active', 100, NULL, NULL),
(1103, 206, 'Total number of sets (best of 3)', 32, '100.00', '120.00', 'active', 100, NULL, NULL),
(1104, 297, '1st Set Draw no Bet', 32, '100.00', '120.00', 'active', 100, NULL, NULL),
(1105, 339, '1st Set Handicap', 32, '100.00', '120.00', 'active', 100, NULL, NULL),
(1106, 1, '340', 32, '100.00', '120.00', 'active', 100, NULL, NULL),
(1107, 384, '2Way', 32, '100.00', '120.00', 'active', 100, NULL, NULL),
(1108, 447, 'Set handicap', 32, '100.00', '120.00', 'active', 100, NULL, NULL),
(1109, 461, '1st Set Total Player 1', 32, '100.00', '120.00', 'active', 100, NULL, NULL),
(1110, 462, '1st Set Total Player 2', 32, '100.00', '120.00', 'active', 100, NULL, NULL),
(1111, 463, '1st Set Winner 3way', 32, '100.00', '120.00', 'active', 100, NULL, NULL),
(1112, 51, 'Asian Handicap', 34, '100.00', '120.00', 'active', 100, NULL, NULL),
(1113, 204, 'Who wins first set', 34, '100.00', '120.00', 'active', 100, NULL, NULL),
(1114, 206, 'Total number of sets (best of 3)', 34, '100.00', '120.00', 'active', 100, NULL, NULL),
(1115, 226, 'Total', 34, '100.00', '120.00', 'active', 100, NULL, NULL),
(1116, 231, 'Who wins second set', 34, '100.00', '120.00', 'active', 100, NULL, NULL),
(1117, 338, 'How many sets will exceed score limit?', 34, '100.00', '120.00', 'active', 100, NULL, NULL),
(1118, 339, '1st Set Handicap', 34, '100.00', '120.00', 'active', 100, NULL, NULL),
(1119, 340, '1st Set Total', 34, '100.00', '120.00', 'active', 100, NULL, NULL),
(1120, 341, '1st Set Race to X', 34, '100.00', '120.00', 'active', 100, NULL, NULL),
(1121, 342, '1st Set Odd/Even', 34, '100.00', '120.00', 'active', 100, NULL, NULL),
(1122, 343, 'Who wins third set', 34, '100.00', '120.00', 'active', 100, NULL, NULL),
(1123, 350, 'Correct Set Score', 34, '100.00', '120.00', 'active', 100, NULL, NULL),
(1124, 382, '2Way', 34, '100.00', '120.00', 'active', 100, NULL, NULL),
(1125, 51, 'Asian Handicap', 37, '100.00', '120.00', 'active', 100, NULL, NULL),
(1126, 204, 'Who wins first set', 37, '100.00', '120.00', 'active', 100, NULL, NULL),
(1127, 206, 'Total number of sets (best of 3)', 37, '100.00', '120.00', 'active', 100, NULL, NULL),
(1128, 555, '1st Set - Who will score the Xth goals', 37, '100.00', '120.00', 'active', 100, NULL, NULL),
(1129, 226, 'Total', 37, '100.00', '120.00', 'active', 100, NULL, NULL),
(1130, 231, 'Who wins second set', 37, '100.00', '120.00', 'active', 100, NULL, NULL),
(1131, 232, 'Total number of sets (best of 5)', 37, '100.00', '120.00', 'active', 100, NULL, NULL),
(1132, 233, 'Correct Set Score (best of 3)', 37, '100.00', '120.00', 'active', 100, NULL, NULL),
(1133, 234, 'Correct Set Score (best of 5)', 37, '100.00', '120.00', 'active', 100, NULL, NULL),
(1134, 339, '1st Set Handicap', 37, '100.00', '120.00', 'active', 100, NULL, NULL),
(1135, 340, '1st Set Total', 37, '100.00', '120.00', 'active', 100, NULL, NULL),
(1136, 342, '1st Set Odd/Even', 37, '100.00', '120.00', 'active', 100, NULL, NULL),
(1137, 343, 'Who wins third set', 37, '100.00', '120.00', 'active', 100, NULL, NULL),
(1138, 344, 'Who wins fourth set', 37, '100.00', '120.00', 'active', 100, NULL, NULL),
(1139, 345, 'Who wins fifth set', 37, '100.00', '120.00', 'active', 100, NULL, NULL),
(1140, 374, '1st Set - First To X Points', 37, '100.00', '120.00', 'active', 100, NULL, NULL),
(1141, 382, '2Way', 37, '100.00', '120.00', 'active', 100, NULL, NULL),
(1142, 556, 'How many sets will exceed score limit (best of 3)', 37, '100.00', '120.00', 'active', 100, NULL, NULL),
(1143, 557, 'How many sets will exceed score limit (best of 5)', 37, '100.00', '120.00', 'active', 100, NULL, NULL),
(1144, 42, '1st Half - 3way', 59, '100.00', '120.00', 'active', 100, NULL, NULL),
(1145, 44, 'Halftime/Fulltime', 59, '100.00', '120.00', 'active', 100, NULL, NULL),
(1146, 45, 'Odd/Even Points', 59, '100.00', '120.00', 'active', 100, NULL, NULL),
(1147, 51, 'Points Spreads', 59, '100.00', '120.00', 'active', 100, NULL, NULL),
(1148, 53, '1st Half - Points Spreads', 59, '100.00', '120.00', 'active', 100, NULL, NULL),
(1149, 207, 'Highest Scoring Half', 59, '100.00', '120.00', 'active', 100, NULL, NULL),
(1150, 220, 'Half time Odd/Even Points', 59, '100.00', '120.00', 'active', 100, NULL, NULL),
(1151, 379, 'Winning Margins Rugby Union', 59, '100.00', '120.00', 'active', 100, NULL, NULL),
(1152, 380, 'Winning Margins Rugby League', 59, '100.00', '120.00', 'active', 100, NULL, NULL),
(1153, 381, '3Way', 59, '100.00', '120.00', 'active', 100, NULL, NULL),
(1154, 381, '3Way', 60, '100.00', '120.00', 'active', 100, NULL, NULL),
(1155, 383, 'Total', 60, '100.00', '120.00', 'active', 100, NULL, NULL),
(1156, 381, '3Way', 61, '100.00', '120.00', 'active', 100, NULL, NULL),
(1157, 51, 'Asian Handicap', 109, '100.00', '120.00', 'active', 100, NULL, NULL),
(1158, 52, 'Asian Total', 109, '100.00', '120.00', 'active', 100, NULL, NULL),
(1159, 204, '1st map winner', 109, '100.00', '120.00', 'active', 100, NULL, NULL),
(1160, 225, '3way', 109, '100.00', '120.00', 'active', 100, NULL, NULL),
(1161, 231, '2nd map winner', 109, '100.00', '120.00', 'active', 100, NULL, NULL),
(1162, 233, 'Final result (in maps - best of 3)', 109, '100.00', '120.00', 'active', 100, NULL, NULL),
(1163, 234, 'Final result (in maps - best of 5)', 109, '100.00', '120.00', 'active', 100, NULL, NULL),
(1164, 339, '1st Map - Asian Handicap Rounds', 109, '100.00', '120.00', 'active', 100, NULL, NULL),
(1165, 340, '1st Map - Total Rounds', 109, '100.00', '120.00', 'active', 100, NULL, NULL),
(1166, 343, '3rd map winner', 109, '100.00', '120.00', 'active', 100, NULL, NULL),
(1167, 382, '2Way', 109, '100.00', '120.00', 'active', 100, NULL, NULL),
(1168, 463, '1st Map - 3way', 109, '100.00', '120.00', 'active', 100, NULL, NULL),
(1169, 505, '1st Blood', 109, '100.00', '120.00', 'active', 100, NULL, NULL),
(1170, 506, 'Knife round', 109, '100.00', '120.00', 'active', 100, NULL, NULL),
(1171, 507, '1st Pistol round', 109, '100.00', '120.00', 'active', 100, NULL, NULL),
(1172, 508, 'Final result (in maps - best of 2)', 109, '100.00', '120.00', 'active', 100, NULL, NULL),
(1173, 520, '2nd Pistol round', 109, '100.00', '120.00', 'active', 100, NULL, NULL),
(1174, 521, '1st Map - Will there be overtime?', 109, '100.00', '120.00', 'active', 100, NULL, NULL),
(1175, 51, 'Asian Handicap', 110, '100.00', '120.00', 'active', 100, NULL, NULL),
(1176, 52, 'Asian Total', 110, '100.00', '120.00', 'active', 100, NULL, NULL),
(1177, 204, '1st map winner', 110, '100.00', '120.00', 'active', 100, NULL, NULL),
(1178, 225, '3way', 110, '100.00', '120.00', 'active', 100, NULL, NULL),
(1179, 231, '2nd map winner', 110, '100.00', '120.00', 'active', 100, NULL, NULL),
(1180, 233, 'Final result (in maps - best of 3)', 110, '100.00', '120.00', 'active', 100, NULL, NULL),
(1181, 234, 'Final result (in maps - best of 5)', 110, '100.00', '120.00', 'active', 100, NULL, NULL),
(1182, 343, '3rd map winner', 110, '100.00', '120.00', 'active', 100, NULL, NULL),
(1183, 382, '2Way', 110, '100.00', '120.00', 'active', 100, NULL, NULL),
(1184, 505, '1st Map - 1st Blood', 110, '100.00', '120.00', 'active', 100, NULL, NULL),
(1185, 508, 'Final result (in maps - best of 2)', 110, '100.00', '120.00', 'active', 100, NULL, NULL),
(1186, 559, '1st Map - 1st Tower', 110, '100.00', '120.00', 'active', 100, NULL, NULL),
(1187, 563, '1st Map - 1st Dragon', 110, '100.00', '120.00', 'active', 100, NULL, NULL),
(1188, 564, '1st Map - 1st Baron', 110, '100.00', '120.00', 'active', 100, NULL, NULL),
(1189, 565, '1st Map - 1st Inhibitor', 110, '100.00', '120.00', 'active', 100, NULL, NULL),
(1190, 51, 'Asian Handicap', 111, '100.00', '120.00', 'active', 100, NULL, NULL),
(1191, 52, 'Asian Total', 111, '100.00', '120.00', 'active', 100, NULL, NULL),
(1192, 204, '1st map winner', 111, '100.00', '120.00', 'active', 100, NULL, NULL),
(1193, 225, '3way', 111, '100.00', '120.00', 'active', 100, NULL, NULL),
(1194, 231, '2nd map winner', 111, '100.00', '120.00', 'active', 100, NULL, NULL),
(1195, 233, 'Final result (in maps - best of 3)', 111, '100.00', '120.00', 'active', 100, NULL, NULL),
(1196, 234, 'Final result (in maps - best of 5)', 111, '100.00', '120.00', 'active', 100, NULL, NULL),
(1197, 343, '3rd map winner', 111, '100.00', '120.00', 'active', 100, NULL, NULL),
(1198, 382, '2Way', 111, '100.00', '120.00', 'active', 100, NULL, NULL),
(1199, 508, 'Final result (in maps - best of 2)', 111, '100.00', '120.00', 'active', 100, NULL, NULL),
(1200, 558, '1st Map - 1st Aegis', 111, '100.00', '120.00', 'active', 100, NULL, NULL),
(1201, 559, '1st Map - 1st Tower', 111, '100.00', '120.00', 'active', 100, NULL, NULL),
(1202, 560, '1st Map - 1st Barracks', 111, '100.00', '120.00', 'active', 100, NULL, NULL),
(1203, 51, 'Asian Handicap', 112, '100.00', '120.00', 'active', 100, NULL, NULL),
(1204, 52, 'Asian Total', 112, '100.00', '120.00', 'active', 100, NULL, NULL),
(1205, 204, '1st map winner', 112, '100.00', '120.00', 'active', 100, NULL, NULL),
(1206, 231, '2nd map winner', 112, '100.00', '120.00', 'active', 100, NULL, NULL),
(1207, 233, 'Final result (in maps - best of 3)', 112, '100.00', '120.00', 'active', 100, NULL, NULL),
(1208, 234, 'Final result (in maps - best of 5)', 112, '100.00', '120.00', 'active', 100, NULL, NULL),
(1209, 343, '3rd map winner', 112, '100.00', '120.00', 'active', 100, NULL, NULL),
(1210, 382, '2Way', 112, '100.00', '120.00', 'active', 100, NULL, NULL),
(1211, 416, 'Final result (in maps - best of 7)', 112, '100.00', '120.00', 'active', 100, NULL, NULL),
(1212, 417, 'Final result (in maps - best of 9)', 112, '100.00', '120.00', 'active', 100, NULL, NULL),
(1213, 508, 'Final result (in maps - best of 2)', 112, '100.00', '120.00', 'active', 100, NULL, NULL),
(1214, 382, '2Way', 117, '100.00', '120.00', 'active', 100, NULL, NULL),
(1215, 383, 'Total', 117, '100.00', '120.00', 'active', 100, NULL, NULL),
(1216, 40, '2-Way', 17, '100.00', '120.00', 'active', 100, NULL, NULL),
(1217, 40, '2-Way', 9, '100.00', '120.00', 'active', 100, NULL, NULL),
(1218, 40, '2-Way', 11, '100.00', '120.00', 'active', 100, NULL, NULL);

-- --------------------------------------------------------

--
-- Table structure for table `xml_country`
--

CREATE TABLE `xml_country` (
  `id` int(10) UNSIGNED NOT NULL,
  `name` varchar(255) NOT NULL,
  `sportID` int(11) NOT NULL,
  `status` enum('active','passive') NOT NULL,
  `order_id` int(11) NOT NULL DEFAULT '100',
  `created_at` timestamp NULL DEFAULT NULL,
  `updated_at` timestamp NULL DEFAULT NULL
) ENGINE=InnoDB DEFAULT CHARSET=utf8;

--
-- Dumping data for table `xml_country`
--

INSERT INTO `xml_country` (`id`, `name`, `sportID`, `status`, `order_id`, `created_at`, `updated_at`) VALUES
(1, 'England', 1, 'active', 100, '2016-10-17 07:58:14', '2016-10-26 18:36:27'),
(3, 'ATP', 5, 'active', 100, '2016-10-18 07:22:36', '2016-10-26 18:34:09'),
(4, 'International', 1, 'active', 100, '2016-10-18 10:44:07', '2016-10-26 13:07:04'),
(5, 'Norway', 1, 'active', 100, '2016-10-17 08:12:28', '2016-10-26 13:11:50'),
(6, 'WTA', 5, 'active', 100, '2016-10-17 08:12:28', '2016-10-26 12:59:28'),
(7, 'France', 1, 'active', 100, '2016-10-17 08:12:28', '2016-10-26 18:37:03'),
(8, 'Denmark', 1, 'active', 100, '2016-10-18 07:21:09', '2016-10-26 12:55:11'),
(9, 'Sweden', 1, 'active', 100, '2016-10-18 07:23:00', '2016-10-26 12:35:35'),
(11, 'Hungary', 1, 'active', 100, '2016-10-18 09:06:31', '2016-10-26 13:28:42'),
(12, 'Mexico', 1, 'active', 100, '2016-10-17 07:59:43', '2016-10-26 17:20:28'),
(13, 'Brazil', 1, 'active', 100, '2016-10-17 08:02:53', '2016-10-26 18:32:19'),
(14, 'Croatia', 1, 'active', 100, '2016-10-17 08:00:34', '2016-10-26 11:56:50'),
(15, 'USA', 2, 'active', 100, '2016-10-17 08:00:47', '2016-10-26 18:37:04'),
(16, 'USA', 3, 'active', 100, '2016-10-17 08:01:49', '2016-10-23 17:23:19'),
(17, 'Austria', 1, 'active', 100, '2016-10-18 07:18:11', '2016-10-26 18:25:49'),
(18, 'Czech Republic', 1, 'active', 100, '2016-10-17 08:12:28', '2016-10-26 13:21:36'),
(19, 'Finland', 1, 'active', 100, '2016-10-18 07:29:52', '2016-10-24 07:56:46'),
(20, 'Peru', 1, 'active', 100, '2016-10-17 08:12:28', '2016-10-26 18:29:55'),
(21, 'Russia', 1, 'active', 100, '2016-10-17 08:01:37', '2016-10-26 13:02:24'),
(22, 'Scotland', 1, 'active', 100, '2016-10-17 08:14:16', '2016-10-26 18:25:57'),
(23, 'Slovakia', 1, 'active', 100, '2016-10-18 07:49:22', '2016-10-26 11:34:59'),
(24, 'Slovenia', 1, 'active', 100, '2016-10-18 07:18:23', '2016-10-26 11:22:34'),
(25, 'Switzerland', 1, 'active', 100, '2016-10-18 07:25:31', '2016-10-26 11:35:09'),
(26, 'USA', 1, 'active', 100, '2016-10-17 08:12:14', '2016-10-26 12:20:10'),
(27, 'International', 10, 'active', 100, '2016-10-17 08:19:44', '2016-10-22 14:57:46'),
(28, 'Men', 9, 'active', 100, '2016-10-18 09:49:34', '2016-10-26 18:31:12'),
(30, 'Germany', 1, 'active', 100, '2016-10-17 08:00:47', '2016-10-26 18:36:30'),
(31, 'Italy', 1, 'active', 100, '2016-10-18 07:17:46', '2016-10-26 18:35:16'),
(32, 'Spain', 1, 'active', 100, '2016-10-17 08:01:37', '2016-10-26 18:25:57'),
(33, 'Belgium', 1, 'active', 100, '2016-10-18 07:57:02', '2016-10-26 18:25:54'),
(34, 'Australia', 1, 'active', 100, '2016-10-17 08:12:28', '2016-10-26 12:05:32'),
(35, 'Netherlands', 1, 'active', 100, '2016-10-17 08:25:24', '2016-10-26 12:17:12'),
(36, 'Formula 1', 11, 'active', 100, '2016-10-19 09:01:10', '2016-10-26 12:20:11'),
(37, 'USA', 4, 'active', 100, '2016-10-17 08:00:59', '2016-10-26 18:28:07'),
(38, 'Norway', 4, 'active', 100, '2016-10-18 09:02:42', '2016-10-26 12:50:32'),
(39, 'Sweden', 4, 'active', 100, '2016-10-18 08:38:09', '2016-10-26 12:41:37'),
(40, 'Finland', 4, 'active', 100, '2016-10-17 08:07:49', '2016-10-26 13:21:00'),
(41, 'Germany', 4, 'active', 100, '2016-10-17 08:11:21', '2016-10-26 18:31:12'),
(42, 'Czech Republic', 4, 'active', 100, '2016-10-18 07:20:07', '2016-10-26 13:18:01'),
(43, 'USA', 16, 'active', 100, '2016-10-17 08:14:55', '2016-10-26 11:38:47'),
(44, 'Portugal', 1, 'active', 100, '2016-10-17 08:06:43', '2016-10-26 18:34:05'),
(45, 'Singapore', 1, 'active', 100, '2016-10-20 06:31:15', '2016-10-26 11:22:34'),
(46, 'Turkey', 1, 'active', 100, '2016-10-18 07:21:45', '2016-10-26 13:21:00'),
(47, 'Poland', 1, 'active', 100, '2016-10-17 08:14:55', '2016-10-26 12:17:12'),
(48, 'Argentina', 1, 'active', 100, '2016-10-17 07:58:27', '2016-10-26 13:28:42'),
(49, 'Chile', 1, 'active', 100, '2016-10-18 07:17:21', '2016-10-26 12:35:38'),
(50, 'Bikes', 11, 'active', 100, '2016-10-18 09:08:15', '2016-10-26 13:19:16'),
(51, 'Republic of Ireland', 1, 'active', 100, '2016-10-17 08:40:43', '2016-10-26 11:18:57'),
(52, 'Japan', 1, 'active', 100, '2016-10-18 07:17:09', '2016-10-26 08:52:46'),
(53, 'Germany', 6, 'active', 100, '2016-10-18 07:34:02', '2016-10-26 13:18:02'),
(54, 'Switzerland', 4, 'active', 100, '2016-10-17 08:12:28', '2016-10-26 09:03:48'),
(55, 'International', 19, 'active', 100, '2016-10-18 07:34:51', '2016-10-26 11:53:17'),
(56, 'International', 4, 'active', 100, '2016-10-18 07:28:37', '2016-10-26 12:34:27'),
(57, 'Uruguay', 1, 'active', 100, '2016-10-17 08:02:28', '2016-10-24 13:19:13'),
(58, 'Norway', 6, 'active', 100, '2016-10-18 09:37:13', '2016-10-24 07:49:04'),
(59, 'Denmark', 6, 'active', 100, '2016-10-18 07:16:00', '2016-10-26 11:19:01'),
(60, 'Sweden', 6, 'active', 100, '2016-10-18 09:34:16', '2016-10-26 13:22:49'),
(63, 'Sweden', 7, 'active', 100, '2016-10-18 10:36:06', '2016-10-26 18:31:12'),
(64, 'Denmark', 4, 'active', 100, '2016-10-17 07:59:43', '2016-10-26 18:31:12'),
(65, 'Austria', 4, 'active', 100, '2016-10-18 07:20:20', '2016-10-26 12:35:38'),
(66, 'Israel', 1, 'active', 100, '2016-10-18 07:50:11', '2016-10-26 13:25:45'),
(67, 'Greece', 1, 'active', 100, '2016-10-18 07:30:17', '2016-10-26 18:36:33'),
(69, 'Austria', 6, 'active', 100, '2016-10-18 10:51:36', '2016-10-23 13:21:09'),
(70, 'Finland', 7, 'active', 100, '2016-10-18 09:01:53', '2016-10-23 14:15:03'),
(71, 'Spain', 6, 'active', 100, '2016-10-18 07:21:33', '2016-10-26 08:47:12'),
(72, 'Challenger', 5, 'active', 100, '2016-10-17 07:58:53', '2016-10-26 18:37:04'),
(73, 'International', 6, 'active', 100, '2016-10-17 07:58:02', '2016-10-26 18:35:18'),
(74, 'Federation Cup', 5, 'active', 100, '2016-10-21 16:03:09', '2016-10-23 14:15:40'),
(75, 'Sweden', 15, 'active', 100, '2016-10-20 15:26:34', '2016-10-21 16:58:15'),
(77, 'Romania', 1, 'active', 100, '2016-10-18 07:23:14', '2016-10-26 13:07:04'),
(78, 'Bulgaria', 1, 'active', 100, '2016-10-18 07:16:12', '2016-10-26 08:53:25'),
(82, 'Rugby Union', 12, 'active', 100, '2016-10-17 08:09:42', '2016-10-26 18:31:12'),
(83, 'Rugby League', 12, 'active', 100, '2016-10-18 08:57:51', '2016-10-26 11:36:20'),
(84, 'Rally', 11, 'active', 100, '2016-10-18 11:14:14', '2016-10-18 11:14:14'),
(85, 'Malaysia', 1, 'active', 100, '2016-10-20 10:52:21', '2016-10-23 11:34:53'),
(86, 'Ukraine', 1, 'active', 100, '2016-10-17 07:58:53', '2016-10-26 13:19:14'),
(88, 'International', 20, 'active', 100, '2016-10-17 08:16:23', '2016-10-26 12:08:35'),
(91, 'Belarus', 1, 'active', 100, '2016-10-17 08:07:49', '2016-10-26 17:22:07'),
(92, 'Estonia', 1, 'active', 100, '2016-10-17 08:12:28', '2016-10-26 12:52:17'),
(93, 'Canada', 16, 'active', 100, '2016-10-18 07:35:40', '2016-10-22 10:12:51'),
(94, 'Norway Amateur', 1, 'active', 100, '2016-10-22 16:12:06', '2016-10-22 16:12:06'),
(95, 'Denmark Amateur', 1, 'active', 100, '2016-10-18 11:28:16', '2016-10-24 08:46:18'),
(97, 'Austria Amateur', 1, 'active', 100, '2016-10-17 08:19:06', '2016-10-26 17:22:07'),
(98, 'Slovakia', 4, 'active', 100, '2016-10-17 08:17:25', '2016-10-24 13:00:42'),
(99, 'China', 1, 'active', 100, '2016-10-18 07:18:11', '2016-10-26 11:14:45'),
(101, 'Russia', 4, 'active', 100, '2016-10-17 08:06:06', '2016-10-26 18:31:12'),
(102, 'Cyprus', 1, 'active', 100, '2016-10-18 08:37:05', '2016-10-26 18:31:11'),
(103, 'International', 2, 'active', 100, '2016-10-17 08:14:42', '2016-10-26 17:20:35'),
(104, 'International', 22, 'active', 100, '2016-10-17 08:00:34', '2016-10-26 11:38:47'),
(105, 'International', 21, 'active', 100, '2016-10-18 09:37:25', '2016-10-26 12:40:23'),
(107, 'Italy', 2, 'active', 100, '2016-10-17 08:24:47', '2016-10-24 11:40:45'),
(108, 'Greece', 2, 'active', 100, '2016-10-17 07:58:27', '2016-10-23 13:57:18'),
(109, 'Spain', 2, 'active', 100, '2016-10-17 07:58:27', '2016-10-26 09:03:23'),
(110, 'France', 2, 'active', 100, '2016-10-17 08:26:15', '2016-10-24 12:36:53'),
(111, 'Germany', 2, 'active', 100, '2016-10-18 07:21:45', '2016-10-24 11:46:44'),
(112, 'Turkey', 2, 'active', 100, '2016-10-18 07:18:48', '2016-10-24 10:15:49'),
(113, 'Australia', 2, 'active', 100, '2016-10-17 08:07:49', '2016-10-26 09:03:36'),
(114, 'Sweden', 2, 'active', 100, '2016-10-20 16:04:42', '2016-10-23 14:03:45'),
(115, 'Poland', 4, 'active', 100, '2016-10-18 09:31:32', '2016-10-26 13:21:00'),
(116, 'Finland', 6, 'active', 100, '2016-10-19 09:04:09', '2016-10-23 11:21:15'),
(117, 'England', 2, 'active', 100, '2016-10-18 07:27:23', '2016-10-24 10:09:54'),
(118, 'Alpine Men', 14, 'active', 100, '2016-10-19 07:10:30', '2016-10-26 11:37:32'),
(119, 'Alpine Women', 14, 'active', 100, '2016-10-19 10:20:50', '2016-10-26 11:37:32'),
(121, 'France', 6, 'active', 100, '2016-10-18 07:33:36', '2016-10-26 13:22:49'),
(122, 'Germany Amateur', 1, 'active', 100, '2016-10-17 08:15:45', '2016-10-26 18:34:07'),
(123, 'Germany', 23, 'active', 100, '2016-10-19 11:03:31', '2016-10-24 07:40:07'),
(125, 'Switzerland', 6, 'active', 100, '2016-10-18 09:36:21', '2016-10-22 12:51:50'),
(126, 'Italy', 23, 'active', 100, '2016-10-18 07:17:47', '2016-10-26 12:37:26'),
(128, 'Austria', 23, 'active', 100, '2016-10-18 07:24:04', '2016-10-26 11:31:01'),
(129, 'Spain', 23, 'active', 100, '2016-10-18 07:20:07', '2016-10-23 14:19:15'),
(130, 'Northern Ireland', 1, 'active', 100, '2016-10-17 08:40:43', '2016-10-23 10:51:44'),
(131, 'Wales', 1, 'active', 100, '2016-10-17 08:20:10', '2016-10-26 18:35:18'),
(134, 'Malta', 1, 'active', 100, '2016-10-18 09:40:12', '2016-10-26 18:31:12'),
(135, 'Finland', 23, 'active', 100, '2016-10-17 08:17:00', '2016-10-24 13:02:29'),
(136, 'International', 23, 'active', 100, '2016-10-18 08:56:08', '2016-10-24 08:42:46'),
(138, 'Switzerland', 23, 'active', 100, '2016-10-18 11:21:23', '2016-10-24 10:14:02'),
(140, 'Ski Jumping', 14, 'active', 100, '2016-10-19 15:30:31', '2016-10-26 08:52:39'),
(141, 'Biathlon Men', 14, 'active', 100, '2016-10-19 13:55:47', '2016-10-26 11:37:32'),
(142, 'Biathlon Women', 14, 'active', 100, '2016-10-19 13:55:47', '2016-10-26 11:37:32'),
(143, 'Cross-country Men', 14, 'active', 100, '2016-10-26 11:20:12', '2016-10-26 11:20:12'),
(148, 'New Zealand', 1, 'active', 100, '2016-10-18 07:31:07', '2016-10-24 12:41:38'),
(149, 'Finland', 2, 'active', 100, '2016-10-19 07:33:09', '2016-10-26 13:13:51'),
(150, 'Nascar', 11, 'active', 100, '2016-10-18 09:18:33', '2016-10-26 08:56:46'),
(151, 'Hungary', 6, 'active', 100, '2016-10-18 07:20:32', '2016-10-24 12:26:08'),
(152, 'Serbia', 1, 'active', 100, '2016-10-17 08:12:28', '2016-10-26 12:59:27'),
(154, 'Czech Republic', 2, 'active', 100, '2016-10-18 07:24:16', '2016-10-26 18:31:12'),
(155, 'Sweden Amateur', 1, 'active', 100, '2016-10-19 16:50:01', '2016-10-24 07:59:08'),
(157, 'Russia', 2, 'active', 100, '2016-10-18 07:27:48', '2016-10-24 07:56:46'),
(158, 'Bosnia & Herzegovina', 1, 'active', 100, '2016-10-18 07:48:32', '2016-10-26 12:50:32'),
(159, 'Macedonia', 1, 'active', 100, '2016-10-18 08:45:06', '2016-10-26 08:49:33'),
(160, 'Lithuania', 1, 'active', 100, '2016-10-18 09:40:12', '2016-10-26 12:49:17'),
(163, 'Latvia', 1, 'active', 100, '2016-10-18 08:34:45', '2016-10-26 11:30:59'),
(164, 'International', 26, 'active', 100, '2016-10-20 07:15:26', '2016-10-23 14:12:06'),
(165, 'Ecuador', 1, 'active', 100, '2016-10-17 08:00:22', '2016-10-26 12:53:26'),
(167, 'Denmark', 7, 'active', 100, '2016-10-21 13:14:53', '2016-10-24 12:14:44'),
(168, 'Lithuania', 2, 'active', 100, '2016-10-17 08:33:12', '2016-10-24 11:41:22'),
(170, 'Austria', 2, 'active', 100, '2016-10-18 07:20:07', '2016-10-26 13:21:00'),
(172, 'Italy', 26, 'active', 100, '2016-10-18 11:20:07', '2016-10-23 14:09:43'),
(173, 'Czech Republic', 6, 'active', 100, '2016-10-18 09:41:39', '2016-10-26 13:10:04'),
(176, 'Canada', 4, 'active', 100, '2016-10-17 08:13:49', '2016-10-26 11:29:15'),
(177, 'Sweden', 23, 'active', 100, '2016-10-18 09:31:32', '2016-10-24 08:40:59'),
(179, 'Greece', 23, 'active', 100, '2016-10-18 09:42:16', '2016-10-23 17:48:15'),
(180, 'France', 23, 'active', 100, '2016-10-18 07:34:02', '2016-10-26 11:26:48'),
(183, 'Spain', 29, 'active', 100, '2016-10-18 07:25:31', '2016-10-23 13:46:10'),
(185, 'Italy', 29, 'active', 100, '2016-10-18 07:21:58', '2016-10-22 15:27:19'),
(186, 'Portugal', 29, 'active', 100, '2016-10-18 07:24:41', '2016-10-26 13:16:14'),
(187, 'Czech Republic', 29, 'active', 100, '2016-10-19 08:52:49', '2016-10-26 18:31:12'),
(188, 'Israel', 2, 'active', 100, '2016-10-18 07:26:10', '2016-10-24 08:27:56'),
(189, 'Belgium', 2, 'active', 100, '2016-10-17 08:05:52', '2016-10-23 14:17:29'),
(190, 'Croatia', 2, 'active', 100, '2016-10-18 07:23:00', '2016-10-24 12:07:04'),
(191, 'Croatia', 29, 'active', 100, '2016-10-24 07:30:38', '2016-10-24 07:30:38'),
(192, 'Hungary', 29, 'active', 100, '2016-10-22 16:12:06', '2016-10-22 16:12:06'),
(194, 'Estonia', 2, 'active', 100, '2016-10-18 09:42:16', '2016-10-24 10:52:38'),
(195, 'Turkey', 23, 'active', 100, '2016-10-21 13:57:17', '2016-10-26 13:28:42'),
(196, 'Czech Republic', 23, 'active', 100, '2016-10-18 07:31:31', '2016-10-24 13:00:05'),
(197, 'Luxembourg', 1, 'active', 100, '2016-10-18 09:06:43', '2016-10-24 12:42:13'),
(198, 'DTM', 11, 'active', 100, '2016-10-18 11:00:43', '2016-10-18 11:44:20'),
(199, 'Denmark', 23, 'active', 100, '2016-10-18 09:17:54', '2016-10-24 08:25:33'),
(201, 'Faroe Islands', 1, 'active', 100, '2016-10-18 08:38:58', '2016-10-22 15:56:29'),
(202, 'Brazil', 29, 'active', 100, '2016-10-18 07:33:36', '2016-10-22 10:45:06'),
(211, 'Japan', 3, 'active', 100, '2016-10-17 08:02:28', '2016-10-23 17:30:05'),
(213, 'ITF Women', 5, 'active', 100, '2016-10-17 08:00:34', '2016-10-26 18:36:34'),
(214, 'Croatia', 6, 'active', 100, '2016-10-18 09:36:47', '2016-10-23 14:15:40'),
(242, 'France', 4, 'active', 100, '2016-10-18 07:28:12', '2016-10-24 09:16:32'),
(244, 'Denmark', 2, 'active', 100, '2016-10-19 07:34:58', '2016-10-24 07:34:46'),
(245, 'Iceland', 6, 'active', 100, '2016-10-18 09:58:50', '2016-10-26 13:19:16'),
(249, 'Greece', 6, 'active', 100, '2016-10-18 11:22:25', '2016-10-24 11:23:01'),
(250, 'International', 29, 'active', 100, '2016-10-22 16:12:06', '2016-10-22 16:12:06'),
(252, 'England Amateur', 1, 'active', 100, '2016-10-17 08:23:17', '2016-10-26 17:22:09'),
(254, 'Turkey Amateur', 1, 'active', 100, '2016-10-18 08:11:33', '2016-10-24 08:38:37'),
(256, 'Belgium', 23, 'active', 100, '2016-10-18 07:32:35', '2016-10-23 14:18:04'),
(257, 'Albania', 1, 'active', 100, '2016-10-18 11:29:46', '2016-10-26 17:20:35'),
(258, 'Latvia', 2, 'active', 100, '2016-10-18 09:37:13', '2016-10-26 09:02:55'),
(259, 'International', 31, 'active', 100, '2016-10-17 07:58:02', '2016-10-26 13:28:42'),
(262, 'Russia', 23, 'active', 100, '2016-10-17 08:05:52', '2016-10-26 13:18:02'),
(263, 'Brazil', 2, 'active', 100, '2016-10-20 16:00:33', '2016-10-24 13:32:52'),
(264, 'Argentina', 2, 'active', 100, '2016-10-17 07:58:01', '2016-10-26 18:31:12'),
(265, 'Portugal', 23, 'active', 100, '2016-10-18 10:34:58', '2016-10-18 10:34:58'),
(267, 'Ukraine', 2, 'active', 100, '2016-10-18 10:34:33', '2016-10-24 08:17:42'),
(269, 'Russia', 29, 'active', 100, '2016-10-20 07:41:44', '2016-10-24 13:05:28'),
(270, 'Georgia', 1, 'active', 100, '2016-10-18 11:28:29', '2016-10-24 08:36:12'),
(274, 'Colombia', 1, 'active', 100, '2016-10-17 08:02:01', '2016-10-24 13:32:52'),
(275, 'Belarus', 4, 'active', 100, '2016-10-20 06:41:31', '2016-10-23 12:02:05'),
(278, 'Kazakhstan', 1, 'active', 100, '2016-10-18 08:27:38', '2016-10-23 18:05:45'),
(279, 'Moldova', 1, 'active', 100, '2016-10-18 09:53:30', '2016-10-26 18:26:45'),
(280, 'Paraguay', 1, 'active', 100, '2016-10-17 08:00:22', '2016-10-24 12:33:51'),
(281, 'Venezuela', 1, 'active', 100, '2016-10-17 08:12:28', '2016-10-24 12:38:40'),
(283, 'Croatia', 23, 'active', 100, '2016-10-20 08:02:01', '2016-10-24 10:33:01'),
(284, 'Poland', 2, 'active', 100, '2016-10-18 07:17:33', '2016-10-24 11:42:35'),
(285, 'Hungary', 2, 'active', 100, '2016-10-22 16:12:06', '2016-10-22 16:12:06'),
(286, 'Portugal', 6, 'active', 100, '2016-10-18 08:09:28', '2016-10-23 15:36:47'),
(287, 'Portugal', 2, 'active', 100, '2016-10-18 07:17:59', '2016-10-24 11:45:31'),
(288, 'Serbia', 2, 'active', 100, '2016-10-18 09:48:17', '2016-10-23 14:10:18'),
(289, 'Costa Rica', 1, 'active', 100, '2016-10-17 08:09:55', '2016-10-24 13:18:37'),
(291, 'South Korea', 1, 'active', 100, '2016-10-17 08:12:28', '2016-10-26 12:05:35'),
(292, 'Slovenia', 2, 'active', 100, '2016-10-19 10:21:26', '2016-10-26 11:29:15'),
(296, 'Armenia', 1, 'active', 100, '2016-10-17 08:22:40', '2016-10-26 08:50:07'),
(297, 'Azerbaijan', 1, 'active', 100, '2016-10-18 09:37:25', '2016-10-26 12:41:37'),
(298, 'Romania', 6, 'active', 100, '2016-10-18 10:37:23', '2016-10-26 11:56:51'),
(299, 'United Arab Emirates', 1, 'active', 100, '2016-10-17 08:44:58', '2016-10-24 08:12:19'),
(300, 'Slovakia', 6, 'active', 100, '2016-10-18 07:28:51', '2016-10-23 13:37:49'),
(301, 'Iran', 1, 'active', 100, '2016-10-17 08:12:28', '2016-10-26 18:36:34'),
(302, 'Russia', 6, 'active', 100, '2016-10-18 11:44:20', '2016-10-23 12:02:05'),
(303, 'Morocco', 1, 'active', 100, '2016-10-18 09:17:28', '2016-10-26 13:11:17'),
(304, 'Algeria', 1, 'active', 100, '2016-10-19 15:05:32', '2016-10-23 14:04:21'),
(305, 'Egypt', 1, 'active', 100, '2016-10-20 09:28:49', '2016-10-26 11:29:14'),
(307, 'England', 4, 'active', 100, '2016-10-18 07:16:00', '2016-10-24 08:36:50'),
(310, 'Saudi Arabia', 1, 'active', 100, '2016-10-19 11:17:49', '2016-10-21 15:58:21'),
(311, 'Poland', 6, 'active', 100, '2016-10-18 09:34:40', '2016-10-22 08:56:36'),
(312, 'Switzerland', 2, 'active', 100, '2016-10-18 07:20:56', '2016-10-24 09:04:04'),
(313, 'Poland', 23, 'active', 100, '2016-10-17 08:43:12', '2016-10-26 09:01:57'),
(322, 'South Africa', 1, 'active', 100, '2016-10-17 08:12:28', '2016-10-26 13:13:15'),
(323, 'Hungary', 26, 'active', 100, '2016-10-18 08:56:47', '2016-10-24 13:07:18'),
(324, 'Romania', 2, 'active', 100, '2016-10-20 15:26:34', '2016-10-23 11:22:26'),
(325, 'Slovenia', 6, 'active', 100, '2016-10-18 07:30:29', '2016-10-23 14:10:54'),
(328, 'Netherlands', 2, 'active', 100, '2016-10-18 07:21:09', '2016-10-23 18:51:54'),
(329, 'Jordan', 1, 'active', 100, '2016-10-21 06:57:23', '2016-10-21 06:59:10'),
(331, 'Kuwait', 1, 'active', 100, '2016-10-20 08:55:26', '2016-10-22 08:20:38'),
(332, 'Bulgaria', 23, 'active', 100, '2016-10-18 11:51:59', '2016-10-24 09:05:16'),
(339, 'Hong Kong', 1, 'active', 100, '2016-10-18 07:37:55', '2016-10-24 12:08:15'),
(340, 'Serbia', 23, 'active', 100, '2016-10-18 08:38:21', '2016-10-24 10:52:38'),
(351, 'Bahrain', 1, 'active', 100, '2016-10-21 09:45:55', '2016-10-21 11:08:33'),
(352, 'India', 1, 'active', 100, '2016-10-17 08:14:17', '2016-10-26 13:13:15'),
(353, 'Qatar', 1, 'active', 100, '2016-10-18 10:59:15', '2016-10-26 12:53:26'),
(365, 'Guatemala', 1, 'active', 100, '2016-10-18 07:48:44', '2016-10-26 11:27:50'),
(366, 'Vietnam', 1, 'active', 100, '2016-10-26 07:53:41', '2016-10-26 07:53:41'),
(367, 'El Salvador', 1, 'active', 100, '2016-10-17 08:08:13', '2016-10-24 13:19:48'),
(368, 'Indonesia', 1, 'active', 100, '2016-10-18 09:06:18', '2016-10-24 08:35:01'),
(371, 'International', 37, 'active', 100, '2016-10-17 08:25:12', '2016-10-19 10:10:41'),
(372, 'Bulgaria', 2, 'active', 100, '2016-10-20 16:00:33', '2016-10-23 11:20:39'),
(373, 'Brazil', 23, 'active', 100, '2016-10-22 16:12:06', '2016-10-26 18:28:07'),
(374, 'Argentina', 23, 'active', 100, '2016-10-23 10:22:57', '2016-10-23 10:22:57'),
(375, 'South Korea', 2, 'active', 100, '2016-10-19 10:05:15', '2016-10-26 18:29:19'),
(376, 'Andorra', 1, 'active', 100, '2016-10-18 11:21:59', '2016-10-24 12:42:13'),
(378, 'Tunisia', 1, 'active', 100, '2016-10-18 07:57:40', '2016-10-24 08:09:20'),
(379, 'Bolivia', 1, 'active', 100, '2016-10-18 07:31:43', '2016-10-26 12:50:32'),
(380, 'Syria', 1, 'active', 100, '2016-10-22 16:12:06', '2016-10-22 16:12:06'),
(383, 'Slovakia', 2, 'active', 100, '2016-10-18 07:18:23', '2016-10-26 12:56:27'),
(384, 'South Korea', 3, 'active', 100, '2016-10-17 08:14:30', '2016-10-24 09:07:38'),
(385, 'Uzbekistan', 1, 'active', 100, '2016-10-19 07:08:21', '2016-10-22 15:14:56'),
(386, 'Montenegro', 1, 'active', 100, '2016-10-21 09:58:58', '2016-10-26 09:09:10'),
(387, 'San Marino', 1, 'active', 100, '2016-10-18 08:09:54', '2016-10-21 06:59:10'),
(388, 'Canada', 1, 'active', 100, '2016-10-18 08:51:44', '2016-10-24 13:06:41'),
(389, 'Nicaragua', 1, 'active', 100, '2016-10-26 07:53:41', '2016-10-26 07:53:41'),
(392, 'International Youth', 1, 'active', 100, '2016-10-18 09:09:56', '2016-10-26 13:21:00'),
(393, 'International Clubs', 1, 'active', 100, '2016-10-18 07:20:56', '2016-10-26 12:40:23'),
(394, 'Czech Republic', 7, 'active', 100, '2016-10-18 09:38:14', '2016-10-26 11:17:13'),
(395, 'Mexico', 2, 'active', 100, '2016-10-18 07:22:36', '2016-10-24 10:21:45'),
(396, 'Switzerland', 7, 'active', 100, '2016-10-18 09:28:13', '2016-10-23 14:15:40'),
(398, 'Romania', 23, 'active', 100, '2016-10-22 16:12:06', '2016-10-22 16:12:06'),
(402, 'Ukraine', 6, 'active', 100, '2016-10-22 16:12:06', '2016-10-22 16:12:06'),
(403, 'Serbia', 6, 'active', 100, '2016-10-20 16:00:33', '2016-10-23 15:36:35'),
(406, 'Ukraine', 23, 'active', 100, '2016-10-23 10:22:57', '2016-10-23 10:22:57'),
(408, 'Estonia', 6, 'active', 100, '2016-10-22 16:12:06', '2016-10-22 16:12:06'),
(410, 'Israel', 6, 'active', 100, '2016-10-19 13:30:35', '2016-10-26 12:43:22'),
(414, 'Italy', 6, 'active', 100, '2016-10-24 07:30:38', '2016-10-24 07:30:38'),
(415, 'Oman', 1, 'active', 100, '2016-10-19 09:07:08', '2016-10-24 10:15:13'),
(421, 'Spain Amateur', 1, 'active', 100, '2016-10-23 14:17:10', '2016-10-23 14:17:10'),
(423, 'Cyprus', 2, 'active', 100, '2016-10-24 07:30:38', '2016-10-24 07:30:38'),
(428, 'Lebanon', 1, 'active', 100, '2016-10-17 08:32:22', '2016-10-24 10:14:38'),
(429, 'Poland', 29, 'active', 100, '2016-10-23 10:22:57', '2016-10-23 10:22:57'),
(430, 'Venezuela', 3, 'active', 100, '2016-10-23 11:47:36', '2016-10-23 11:47:36'),
(437, 'Honduras', 1, 'active', 100, '2016-10-18 08:01:47', '2016-10-24 11:52:10'),
(447, 'South Korea', 23, 'active', 100, '2016-10-18 07:18:23', '2016-10-26 08:56:46'),
(457, 'Slovakia', 23, 'active', 100, '2016-10-18 08:40:24', '2016-10-24 09:22:29'),
(460, 'Slovenia', 23, 'active', 100, '2016-10-22 16:12:06', '2016-10-22 16:12:06'),
(461, 'Slovakia', 29, 'active', 100, '2016-10-23 10:22:57', '2016-10-23 10:22:57'),
(463, 'Greece', 29, 'active', 100, '2016-10-24 07:30:38', '2016-10-24 07:30:38'),
(469, 'Bangladesh', 1, 'active', 100, '2016-10-22 16:12:06', '2016-10-22 16:12:06'),
(476, 'Sudan', 1, 'active', 100, '2016-10-26 07:53:41', '2016-10-26 07:53:41'),
(483, 'Japan', 2, 'active', 100, '2016-10-17 08:36:23', '2016-10-23 18:05:20'),
(485, 'Thailand', 1, 'active', 100, '2016-10-23 11:47:36', '2016-10-23 11:47:36'),
(487, 'Romania', 4, 'active', 100, '2016-10-23 10:22:57', '2016-10-23 10:22:57'),
(491, 'Australia', 21, 'active', 100, '2016-10-17 08:14:30', '2016-10-26 13:02:29'),
(500, 'Angola', 1, 'active', 100, '2016-10-24 12:45:43', '2016-10-24 12:45:44'),
(502, 'Jamaica', 1, 'active', 100, '2016-10-18 08:30:07', '2016-10-26 12:56:26'),
(526, 'Panama', 1, 'active', 100, '2016-10-18 07:20:56', '2016-10-24 11:43:11'),
(527, 'Trinidad and Tobago', 1, 'active', 100, '2016-10-23 10:22:57', '2016-10-23 10:22:57'),
(537, 'Romania', 29, 'active', 100, '2016-10-23 10:22:57', '2016-10-23 10:22:57'),
(538, 'Australia', 23, 'active', 100, '2016-10-23 11:47:36', '2016-10-23 11:47:36'),
(539, 'Philippines', 2, 'active', 100, '2016-10-17 08:22:15', '2016-10-19 14:27:29'),
(540, 'Palestine', 1, 'active', 100, '2016-10-19 16:50:37', '2016-10-24 10:14:38'),
(541, 'International Clubs', 29, 'active', 100, '2016-10-18 07:17:59', '2016-10-18 07:20:44'),
(545, 'Saudi Arabia', 23, 'active', 100, '2016-10-24 07:30:38', '2016-10-24 07:30:38'),
(546, 'Iceland', 2, 'active', 100, '2016-10-19 14:16:08', '2016-10-24 07:34:46'),
(548, 'China', 2, 'active', 100, '2016-10-22 16:12:06', '2016-10-22 16:12:06'),
(549, 'Uruguay', 2, 'active', 100, '2016-10-22 16:12:06', '2016-10-22 16:12:06'),
(565, 'Kosovo', 1, 'active', 100, '2016-10-18 11:44:20', '2016-10-26 08:56:46'),
(574, 'Cyprus', 23, 'active', 100, '2016-10-23 10:22:57', '2016-10-23 10:22:57'),
(575, 'Kuwait', 6, 'active', 100, '2016-10-26 07:53:41', '2016-10-26 07:53:41'),
(586, 'Slovenia', 29, 'active', 100, '2016-10-23 10:22:57', '2016-10-23 10:22:57'),
(587, 'Ukraine', 29, 'active', 100, '2016-10-23 10:22:57', '2016-10-23 10:22:57'),
(591, 'Sweden', 37, 'active', 100, '2016-10-26 12:39:23', '2016-10-26 12:39:23'),
(596, 'Bahrain', 23, 'active', 100, '2016-10-24 07:30:38', '2016-10-24 07:30:38'),
(714, 'Peru', 23, 'active', 100, '2016-10-23 11:47:36', '2016-10-23 11:47:36'),
(729, 'Cyprus', 29, 'active', 100, '2016-10-22 16:12:06', '2016-10-22 16:12:06'),
(741, 'Belarus', 29, 'active', 100, '2016-10-23 13:32:09', '2016-10-23 13:32:09'),
(743, 'Serbia', 29, 'active', 100, '2016-10-23 10:22:57', '2016-10-23 10:22:57'),
(744, 'South Africa', 21, 'active', 100, '2016-10-19 15:56:15', '2016-10-23 14:19:15'),
(761, 'Ukraine', 4, 'active', 100, '2016-10-22 16:12:06', '2016-10-22 16:12:06'),
(767, 'Syria', 2, 'active', 100, '2016-10-23 10:22:57', '2016-10-23 10:22:57'),
(780, 'Indonesia', 2, 'active', 100, '2016-10-23 11:37:37', '2016-10-23 11:37:37'),
(782, 'UAE', 23, 'active', 100, '2016-10-22 16:12:06', '2016-10-22 16:12:06'),
(785, 'ITF Men', 5, 'active', 100, '2016-10-17 08:00:22', '2016-10-26 18:36:35'),
(803, 'Tanzania', 1, 'active', 100, '2016-10-18 11:47:59', '2016-10-24 11:12:56'),
(805, 'Kenya', 1, 'active', 100, '2016-10-19 07:41:40', '2016-10-24 10:14:38'),
(810, 'Kazakhstan', 4, 'active', 100, '2016-10-26 07:53:41', '2016-10-26 07:53:41'),
(811, 'Kazakhstan', 23, 'active', 100, '2016-10-24 08:52:09', '2016-10-24 08:52:09'),
(812, 'Zambia', 1, 'active', 100, '2016-10-18 11:54:43', '2016-10-24 10:14:38'),
(813, 'Belarus', 2, 'active', 100, '2016-10-23 10:22:57', '2016-10-23 10:22:57'),
(814, 'USA', 23, 'active', 100, '2016-10-24 07:30:38', '2016-10-24 07:30:38'),
(818, 'Georgia', 2, 'active', 100, '2016-10-23 10:22:57', '2016-10-23 10:22:57'),
(824, 'Uganda', 1, 'active', 100, '2016-10-23 10:22:57', '2016-10-23 10:22:57'),
(826, 'Croatia', 4, 'active', 100, '2016-10-22 16:12:06', '2016-10-22 16:12:06'),
(828, 'Chile', 2, 'active', 100, '2016-10-18 07:20:07', '2016-10-23 17:17:48'),
(836, 'Lithuania', 4, 'active', 100, '2016-10-22 16:12:06', '2016-10-22 16:12:06'),
(838, 'Qatar', 23, 'active', 100, '2016-10-26 07:53:41', '2016-10-26 07:53:41'),
(844, 'Puerto Rico', 2, 'active', 100, '2016-10-26 07:53:41', '2016-10-26 07:53:41'),
(847, 'Philippines', 1, 'active', 100, '2016-10-18 07:30:04', '2016-10-23 11:06:29'),
(860, 'Philippines', 23, 'active', 100, '2016-10-23 11:47:36', '2016-10-23 11:47:36'),
(872, 'Vietnam', 23, 'active', 100, '2016-10-22 16:12:06', '2016-10-22 16:12:06'),
(877, 'Algeria', 23, 'active', 100, '2016-10-23 17:40:40', '2016-10-23 17:40:40'),
(885, 'Bahrain', 2, 'active', 100, '2016-10-26 07:53:41', '2016-10-26 07:53:41'),
(919, 'Qatar', 6, 'active', 100, '2016-10-22 16:12:06', '2016-10-22 16:12:06'),
(923, 'Japan', 29, 'active', 100, '2016-10-18 09:22:29', '2016-10-23 18:05:57'),
(933, 'Bahrain', 6, 'active', 100, '2016-10-22 16:12:06', '2016-10-22 16:12:06'),
(938, 'Gibraltar', 1, 'active', 100, '2016-10-21 16:29:45', '2016-10-24 12:55:56'),
(951, 'Rwanda', 1, 'active', 100, '2016-10-23 10:22:57', '2016-10-23 10:22:57'),
(983, 'Thailand', 29, 'active', 100, '2016-10-23 11:47:36', '2016-10-23 11:47:36'),
(1090, 'Bellator', 117, 'active', 100, '2016-10-21 17:26:38', '2016-10-22 11:34:15'),
(1399, 'Vietnam', 2, 'active', 100, '2016-10-24 09:43:30', '2016-10-24 09:43:30');

-- --------------------------------------------------------

--
-- Table structure for table `xml_event`
--

CREATE TABLE `xml_event` (
  `id` int(10) UNSIGNED NOT NULL,
  `startDate` datetime NOT NULL,
  `sportID` int(11) NOT NULL,
  `leagueID` int(11) DEFAULT NULL,
  `locationID` int(11) NOT NULL,
  `homeTeamID` int(11) DEFAULT NULL,
  `awayTeamID` int(11) DEFAULT NULL,
  `name` varchar(255) DEFAULT NULL,
  `status` enum('active','passive') NOT NULL,
  `time` varchar(25) DEFAULT NULL,
  `neutralGround` varchar(50) DEFAULT NULL,
  `cupRound` varchar(50) DEFAULT NULL,
  `round` varchar(50) DEFAULT NULL,
  `matchnr` varchar(50) DEFAULT NULL,
  `seriesResult` varchar(50) DEFAULT NULL,
  `roundID` int(11) DEFAULT NULL,
  `numberOfSet` int(11) DEFAULT NULL,
  `type` enum('event','tournament') NOT NULL,
  `maxlimit` decimal(65,2) NOT NULL DEFAULT '100.00',
  `feed` enum('manual','auto') NOT NULL DEFAULT 'auto',
  `created_at` timestamp NULL DEFAULT NULL,
  `updated_at` timestamp NULL DEFAULT NULL
) ENGINE=InnoDB DEFAULT CHARSET=utf8;

-- --------------------------------------------------------

--
-- Table structure for table `xml_feed`
--

CREATE TABLE `xml_feed` (
  `id` int(10) UNSIGNED NOT NULL,
  `xml` varchar(255) NOT NULL,
  `status` enum('success','fail','waiting') NOT NULL,
  `created_at` timestamp NULL DEFAULT NULL,
  `updated_at` timestamp NULL DEFAULT NULL
) ENGINE=InnoDB DEFAULT CHARSET=utf8;

-- --------------------------------------------------------

--
-- Table structure for table `xml_league`
--

CREATE TABLE `xml_league` (
  `id` int(10) UNSIGNED NOT NULL,
  `name` varchar(255) NOT NULL,
  `locationID` int(11) NOT NULL,
  `sportID` int(11) NOT NULL,
  `min_event` int(11) NOT NULL DEFAULT '1',
  `won_limit` decimal(65,2) NOT NULL DEFAULT '100000.00',
  `customer_limit` decimal(65,2) NOT NULL DEFAULT '500.00',
  `profit` decimal(65,2) NOT NULL DEFAULT '0.00',
  `type` enum('event','tournament') NOT NULL,
  `status` enum('active','passive') NOT NULL,
  `isMinor` enum('yes','no') NOT NULL DEFAULT 'no',
  `order_id` int(11) NOT NULL DEFAULT '100',
  `created_at` timestamp NULL DEFAULT NULL,
  `updated_at` timestamp NULL DEFAULT NULL
) ENGINE=InnoDB DEFAULT CHARSET=utf8;

-- --------------------------------------------------------

--
-- Table structure for table `xml_limit`
--

CREATE TABLE `xml_limit` (
  `id` int(10) UNSIGNED NOT NULL,
  `site_id` int(10) UNSIGNED NOT NULL,
  `type` varchar(255) NOT NULL,
  `type_id` int(11) NOT NULL,
  `min_event` int(11) DEFAULT NULL,
  `won_limit` decimal(65,2) DEFAULT NULL,
  `customer_limit` decimal(65,2) DEFAULT NULL,
  `maxlimit` decimal(65,2) DEFAULT NULL,
  `profit` decimal(65,2) DEFAULT NULL,
  `status` enum('active','passive') DEFAULT NULL,
  `order_id` int(11) DEFAULT NULL,
  `feed` enum('manual','auto') DEFAULT NULL,
  `created_at` timestamp NULL DEFAULT NULL,
  `updated_at` timestamp NULL DEFAULT NULL
) ENGINE=InnoDB DEFAULT CHARSET=utf8;

-- --------------------------------------------------------

--
-- Table structure for table `xml_outcome`
--

CREATE TABLE `xml_outcome` (
  `id` int(10) UNSIGNED NOT NULL,
  `eventID` int(11) NOT NULL,
  `oddsType` int(11) NOT NULL,
  `outcome` varchar(255) NOT NULL,
  `line` varchar(255) DEFAULT NULL,
  `group_name` varchar(255) DEFAULT NULL,
  `group_order` int(11) DEFAULT NULL,
  `value` double(10,2) NOT NULL,
  `status` enum('active','passive') NOT NULL,
  `created_at` timestamp NULL DEFAULT NULL,
  `updated_at` timestamp NULL DEFAULT NULL
) ENGINE=InnoDB DEFAULT CHARSET=utf8;

-- --------------------------------------------------------

--
-- Table structure for table `xml_sport`
--

CREATE TABLE `xml_sport` (
  `id` int(10) UNSIGNED NOT NULL,
  `name` varchar(255) NOT NULL,
  `status` enum('active','passive') NOT NULL,
  `order_id` int(11) NOT NULL DEFAULT '100',
  `created_at` timestamp NULL DEFAULT NULL,
  `updated_at` timestamp NULL DEFAULT NULL
) ENGINE=InnoDB DEFAULT CHARSET=utf8;

--
-- Dumping data for table `xml_sport`
--

INSERT INTO `xml_sport` (`id`, `name`, `status`, `order_id`, `created_at`, `updated_at`) VALUES
(1, 'Soccer', 'active', 1, NULL, NULL),
(2, 'Basketball', 'active', 2, NULL, NULL),
(3, 'Baseball', 'active', 3, NULL, NULL),
(4, 'Ice Hockey', 'active', 4, NULL, NULL),
(5, 'Tennis', 'active', 5, NULL, NULL),
(6, 'Handball', 'active', 6, NULL, NULL),
(7, 'Floorball', 'active', 7, NULL, NULL),
(8, 'Trotting', 'active', 8, NULL, NULL),
(9, 'Golf', 'active', 9, NULL, NULL),
(10, 'Boxing', 'active', 10, NULL, NULL),
(11, 'Motor Sport', 'active', 11, NULL, NULL),
(12, 'Rugby', 'active', 12, NULL, NULL),
(13, 'Aussie Rules', 'active', 13, NULL, NULL),
(14, 'Winter Sports', 'active', 14, NULL, NULL),
(15, 'Bandy', 'active', 15, NULL, NULL),
(16, 'Football', 'active', 16, NULL, NULL),
(17, 'Cycling', 'active', 17, NULL, NULL),
(18, 'Specials', 'active', 18, NULL, NULL),
(19, 'Snooker', 'active', 19, NULL, NULL),
(20, 'Table Tennis', 'active', 20, NULL, NULL),
(21, 'Cricket', 'active', 21, NULL, NULL),
(22, 'Darts', 'active', 22, NULL, NULL),
(23, 'Volleyball', 'active', 23, NULL, NULL),
(24, 'Field Hockey', 'active', 24, NULL, NULL),
(25, 'Pool', 'active', 25, NULL, NULL),
(26, 'Waterpolo', 'active', 26, NULL, NULL),
(27, 'Gaelic Sports', 'active', 27, NULL, NULL),
(28, 'Curling', 'active', 28, NULL, NULL),
(29, 'Futsal', 'active', 29, NULL, NULL),
(30, 'Olympics', 'active', 30, NULL, NULL),
(31, 'Badminton', 'active', 31, NULL, NULL),
(32, 'Bowls', 'active', 32, NULL, NULL),
(33, 'Chess', 'active', 33, NULL, NULL),
(34, 'Beach Volley', 'active', 34, NULL, NULL),
(35, 'Netball', 'active', 35, NULL, NULL),
(36, 'Athletics', 'active', 36, NULL, NULL),
(37, 'Squash', 'active', 37, NULL, NULL),
(38, 'Rink Hockey', 'active', 38, NULL, NULL),
(39, 'Lacrosse', 'active', 39, NULL, NULL),
(40, 'Formula 1', 'active', 40, NULL, NULL),
(44, 'Biathlon', 'active', 44, NULL, NULL),
(52, 'Swimming', 'active', 52, NULL, NULL),
(54, 'Softball', 'active', 54, NULL, NULL),
(55, 'Horse Racing', 'active', 55, NULL, NULL),
(56, 'Schwingen', 'active', 56, NULL, NULL),
(57, 'Inline Hockey', 'active', 57, NULL, NULL),
(58, 'Greyhound', 'active', 58, NULL, NULL),
(59, 'Rugby League', 'active', 59, NULL, NULL),
(60, 'Beach Soccer', 'active', 60, NULL, NULL),
(61, 'Pesapallo', 'active', 61, NULL, NULL),
(62, 'Streethockey', 'active', 62, NULL, NULL),
(64, 'Rowing', 'active', 64, NULL, NULL),
(71, 'Pádel', 'active', 71, NULL, NULL),
(72, 'Canoeing', 'active', 72, NULL, NULL),
(73, 'Horseball', 'active', 73, NULL, NULL),
(75, 'Archery', 'active', 75, NULL, NULL),
(78, 'Gymnastics', 'active', 78, NULL, NULL),
(79, 'Judo', 'active', 79, NULL, NULL),
(82, 'Shooting', 'active', 82, NULL, NULL),
(85, 'Weightlifting', 'active', 85, NULL, NULL),
(86, 'Wrestling', 'active', 86, NULL, NULL),
(87, 'Olympics Youth', 'active', 87, NULL, NULL),
(90, 'Surfing', 'active', 90, NULL, NULL),
(96, 'Diving', 'active', 96, NULL, NULL),
(98, 'Beach Tennis', 'active', 98, NULL, NULL),
(99, 'Sumo', 'active', 99, NULL, NULL),
(107, 'E-sport', 'active', 107, NULL, NULL),
(108, 'World Lottery', 'active', 108, NULL, NULL),
(109, 'ESport Counter-Strike', 'active', 109, NULL, NULL),
(110, 'ESport League of Legends', 'active', 110, NULL, NULL),
(111, 'ESport Dota', 'active', 111, NULL, NULL),
(112, 'ESport StarCraft', 'active', 112, NULL, NULL),
(113, 'ESport Hearthstone', 'active', 113, NULL, NULL),
(114, 'ESport Heroes of the Storm', 'active', 114, NULL, NULL),
(115, 'ESport World of Tanks', 'active', 115, NULL, NULL),
(116, 'Polo', 'active', 116, NULL, NULL),
(117, 'MMA', 'active', 117, NULL, NULL),
(118, 'ESport Call of Duty', 'active', 118, NULL, NULL);

-- --------------------------------------------------------

--
-- Table structure for table `xml_team`
--

CREATE TABLE `xml_team` (
  `id` int(10) UNSIGNED NOT NULL,
  `name` varchar(255) NOT NULL,
  `superID` int(11) DEFAULT NULL,
  `sportID` int(11) NOT NULL,
  `created_at` timestamp NULL DEFAULT NULL,
  `updated_at` timestamp NULL DEFAULT NULL
) ENGINE=InnoDB DEFAULT CHARSET=utf8;

--
-- Indexes for dumped tables
--

--
-- Indexes for table `bank_type`
--
ALTER TABLE `bank_type`
  ADD PRIMARY KEY (`id`),
  ADD KEY `bank_type_site_id_foreign` (`site_id`);

--
-- Indexes for table `bet_clear_result`
--
ALTER TABLE `bet_clear_result`
  ADD PRIMARY KEY (`id`);

--
-- Indexes for table `blacklist`
--
ALTER TABLE `blacklist`
  ADD PRIMARY KEY (`id`),
  ADD KEY `blacklist_site_id_foreign` (`site_id`),
  ADD KEY `blacklist_user_id_foreign` (`user_id`),
  ADD KEY `blacklist_doer_id_foreign` (`doer_id`);

--
-- Indexes for table `bonus_history`
--
ALTER TABLE `bonus_history`
  ADD PRIMARY KEY (`id`),
  ADD KEY `bonus_history_site_id_foreign` (`site_id`),
  ADD KEY `bonus_history_user_id_foreign` (`user_id`),
  ADD KEY `bonus_history_doer_id_foreign` (`doer_id`),
  ADD KEY `bonus_history_bonus_id_foreign` (`bonus_id`),
  ADD KEY `bonus_history_transaction_id_foreign` (`transaction_id`);

--
-- Indexes for table `bonus_setting`
--
ALTER TABLE `bonus_setting`
  ADD PRIMARY KEY (`id`),
  ADD KEY `bonus_setting_site_id_foreign` (`site_id`);

--
-- Indexes for table `casino_category`
--
ALTER TABLE `casino_category`
  ADD PRIMARY KEY (`id`),
  ADD KEY `casino_category_site_id_foreign` (`site_id`);

--
-- Indexes for table `casino_game`
--
ALTER TABLE `casino_game`
  ADD PRIMARY KEY (`id`),
  ADD KEY `casino_game_site_id_foreign` (`site_id`),
  ADD KEY `casino_game_category_id_foreign` (`category_id`),
  ADD KEY `casino_game_casino_provider_id_foreign` (`casino_provider_id`);

--
-- Indexes for table `casino_provider`
--
ALTER TABLE `casino_provider`
  ADD PRIMARY KEY (`id`),
  ADD KEY `casino_provider_site_id_foreign` (`site_id`);

--
-- Indexes for table `cepci`
--
ALTER TABLE `cepci`
  ADD PRIMARY KEY (`id`),
  ADD KEY `cepci_site_id_foreign` (`site_id`);

--
-- Indexes for table `city`
--
ALTER TABLE `city`
  ADD PRIMARY KEY (`id`);

--
-- Indexes for table `cms_category`
--
ALTER TABLE `cms_category`
  ADD PRIMARY KEY (`id`),
  ADD KEY `cms_category_site_id_foreign` (`site_id`);

--
-- Indexes for table `cms_content`
--
ALTER TABLE `cms_content`
  ADD PRIMARY KEY (`id`),
  ADD KEY `cms_content_site_id_foreign` (`site_id`),
  ADD KEY `cms_content_cms_category_id_foreign` (`cms_category_id`);

--
-- Indexes for table `contact`
--
ALTER TABLE `contact`
  ADD PRIMARY KEY (`id`),
  ADD KEY `contact_site_id_foreign` (`site_id`),
  ADD KEY `contact_from_foreign` (`from`),
  ADD KEY `contact_to_foreign` (`to`);

--
-- Indexes for table `core_user`
--
ALTER TABLE `core_user`
  ADD PRIMARY KEY (`id`);

--
-- Indexes for table `country`
--
ALTER TABLE `country`
  ADD PRIMARY KEY (`id`);

--
-- Indexes for table `coupon`
--
ALTER TABLE `coupon`
  ADD PRIMARY KEY (`id`),
  ADD KEY `coupon_site_id_foreign` (`site_id`),
  ADD KEY `coupon_user_id_foreign` (`user_id`),
  ADD KEY `coupon_transaction_id_foreign` (`transaction_id`);

--
-- Indexes for table `coupon_detail`
--
ALTER TABLE `coupon_detail`
  ADD PRIMARY KEY (`id`),
  ADD KEY `coupon_detail_site_id_foreign` (`site_id`),
  ADD KEY `coupon_detail_user_id_foreign` (`user_id`),
  ADD KEY `coupon_detail_coupon_id_foreign` (`coupon_id`);

--
-- Indexes for table `coupon_detail_sbTech`
--
ALTER TABLE `coupon_detail_sbTech`
  ADD PRIMARY KEY (`id`),
  ADD KEY `coupon_detail_sbtech_site_id_foreign` (`site_id`),
  ADD KEY `coupon_detail_sbtech_user_id_foreign` (`user_id`),
  ADD KEY `coupon_detail_sbtech_coupon_id_foreign` (`coupon_id`);

--
-- Indexes for table `currency`
--
ALTER TABLE `currency`
  ADD PRIMARY KEY (`id`);

--
-- Indexes for table `eco_listener`
--
ALTER TABLE `eco_listener`
  ADD PRIMARY KEY (`id`),
  ADD KEY `eco_listener_site_id_foreign` (`site_id`),
  ADD KEY `eco_listener_user_id_foreign` (`user_id`);

--
-- Indexes for table `eventbet_profit`
--
ALTER TABLE `eventbet_profit`
  ADD PRIMARY KEY (`id`),
  ADD KEY `eventbet_profit_site_id_foreign` (`site_id`);

--
-- Indexes for table `failed_jobs`
--
ALTER TABLE `failed_jobs`
  ADD PRIMARY KEY (`id`);

--
-- Indexes for table `favorite_league`
--
ALTER TABLE `favorite_league`
  ADD PRIMARY KEY (`id`),
  ADD KEY `favorite_league_site_id_foreign` (`site_id`);

--
-- Indexes for table `favourite_game_user`
--
ALTER TABLE `favourite_game_user`
  ADD PRIMARY KEY (`id`),
  ADD KEY `favourite_game_user_site_id_foreign` (`site_id`),
  ADD KEY `favourite_game_user_user_id_foreign` (`user_id`);

--
-- Indexes for table `gaming1x2_request`
--
ALTER TABLE `gaming1x2_request`
  ADD PRIMARY KEY (`id`);

--
-- Indexes for table `iceland_site`
--
ALTER TABLE `iceland_site`
  ADD PRIMARY KEY (`id`);

--
-- Indexes for table `iceland_site_menu`
--
ALTER TABLE `iceland_site_menu`
  ADD PRIMARY KEY (`iceland_site_id`,`menu_id`),
  ADD KEY `iceland_site_menu_menu_id_foreign` (`menu_id`);

--
-- Indexes for table `image`
--
ALTER TABLE `image`
  ADD PRIMARY KEY (`id`),
  ADD KEY `image_site_id_foreign` (`site_id`);

--
-- Indexes for table `ip_list`
--
ALTER TABLE `ip_list`
  ADD PRIMARY KEY (`id`),
  ADD KEY `ip_list_site_id_foreign` (`site_id`),
  ADD KEY `ip_list_user_id_foreign` (`user_id`);

--
-- Indexes for table `jobs`
--
ALTER TABLE `jobs`
  ADD PRIMARY KEY (`id`),
  ADD KEY `jobs_queue_reserved_reserved_at_index` (`queue`,`reserved`,`reserved_at`);

--
-- Indexes for table `leaguebet_profit`
--
ALTER TABLE `leaguebet_profit`
  ADD PRIMARY KEY (`id`),
  ADD KEY `leaguebet_profit_site_id_foreign` (`site_id`);

--
-- Indexes for table `login_fail`
--
ALTER TABLE `login_fail`
  ADD PRIMARY KEY (`id`),
  ADD KEY `login_fail_site_id_foreign` (`site_id`);

--
-- Indexes for table `menu`
--
ALTER TABLE `menu`
  ADD PRIMARY KEY (`id`);

--
-- Indexes for table `money_transaction`
--
ALTER TABLE `money_transaction`
  ADD PRIMARY KEY (`id`),
  ADD KEY `money_transaction_site_id_foreign` (`site_id`);

--
-- Indexes for table `netent_request`
--
ALTER TABLE `netent_request`
  ADD PRIMARY KEY (`id`);

--
-- Indexes for table `operator_notification`
--
ALTER TABLE `operator_notification`
  ADD PRIMARY KEY (`id`),
  ADD KEY `operator_notification_site_id_foreign` (`site_id`),
  ADD KEY `operator_notification_user_id_foreign` (`user_id`);

--
-- Indexes for table `outcomebet_profit`
--
ALTER TABLE `outcomebet_profit`
  ADD PRIMARY KEY (`id`),
  ADD KEY `outcomebet_profit_site_id_foreign` (`site_id`);

--
-- Indexes for table `page_content`
--
ALTER TABLE `page_content`
  ADD PRIMARY KEY (`id`),
  ADD KEY `page_content_site_id_foreign` (`site_id`);

--
-- Indexes for table `password_resets`
--
ALTER TABLE `password_resets`
  ADD PRIMARY KEY (`id`);

--
-- Indexes for table `payment`
--
ALTER TABLE `payment`
  ADD PRIMARY KEY (`id`),
  ADD KEY `payment_site_id_foreign` (`site_id`),
  ADD KEY `payment_user_id_foreign` (`user_id`),
  ADD KEY `payment_bank_type_id_foreign` (`bank_type_id`),
  ADD KEY `payment_money_transaction_id_foreign` (`money_transaction_id`);

--
-- Indexes for table `permission`
--
ALTER TABLE `permission`
  ADD PRIMARY KEY (`id`);

--
-- Indexes for table `permission_user`
--
ALTER TABLE `permission_user`
  ADD PRIMARY KEY (`user_id`,`permission_id`);

--
-- Indexes for table `promotion`
--
ALTER TABLE `promotion`
  ADD PRIMARY KEY (`id`),
  ADD KEY `promotion_site_id_foreign` (`site_id`);

--
-- Indexes for table `rake_asia`
--
ALTER TABLE `rake_asia`
  ADD PRIMARY KEY (`id`),
  ADD KEY `rake_asia_site_id_foreign` (`site_id`),
  ADD KEY `rake_asia_user_id_foreign` (`user_id`);

--
-- Indexes for table `rake_asia_seka`
--
ALTER TABLE `rake_asia_seka`
  ADD PRIMARY KEY (`id`);

--
-- Indexes for table `rake_klas`
--
ALTER TABLE `rake_klas`
  ADD PRIMARY KEY (`id`),
  ADD KEY `rake_klas_site_id_foreign` (`site_id`),
  ADD KEY `rake_klas_user_id_foreign` (`user_id`);

--
-- Indexes for table `rake_setting`
--
ALTER TABLE `rake_setting`
  ADD PRIMARY KEY (`id`),
  ADD KEY `rake_setting_site_id_foreign` (`site_id`),
  ADD KEY `rake_setting_user_id_foreign` (`user_id`);

--
-- Indexes for table `request_sbTech`
--
ALTER TABLE `request_sbTech`
  ADD PRIMARY KEY (`id`);

--
-- Indexes for table `reserve`
--
ALTER TABLE `reserve`
  ADD PRIMARY KEY (`id`);

--
-- Indexes for table `result`
--
ALTER TABLE `result`
  ADD PRIMARY KEY (`id`);

--
-- Indexes for table `risk_user`
--
ALTER TABLE `risk_user`
  ADD PRIMARY KEY (`id`),
  ADD KEY `risk_user_site_id_foreign` (`site_id`),
  ADD KEY `risk_user_user_id_foreign` (`user_id`);

--
-- Indexes for table `sbTech_transaction`
--
ALTER TABLE `sbTech_transaction`
  ADD PRIMARY KEY (`id`);

--
-- Indexes for table `score`
--
ALTER TABLE `score`
  ADD PRIMARY KEY (`id`);

--
-- Indexes for table `setting`
--
ALTER TABLE `setting`
  ADD PRIMARY KEY (`id`),
  ADD KEY `setting_site_id_foreign` (`site_id`);

--
-- Indexes for table `slider`
--
ALTER TABLE `slider`
  ADD PRIMARY KEY (`id`),
  ADD KEY `slider_site_id_foreign` (`site_id`);

--
-- Indexes for table `transaction`
--
ALTER TABLE `transaction`
  ADD PRIMARY KEY (`id`),
  ADD KEY `transaction_site_id_foreign` (`site_id`),
  ADD KEY `transaction_user_id_foreign` (`user_id`),
  ADD KEY `transaction_transaction_type_id_foreign` (`transaction_type_id`);

--
-- Indexes for table `transaction_casino`
--
ALTER TABLE `transaction_casino`
  ADD PRIMARY KEY (`id`),
  ADD KEY `transaction_casino_site_id_foreign` (`site_id`),
  ADD KEY `transaction_casino_user_id_foreign` (`user_id`),
  ADD KEY `transaction_casino_transaction_id_foreign` (`transaction_id`),
  ADD KEY `transaction_casino_transaction_type_id_foreign` (`transaction_type_id`);

--
-- Indexes for table `transaction_type`
--
ALTER TABLE `transaction_type`
  ADD PRIMARY KEY (`id`);

--
-- Indexes for table `user`
--
ALTER TABLE `user`
  ADD PRIMARY KEY (`id`),
  ADD KEY `user_site_id_foreign` (`site_id`);

--
-- Indexes for table `user_alert`
--
ALTER TABLE `user_alert`
  ADD PRIMARY KEY (`id`),
  ADD KEY `user_alert_site_id_foreign` (`site_id`),
  ADD KEY `user_alert_user_id_foreign` (`user_id`);

--
-- Indexes for table `user_chase`
--
ALTER TABLE `user_chase`
  ADD PRIMARY KEY (`id`),
  ADD KEY `user_chase_site_id_foreign` (`site_id`),
  ADD KEY `user_chase_user_id_foreign` (`user_id`);

--
-- Indexes for table `user_freespin`
--
ALTER TABLE `user_freespin`
  ADD PRIMARY KEY (`id`),
  ADD KEY `user_freespin_site_id_foreign` (`site_id`),
  ADD KEY `user_freespin_user_id_foreign` (`user_id`);

--
-- Indexes for table `user_group`
--
ALTER TABLE `user_group`
  ADD PRIMARY KEY (`id`),
  ADD KEY `user_group_site_id_foreign` (`site_id`);

--
-- Indexes for table `user_group_limit`
--
ALTER TABLE `user_group_limit`
  ADD PRIMARY KEY (`id`),
  ADD KEY `user_group_limit_site_id_foreign` (`site_id`),
  ADD KEY `user_group_limit_user_group_id_foreign` (`user_group_id`);

--
-- Indexes for table `user_limit`
--
ALTER TABLE `user_limit`
  ADD PRIMARY KEY (`id`),
  ADD KEY `user_limit_site_id_foreign` (`site_id`),
  ADD KEY `user_limit_user_id_foreign` (`user_id`);

--
-- Indexes for table `user_note`
--
ALTER TABLE `user_note`
  ADD PRIMARY KEY (`id`),
  ADD KEY `user_note_site_id_foreign` (`site_id`),
  ADD KEY `user_note_user_id_foreign` (`user_id`),
  ADD KEY `user_note_doer_id_foreign` (`doer_id`);

--
-- Indexes for table `wallet`
--
ALTER TABLE `wallet`
  ADD PRIMARY KEY (`id`),
  ADD KEY `wallet_site_id_foreign` (`site_id`),
  ADD KEY `wallet_user_id_foreign` (`user_id`);

--
-- Indexes for table `xml_bet_type`
--
ALTER TABLE `xml_bet_type`
  ADD PRIMARY KEY (`id`);

--
-- Indexes for table `xml_country`
--
ALTER TABLE `xml_country`
  ADD PRIMARY KEY (`id`);

--
-- Indexes for table `xml_event`
--
ALTER TABLE `xml_event`
  ADD PRIMARY KEY (`id`);

--
-- Indexes for table `xml_feed`
--
ALTER TABLE `xml_feed`
  ADD PRIMARY KEY (`id`);

--
-- Indexes for table `xml_league`
--
ALTER TABLE `xml_league`
  ADD PRIMARY KEY (`id`),
  ADD KEY `name` (`name`);

--
-- Indexes for table `xml_limit`
--
ALTER TABLE `xml_limit`
  ADD PRIMARY KEY (`id`),
  ADD KEY `xml_limit_site_id_foreign` (`site_id`);

--
-- Indexes for table `xml_outcome`
--
ALTER TABLE `xml_outcome`
  ADD PRIMARY KEY (`id`),
  ADD KEY `eventID` (`eventID`);

--
-- Indexes for table `xml_sport`
--
ALTER TABLE `xml_sport`
  ADD PRIMARY KEY (`id`);

--
-- Indexes for table `xml_team`
--
ALTER TABLE `xml_team`
  ADD PRIMARY KEY (`id`);

--
-- AUTO_INCREMENT for dumped tables
--

--
-- AUTO_INCREMENT for table `bank_type`
--
ALTER TABLE `bank_type`
  MODIFY `id` int(10) UNSIGNED NOT NULL AUTO_INCREMENT, AUTO_INCREMENT=53;
--
-- AUTO_INCREMENT for table `bet_clear_result`
--
ALTER TABLE `bet_clear_result`
  MODIFY `id` int(10) UNSIGNED NOT NULL AUTO_INCREMENT;
--
-- AUTO_INCREMENT for table `blacklist`
--
ALTER TABLE `blacklist`
  MODIFY `id` int(10) UNSIGNED NOT NULL AUTO_INCREMENT;
--
-- AUTO_INCREMENT for table `bonus_history`
--
ALTER TABLE `bonus_history`
  MODIFY `id` int(10) UNSIGNED NOT NULL AUTO_INCREMENT;
--
-- AUTO_INCREMENT for table `bonus_setting`
--
ALTER TABLE `bonus_setting`
  MODIFY `id` int(10) UNSIGNED NOT NULL AUTO_INCREMENT;
--
-- AUTO_INCREMENT for table `casino_category`
--
ALTER TABLE `casino_category`
  MODIFY `id` int(10) UNSIGNED NOT NULL AUTO_INCREMENT, AUTO_INCREMENT=25;
--
-- AUTO_INCREMENT for table `casino_game`
--
ALTER TABLE `casino_game`
  MODIFY `id` int(10) UNSIGNED NOT NULL AUTO_INCREMENT, AUTO_INCREMENT=86;
--
-- AUTO_INCREMENT for table `casino_provider`
--
ALTER TABLE `casino_provider`
  MODIFY `id` int(10) UNSIGNED NOT NULL AUTO_INCREMENT, AUTO_INCREMENT=25;
--
-- AUTO_INCREMENT for table `cepci`
--
ALTER TABLE `cepci`
  MODIFY `id` int(10) UNSIGNED NOT NULL AUTO_INCREMENT;
--
-- AUTO_INCREMENT for table `city`
--
ALTER TABLE `city`
  MODIFY `id` int(10) UNSIGNED NOT NULL AUTO_INCREMENT, AUTO_INCREMENT=4124;
--
-- AUTO_INCREMENT for table `cms_category`
--
ALTER TABLE `cms_category`
  MODIFY `id` int(10) UNSIGNED NOT NULL AUTO_INCREMENT;
--
-- AUTO_INCREMENT for table `cms_content`
--
ALTER TABLE `cms_content`
  MODIFY `id` int(10) UNSIGNED NOT NULL AUTO_INCREMENT;
--
-- AUTO_INCREMENT for table `contact`
--
ALTER TABLE `contact`
  MODIFY `id` int(10) UNSIGNED NOT NULL AUTO_INCREMENT;
--
-- AUTO_INCREMENT for table `core_user`
--
ALTER TABLE `core_user`
  MODIFY `id` int(10) UNSIGNED NOT NULL AUTO_INCREMENT, AUTO_INCREMENT=4;
--
-- AUTO_INCREMENT for table `country`
--
ALTER TABLE `country`
  MODIFY `id` int(10) UNSIGNED NOT NULL AUTO_INCREMENT, AUTO_INCREMENT=395;
--
-- AUTO_INCREMENT for table `coupon`
--
ALTER TABLE `coupon`
  MODIFY `id` int(10) UNSIGNED NOT NULL AUTO_INCREMENT;
--
-- AUTO_INCREMENT for table `coupon_detail`
--
ALTER TABLE `coupon_detail`
  MODIFY `id` int(10) UNSIGNED NOT NULL AUTO_INCREMENT;
--
-- AUTO_INCREMENT for table `coupon_detail_sbTech`
--
ALTER TABLE `coupon_detail_sbTech`
  MODIFY `id` int(10) UNSIGNED NOT NULL AUTO_INCREMENT;
--
-- AUTO_INCREMENT for table `currency`
--
ALTER TABLE `currency`
  MODIFY `id` int(10) UNSIGNED NOT NULL AUTO_INCREMENT, AUTO_INCREMENT=8;
--
-- AUTO_INCREMENT for table `eco_listener`
--
ALTER TABLE `eco_listener`
  MODIFY `id` int(10) UNSIGNED NOT NULL AUTO_INCREMENT;
--
-- AUTO_INCREMENT for table `eventbet_profit`
--
ALTER TABLE `eventbet_profit`
  MODIFY `id` int(10) UNSIGNED NOT NULL AUTO_INCREMENT;
--
-- AUTO_INCREMENT for table `failed_jobs`
--
ALTER TABLE `failed_jobs`
  MODIFY `id` int(10) UNSIGNED NOT NULL AUTO_INCREMENT;
--
-- AUTO_INCREMENT for table `favorite_league`
--
ALTER TABLE `favorite_league`
  MODIFY `id` int(10) UNSIGNED NOT NULL AUTO_INCREMENT;
--
-- AUTO_INCREMENT for table `favourite_game_user`
--
ALTER TABLE `favourite_game_user`
  MODIFY `id` int(10) UNSIGNED NOT NULL AUTO_INCREMENT, AUTO_INCREMENT=5;
--
-- AUTO_INCREMENT for table `gaming1x2_request`
--
ALTER TABLE `gaming1x2_request`
  MODIFY `id` int(10) UNSIGNED NOT NULL AUTO_INCREMENT, AUTO_INCREMENT=704;
--
-- AUTO_INCREMENT for table `iceland_site`
--
ALTER TABLE `iceland_site`
  MODIFY `id` int(10) UNSIGNED NOT NULL AUTO_INCREMENT, AUTO_INCREMENT=10000;
--
-- AUTO_INCREMENT for table `image`
--
ALTER TABLE `image`
  MODIFY `id` int(10) UNSIGNED NOT NULL AUTO_INCREMENT;
--
-- AUTO_INCREMENT for table `ip_list`
--
ALTER TABLE `ip_list`
  MODIFY `id` int(10) UNSIGNED NOT NULL AUTO_INCREMENT, AUTO_INCREMENT=14;
--
-- AUTO_INCREMENT for table `jobs`
--
ALTER TABLE `jobs`
  MODIFY `id` bigint(20) UNSIGNED NOT NULL AUTO_INCREMENT;
--
-- AUTO_INCREMENT for table `leaguebet_profit`
--
ALTER TABLE `leaguebet_profit`
  MODIFY `id` int(10) UNSIGNED NOT NULL AUTO_INCREMENT;
--
-- AUTO_INCREMENT for table `login_fail`
--
ALTER TABLE `login_fail`
  MODIFY `id` int(10) UNSIGNED NOT NULL AUTO_INCREMENT;
--
-- AUTO_INCREMENT for table `menu`
--
ALTER TABLE `menu`
  MODIFY `id` int(10) UNSIGNED NOT NULL AUTO_INCREMENT, AUTO_INCREMENT=53;
--
-- AUTO_INCREMENT for table `money_transaction`
--
ALTER TABLE `money_transaction`
  MODIFY `id` int(10) UNSIGNED NOT NULL AUTO_INCREMENT, AUTO_INCREMENT=61;
--
-- AUTO_INCREMENT for table `netent_request`
--
ALTER TABLE `netent_request`
  MODIFY `id` int(10) UNSIGNED NOT NULL AUTO_INCREMENT;
--
-- AUTO_INCREMENT for table `operator_notification`
--
ALTER TABLE `operator_notification`
  MODIFY `id` int(10) UNSIGNED NOT NULL AUTO_INCREMENT;
--
-- AUTO_INCREMENT for table `outcomebet_profit`
--
ALTER TABLE `outcomebet_profit`
  MODIFY `id` int(10) UNSIGNED NOT NULL AUTO_INCREMENT;
--
-- AUTO_INCREMENT for table `page_content`
--
ALTER TABLE `page_content`
  MODIFY `id` int(10) UNSIGNED NOT NULL AUTO_INCREMENT;
--
-- AUTO_INCREMENT for table `password_resets`
--
ALTER TABLE `password_resets`
  MODIFY `id` int(10) UNSIGNED NOT NULL AUTO_INCREMENT;
--
-- AUTO_INCREMENT for table `payment`
--
ALTER TABLE `payment`
  MODIFY `id` int(10) UNSIGNED NOT NULL AUTO_INCREMENT, AUTO_INCREMENT=2;
--
-- AUTO_INCREMENT for table `permission`
--
ALTER TABLE `permission`
  MODIFY `id` int(10) UNSIGNED NOT NULL AUTO_INCREMENT, AUTO_INCREMENT=119;
--
-- AUTO_INCREMENT for table `promotion`
--
ALTER TABLE `promotion`
  MODIFY `id` int(10) UNSIGNED NOT NULL AUTO_INCREMENT;
--
-- AUTO_INCREMENT for table `rake_asia`
--
ALTER TABLE `rake_asia`
  MODIFY `id` int(10) UNSIGNED NOT NULL AUTO_INCREMENT;
--
-- AUTO_INCREMENT for table `rake_asia_seka`
--
ALTER TABLE `rake_asia_seka`
  MODIFY `id` int(10) UNSIGNED NOT NULL AUTO_INCREMENT;
--
-- AUTO_INCREMENT for table `rake_klas`
--
ALTER TABLE `rake_klas`
  MODIFY `id` int(10) UNSIGNED NOT NULL AUTO_INCREMENT;
--
-- AUTO_INCREMENT for table `rake_setting`
--
ALTER TABLE `rake_setting`
  MODIFY `id` int(10) UNSIGNED NOT NULL AUTO_INCREMENT, AUTO_INCREMENT=21;
--
-- AUTO_INCREMENT for table `request_sbTech`
--
ALTER TABLE `request_sbTech`
  MODIFY `id` int(10) UNSIGNED NOT NULL AUTO_INCREMENT;
--
-- AUTO_INCREMENT for table `reserve`
--
ALTER TABLE `reserve`
  MODIFY `id` int(10) UNSIGNED NOT NULL AUTO_INCREMENT;
--
-- AUTO_INCREMENT for table `result`
--
ALTER TABLE `result`
  MODIFY `id` int(10) UNSIGNED NOT NULL AUTO_INCREMENT;
--
-- AUTO_INCREMENT for table `risk_user`
--
ALTER TABLE `risk_user`
  MODIFY `id` int(10) UNSIGNED NOT NULL AUTO_INCREMENT, AUTO_INCREMENT=56;
--
-- AUTO_INCREMENT for table `sbTech_transaction`
--
ALTER TABLE `sbTech_transaction`
  MODIFY `id` int(10) UNSIGNED NOT NULL AUTO_INCREMENT;
--
-- AUTO_INCREMENT for table `score`
--
ALTER TABLE `score`
  MODIFY `id` int(10) UNSIGNED NOT NULL AUTO_INCREMENT;
--
-- AUTO_INCREMENT for table `setting`
--
ALTER TABLE `setting`
  MODIFY `id` int(10) UNSIGNED NOT NULL AUTO_INCREMENT, AUTO_INCREMENT=79;
--
-- AUTO_INCREMENT for table `slider`
--
ALTER TABLE `slider`
  MODIFY `id` int(10) UNSIGNED NOT NULL AUTO_INCREMENT;
--
-- AUTO_INCREMENT for table `transaction`
--
ALTER TABLE `transaction`
  MODIFY `id` int(10) UNSIGNED NOT NULL AUTO_INCREMENT, AUTO_INCREMENT=18;
--
-- AUTO_INCREMENT for table `transaction_casino`
--
ALTER TABLE `transaction_casino`
  MODIFY `id` int(10) UNSIGNED NOT NULL AUTO_INCREMENT, AUTO_INCREMENT=14;
--
-- AUTO_INCREMENT for table `transaction_type`
--
ALTER TABLE `transaction_type`
  MODIFY `id` int(10) UNSIGNED NOT NULL AUTO_INCREMENT, AUTO_INCREMENT=41;
--
-- AUTO_INCREMENT for table `user`
--
ALTER TABLE `user`
  MODIFY `id` int(10) UNSIGNED NOT NULL AUTO_INCREMENT, AUTO_INCREMENT=11044;
--
-- AUTO_INCREMENT for table `user_alert`
--
ALTER TABLE `user_alert`
  MODIFY `id` int(10) UNSIGNED NOT NULL AUTO_INCREMENT;
--
-- AUTO_INCREMENT for table `user_chase`
--
ALTER TABLE `user_chase`
  MODIFY `id` int(10) UNSIGNED NOT NULL AUTO_INCREMENT;
--
-- AUTO_INCREMENT for table `user_freespin`
--
ALTER TABLE `user_freespin`
  MODIFY `id` int(10) UNSIGNED NOT NULL AUTO_INCREMENT;
--
-- AUTO_INCREMENT for table `user_group`
--
ALTER TABLE `user_group`
  MODIFY `id` int(10) UNSIGNED NOT NULL AUTO_INCREMENT;
--
-- AUTO_INCREMENT for table `user_group_limit`
--
ALTER TABLE `user_group_limit`
  MODIFY `id` int(10) UNSIGNED NOT NULL AUTO_INCREMENT;
--
-- AUTO_INCREMENT for table `user_limit`
--
ALTER TABLE `user_limit`
  MODIFY `id` int(10) UNSIGNED NOT NULL AUTO_INCREMENT;
--
-- AUTO_INCREMENT for table `user_note`
--
ALTER TABLE `user_note`
  MODIFY `id` int(10) UNSIGNED NOT NULL AUTO_INCREMENT;
--
-- AUTO_INCREMENT for table `wallet`
--
ALTER TABLE `wallet`
  MODIFY `id` int(10) UNSIGNED NOT NULL AUTO_INCREMENT, AUTO_INCREMENT=79;
--
-- AUTO_INCREMENT for table `xml_bet_type`
--
ALTER TABLE `xml_bet_type`
  MODIFY `id` int(10) UNSIGNED NOT NULL AUTO_INCREMENT, AUTO_INCREMENT=1219;
--
-- AUTO_INCREMENT for table `xml_country`
--
ALTER TABLE `xml_country`
  MODIFY `id` int(10) UNSIGNED NOT NULL AUTO_INCREMENT, AUTO_INCREMENT=1400;
--
-- AUTO_INCREMENT for table `xml_event`
--
ALTER TABLE `xml_event`
  MODIFY `id` int(10) UNSIGNED NOT NULL AUTO_INCREMENT;
--
-- AUTO_INCREMENT for table `xml_feed`
--
ALTER TABLE `xml_feed`
  MODIFY `id` int(10) UNSIGNED NOT NULL AUTO_INCREMENT;
--
-- AUTO_INCREMENT for table `xml_league`
--
ALTER TABLE `xml_league`
  MODIFY `id` int(10) UNSIGNED NOT NULL AUTO_INCREMENT;
--
-- AUTO_INCREMENT for table `xml_limit`
--
ALTER TABLE `xml_limit`
  MODIFY `id` int(10) UNSIGNED NOT NULL AUTO_INCREMENT;
--
-- AUTO_INCREMENT for table `xml_outcome`
--
ALTER TABLE `xml_outcome`
  MODIFY `id` int(10) UNSIGNED NOT NULL AUTO_INCREMENT;
--
-- AUTO_INCREMENT for table `xml_sport`
--
ALTER TABLE `xml_sport`
  MODIFY `id` int(10) UNSIGNED NOT NULL AUTO_INCREMENT, AUTO_INCREMENT=119;
--
-- AUTO_INCREMENT for table `xml_team`
--
ALTER TABLE `xml_team`
  MODIFY `id` int(10) UNSIGNED NOT NULL AUTO_INCREMENT;
--
-- Constraints for dumped tables
--

--
-- Constraints for table `bank_type`
--
ALTER TABLE `bank_type`
  ADD CONSTRAINT `bank_type_site_id_foreign` FOREIGN KEY (`site_id`) REFERENCES `iceland_site` (`id`) ON DELETE CASCADE;

--
-- Constraints for table `blacklist`
--
ALTER TABLE `blacklist`
  ADD CONSTRAINT `blacklist_doer_id_foreign` FOREIGN KEY (`doer_id`) REFERENCES `user` (`id`) ON DELETE CASCADE,
  ADD CONSTRAINT `blacklist_site_id_foreign` FOREIGN KEY (`site_id`) REFERENCES `iceland_site` (`id`) ON DELETE CASCADE,
  ADD CONSTRAINT `blacklist_user_id_foreign` FOREIGN KEY (`user_id`) REFERENCES `user` (`id`) ON DELETE CASCADE;

--
-- Constraints for table `bonus_history`
--
ALTER TABLE `bonus_history`
  ADD CONSTRAINT `bonus_history_bonus_id_foreign` FOREIGN KEY (`bonus_id`) REFERENCES `bonus_setting` (`id`) ON DELETE CASCADE,
  ADD CONSTRAINT `bonus_history_doer_id_foreign` FOREIGN KEY (`doer_id`) REFERENCES `user` (`id`) ON DELETE CASCADE,
  ADD CONSTRAINT `bonus_history_site_id_foreign` FOREIGN KEY (`site_id`) REFERENCES `iceland_site` (`id`) ON DELETE CASCADE,
  ADD CONSTRAINT `bonus_history_transaction_id_foreign` FOREIGN KEY (`transaction_id`) REFERENCES `transaction` (`id`) ON DELETE CASCADE,
  ADD CONSTRAINT `bonus_history_user_id_foreign` FOREIGN KEY (`user_id`) REFERENCES `user` (`id`) ON DELETE CASCADE;

--
-- Constraints for table `bonus_setting`
--
ALTER TABLE `bonus_setting`
  ADD CONSTRAINT `bonus_setting_site_id_foreign` FOREIGN KEY (`site_id`) REFERENCES `iceland_site` (`id`) ON DELETE CASCADE;

--
-- Constraints for table `casino_category`
--
ALTER TABLE `casino_category`
  ADD CONSTRAINT `casino_category_site_id_foreign` FOREIGN KEY (`site_id`) REFERENCES `iceland_site` (`id`) ON DELETE CASCADE;

--
-- Constraints for table `casino_game`
--
ALTER TABLE `casino_game`
  ADD CONSTRAINT `casino_game_casino_provider_id_foreign` FOREIGN KEY (`casino_provider_id`) REFERENCES `casino_provider` (`id`) ON DELETE CASCADE,
  ADD CONSTRAINT `casino_game_category_id_foreign` FOREIGN KEY (`category_id`) REFERENCES `casino_category` (`id`) ON DELETE CASCADE,
  ADD CONSTRAINT `casino_game_site_id_foreign` FOREIGN KEY (`site_id`) REFERENCES `iceland_site` (`id`) ON DELETE CASCADE;

--
-- Constraints for table `casino_provider`
--
ALTER TABLE `casino_provider`
  ADD CONSTRAINT `casino_provider_site_id_foreign` FOREIGN KEY (`site_id`) REFERENCES `iceland_site` (`id`) ON DELETE CASCADE;

--
-- Constraints for table `cepci`
--
ALTER TABLE `cepci`
  ADD CONSTRAINT `cepci_site_id_foreign` FOREIGN KEY (`site_id`) REFERENCES `iceland_site` (`id`) ON DELETE CASCADE;

--
-- Constraints for table `cms_category`
--
ALTER TABLE `cms_category`
  ADD CONSTRAINT `cms_category_site_id_foreign` FOREIGN KEY (`site_id`) REFERENCES `iceland_site` (`id`) ON DELETE CASCADE;

--
-- Constraints for table `cms_content`
--
ALTER TABLE `cms_content`
  ADD CONSTRAINT `cms_content_cms_category_id_foreign` FOREIGN KEY (`cms_category_id`) REFERENCES `cms_category` (`id`) ON DELETE CASCADE,
  ADD CONSTRAINT `cms_content_site_id_foreign` FOREIGN KEY (`site_id`) REFERENCES `iceland_site` (`id`) ON DELETE CASCADE;

--
-- Constraints for table `contact`
--
ALTER TABLE `contact`
  ADD CONSTRAINT `contact_from_foreign` FOREIGN KEY (`from`) REFERENCES `user` (`id`) ON DELETE CASCADE,
  ADD CONSTRAINT `contact_site_id_foreign` FOREIGN KEY (`site_id`) REFERENCES `iceland_site` (`id`) ON DELETE CASCADE,
  ADD CONSTRAINT `contact_to_foreign` FOREIGN KEY (`to`) REFERENCES `user` (`id`) ON DELETE CASCADE;

--
-- Constraints for table `coupon`
--
ALTER TABLE `coupon`
  ADD CONSTRAINT `coupon_site_id_foreign` FOREIGN KEY (`site_id`) REFERENCES `iceland_site` (`id`) ON DELETE CASCADE,
  ADD CONSTRAINT `coupon_transaction_id_foreign` FOREIGN KEY (`transaction_id`) REFERENCES `transaction` (`id`) ON DELETE CASCADE,
  ADD CONSTRAINT `coupon_user_id_foreign` FOREIGN KEY (`user_id`) REFERENCES `user` (`id`) ON DELETE CASCADE;

--
-- Constraints for table `coupon_detail`
--
ALTER TABLE `coupon_detail`
  ADD CONSTRAINT `coupon_detail_coupon_id_foreign` FOREIGN KEY (`coupon_id`) REFERENCES `coupon` (`id`) ON DELETE CASCADE,
  ADD CONSTRAINT `coupon_detail_site_id_foreign` FOREIGN KEY (`site_id`) REFERENCES `iceland_site` (`id`) ON DELETE CASCADE,
  ADD CONSTRAINT `coupon_detail_user_id_foreign` FOREIGN KEY (`user_id`) REFERENCES `user` (`id`) ON DELETE CASCADE;

--
-- Constraints for table `coupon_detail_sbTech`
--
ALTER TABLE `coupon_detail_sbTech`
  ADD CONSTRAINT `coupon_detail_sbtech_coupon_id_foreign` FOREIGN KEY (`coupon_id`) REFERENCES `coupon` (`id`) ON DELETE CASCADE,
  ADD CONSTRAINT `coupon_detail_sbtech_site_id_foreign` FOREIGN KEY (`site_id`) REFERENCES `iceland_site` (`id`) ON DELETE CASCADE,
  ADD CONSTRAINT `coupon_detail_sbtech_user_id_foreign` FOREIGN KEY (`user_id`) REFERENCES `user` (`id`) ON DELETE CASCADE;

--
-- Constraints for table `eco_listener`
--
ALTER TABLE `eco_listener`
  ADD CONSTRAINT `eco_listener_site_id_foreign` FOREIGN KEY (`site_id`) REFERENCES `iceland_site` (`id`) ON DELETE CASCADE,
  ADD CONSTRAINT `eco_listener_user_id_foreign` FOREIGN KEY (`user_id`) REFERENCES `user` (`id`) ON DELETE CASCADE;

--
-- Constraints for table `eventbet_profit`
--
ALTER TABLE `eventbet_profit`
  ADD CONSTRAINT `eventbet_profit_site_id_foreign` FOREIGN KEY (`site_id`) REFERENCES `iceland_site` (`id`) ON DELETE CASCADE;

--
-- Constraints for table `favorite_league`
--
ALTER TABLE `favorite_league`
  ADD CONSTRAINT `favorite_league_site_id_foreign` FOREIGN KEY (`site_id`) REFERENCES `iceland_site` (`id`) ON DELETE CASCADE;

--
-- Constraints for table `favourite_game_user`
--
ALTER TABLE `favourite_game_user`
  ADD CONSTRAINT `favourite_game_user_site_id_foreign` FOREIGN KEY (`site_id`) REFERENCES `iceland_site` (`id`) ON DELETE CASCADE,
  ADD CONSTRAINT `favourite_game_user_user_id_foreign` FOREIGN KEY (`user_id`) REFERENCES `user` (`id`) ON DELETE CASCADE;

--
-- Constraints for table `iceland_site_menu`
--
ALTER TABLE `iceland_site_menu`
  ADD CONSTRAINT `iceland_site_menu_iceland_site_id_foreign` FOREIGN KEY (`iceland_site_id`) REFERENCES `iceland_site` (`id`) ON DELETE CASCADE,
  ADD CONSTRAINT `iceland_site_menu_menu_id_foreign` FOREIGN KEY (`menu_id`) REFERENCES `menu` (`id`) ON DELETE CASCADE;

--
-- Constraints for table `image`
--
ALTER TABLE `image`
  ADD CONSTRAINT `image_site_id_foreign` FOREIGN KEY (`site_id`) REFERENCES `iceland_site` (`id`) ON DELETE CASCADE;

--
-- Constraints for table `ip_list`
--
ALTER TABLE `ip_list`
  ADD CONSTRAINT `ip_list_site_id_foreign` FOREIGN KEY (`site_id`) REFERENCES `iceland_site` (`id`) ON DELETE CASCADE,
  ADD CONSTRAINT `ip_list_user_id_foreign` FOREIGN KEY (`user_id`) REFERENCES `user` (`id`) ON DELETE CASCADE;

--
-- Constraints for table `leaguebet_profit`
--
ALTER TABLE `leaguebet_profit`
  ADD CONSTRAINT `leaguebet_profit_site_id_foreign` FOREIGN KEY (`site_id`) REFERENCES `iceland_site` (`id`) ON DELETE CASCADE;

--
-- Constraints for table `login_fail`
--
ALTER TABLE `login_fail`
  ADD CONSTRAINT `login_fail_site_id_foreign` FOREIGN KEY (`site_id`) REFERENCES `iceland_site` (`id`) ON DELETE CASCADE;

--
-- Constraints for table `money_transaction`
--
ALTER TABLE `money_transaction`
  ADD CONSTRAINT `money_transaction_site_id_foreign` FOREIGN KEY (`site_id`) REFERENCES `iceland_site` (`id`) ON DELETE CASCADE;

--
-- Constraints for table `operator_notification`
--
ALTER TABLE `operator_notification`
  ADD CONSTRAINT `operator_notification_site_id_foreign` FOREIGN KEY (`site_id`) REFERENCES `iceland_site` (`id`) ON DELETE CASCADE,
  ADD CONSTRAINT `operator_notification_user_id_foreign` FOREIGN KEY (`user_id`) REFERENCES `user` (`id`) ON DELETE CASCADE;

--
-- Constraints for table `outcomebet_profit`
--
ALTER TABLE `outcomebet_profit`
  ADD CONSTRAINT `outcomebet_profit_site_id_foreign` FOREIGN KEY (`site_id`) REFERENCES `iceland_site` (`id`) ON DELETE CASCADE;

--
-- Constraints for table `page_content`
--
ALTER TABLE `page_content`
  ADD CONSTRAINT `page_content_site_id_foreign` FOREIGN KEY (`site_id`) REFERENCES `iceland_site` (`id`) ON DELETE CASCADE;

--
-- Constraints for table `payment`
--
ALTER TABLE `payment`
  ADD CONSTRAINT `payment_bank_type_id_foreign` FOREIGN KEY (`bank_type_id`) REFERENCES `bank_type` (`id`) ON DELETE CASCADE,
  ADD CONSTRAINT `payment_money_transaction_id_foreign` FOREIGN KEY (`money_transaction_id`) REFERENCES `money_transaction` (`id`) ON DELETE CASCADE,
  ADD CONSTRAINT `payment_site_id_foreign` FOREIGN KEY (`site_id`) REFERENCES `iceland_site` (`id`) ON DELETE CASCADE,
  ADD CONSTRAINT `payment_user_id_foreign` FOREIGN KEY (`user_id`) REFERENCES `user` (`id`) ON DELETE CASCADE;

--
-- Constraints for table `promotion`
--
ALTER TABLE `promotion`
  ADD CONSTRAINT `promotion_site_id_foreign` FOREIGN KEY (`site_id`) REFERENCES `iceland_site` (`id`) ON DELETE CASCADE;

--
-- Constraints for table `rake_asia`
--
ALTER TABLE `rake_asia`
  ADD CONSTRAINT `rake_asia_site_id_foreign` FOREIGN KEY (`site_id`) REFERENCES `iceland_site` (`id`) ON DELETE CASCADE,
  ADD CONSTRAINT `rake_asia_user_id_foreign` FOREIGN KEY (`user_id`) REFERENCES `user` (`id`) ON DELETE CASCADE;

--
-- Constraints for table `rake_klas`
--
ALTER TABLE `rake_klas`
  ADD CONSTRAINT `rake_klas_site_id_foreign` FOREIGN KEY (`site_id`) REFERENCES `iceland_site` (`id`) ON DELETE CASCADE,
  ADD CONSTRAINT `rake_klas_user_id_foreign` FOREIGN KEY (`user_id`) REFERENCES `user` (`id`) ON DELETE CASCADE;

--
-- Constraints for table `rake_setting`
--
ALTER TABLE `rake_setting`
  ADD CONSTRAINT `rake_setting_site_id_foreign` FOREIGN KEY (`site_id`) REFERENCES `iceland_site` (`id`) ON DELETE CASCADE,
  ADD CONSTRAINT `rake_setting_user_id_foreign` FOREIGN KEY (`user_id`) REFERENCES `user` (`id`) ON DELETE CASCADE;

--
-- Constraints for table `risk_user`
--
ALTER TABLE `risk_user`
  ADD CONSTRAINT `risk_user_site_id_foreign` FOREIGN KEY (`site_id`) REFERENCES `iceland_site` (`id`) ON DELETE CASCADE,
  ADD CONSTRAINT `risk_user_user_id_foreign` FOREIGN KEY (`user_id`) REFERENCES `user` (`id`) ON DELETE CASCADE;

--
-- Constraints for table `setting`
--
ALTER TABLE `setting`
  ADD CONSTRAINT `setting_site_id_foreign` FOREIGN KEY (`site_id`) REFERENCES `iceland_site` (`id`) ON DELETE CASCADE;

--
-- Constraints for table `slider`
--
ALTER TABLE `slider`
  ADD CONSTRAINT `slider_site_id_foreign` FOREIGN KEY (`site_id`) REFERENCES `iceland_site` (`id`) ON DELETE CASCADE;

--
-- Constraints for table `transaction`
--
ALTER TABLE `transaction`
  ADD CONSTRAINT `transaction_site_id_foreign` FOREIGN KEY (`site_id`) REFERENCES `iceland_site` (`id`) ON DELETE CASCADE,
  ADD CONSTRAINT `transaction_transaction_type_id_foreign` FOREIGN KEY (`transaction_type_id`) REFERENCES `transaction_type` (`id`) ON DELETE CASCADE,
  ADD CONSTRAINT `transaction_user_id_foreign` FOREIGN KEY (`user_id`) REFERENCES `user` (`id`) ON DELETE CASCADE;

--
-- Constraints for table `transaction_casino`
--
ALTER TABLE `transaction_casino`
  ADD CONSTRAINT `transaction_casino_site_id_foreign` FOREIGN KEY (`site_id`) REFERENCES `iceland_site` (`id`) ON DELETE CASCADE,
  ADD CONSTRAINT `transaction_casino_transaction_id_foreign` FOREIGN KEY (`transaction_id`) REFERENCES `transaction` (`id`) ON DELETE CASCADE,
  ADD CONSTRAINT `transaction_casino_transaction_type_id_foreign` FOREIGN KEY (`transaction_type_id`) REFERENCES `transaction_type` (`id`) ON DELETE CASCADE,
  ADD CONSTRAINT `transaction_casino_user_id_foreign` FOREIGN KEY (`user_id`) REFERENCES `user` (`id`) ON DELETE CASCADE;

--
-- Constraints for table `user`
--
ALTER TABLE `user`
  ADD CONSTRAINT `user_site_id_foreign` FOREIGN KEY (`site_id`) REFERENCES `iceland_site` (`id`) ON DELETE CASCADE;

--
-- Constraints for table `user_alert`
--
ALTER TABLE `user_alert`
  ADD CONSTRAINT `user_alert_site_id_foreign` FOREIGN KEY (`site_id`) REFERENCES `iceland_site` (`id`) ON DELETE CASCADE,
  ADD CONSTRAINT `user_alert_user_id_foreign` FOREIGN KEY (`user_id`) REFERENCES `user` (`id`) ON DELETE CASCADE;

--
-- Constraints for table `user_chase`
--
ALTER TABLE `user_chase`
  ADD CONSTRAINT `user_chase_site_id_foreign` FOREIGN KEY (`site_id`) REFERENCES `iceland_site` (`id`) ON DELETE CASCADE,
  ADD CONSTRAINT `user_chase_user_id_foreign` FOREIGN KEY (`user_id`) REFERENCES `user` (`id`) ON DELETE CASCADE;

--
-- Constraints for table `user_freespin`
--
ALTER TABLE `user_freespin`
  ADD CONSTRAINT `user_freespin_site_id_foreign` FOREIGN KEY (`site_id`) REFERENCES `iceland_site` (`id`) ON DELETE CASCADE,
  ADD CONSTRAINT `user_freespin_user_id_foreign` FOREIGN KEY (`user_id`) REFERENCES `user` (`id`) ON DELETE CASCADE;

--
-- Constraints for table `user_group`
--
ALTER TABLE `user_group`
  ADD CONSTRAINT `user_group_site_id_foreign` FOREIGN KEY (`site_id`) REFERENCES `iceland_site` (`id`) ON DELETE CASCADE;

--
-- Constraints for table `user_group_limit`
--
ALTER TABLE `user_group_limit`
  ADD CONSTRAINT `user_group_limit_site_id_foreign` FOREIGN KEY (`site_id`) REFERENCES `iceland_site` (`id`) ON DELETE CASCADE,
  ADD CONSTRAINT `user_group_limit_user_group_id_foreign` FOREIGN KEY (`user_group_id`) REFERENCES `user_group` (`id`) ON DELETE CASCADE;

--
-- Constraints for table `user_limit`
--
ALTER TABLE `user_limit`
  ADD CONSTRAINT `user_limit_site_id_foreign` FOREIGN KEY (`site_id`) REFERENCES `iceland_site` (`id`) ON DELETE CASCADE,
  ADD CONSTRAINT `user_limit_user_id_foreign` FOREIGN KEY (`user_id`) REFERENCES `user` (`id`) ON DELETE CASCADE;

--
-- Constraints for table `user_note`
--
ALTER TABLE `user_note`
  ADD CONSTRAINT `user_note_doer_id_foreign` FOREIGN KEY (`doer_id`) REFERENCES `user` (`id`) ON DELETE CASCADE,
  ADD CONSTRAINT `user_note_site_id_foreign` FOREIGN KEY (`site_id`) REFERENCES `iceland_site` (`id`) ON DELETE CASCADE,
  ADD CONSTRAINT `user_note_user_id_foreign` FOREIGN KEY (`user_id`) REFERENCES `user` (`id`) ON DELETE CASCADE;

--
-- Constraints for table `wallet`
--
ALTER TABLE `wallet`
  ADD CONSTRAINT `wallet_site_id_foreign` FOREIGN KEY (`site_id`) REFERENCES `iceland_site` (`id`) ON DELETE CASCADE,
  ADD CONSTRAINT `wallet_user_id_foreign` FOREIGN KEY (`user_id`) REFERENCES `user` (`id`) ON DELETE CASCADE;

--
-- Constraints for table `xml_limit`
--
ALTER TABLE `xml_limit`
  ADD CONSTRAINT `xml_limit_site_id_foreign` FOREIGN KEY (`site_id`) REFERENCES `iceland_site` (`id`) ON DELETE CASCADE;

/*!40101 SET CHARACTER_SET_CLIENT=@OLD_CHARACTER_SET_CLIENT */;
/*!40101 SET CHARACTER_SET_RESULTS=@OLD_CHARACTER_SET_RESULTS */;
/*!40101 SET COLLATION_CONNECTION=@OLD_COLLATION_CONNECTION */;
